{
  "mojo": {
    "literal_match_short": 0.00046904950000000004,
    "literal_match_long": 0.0045760125,
    "wildcard_match_any": 6.08517868338558e-07,
    "quantifier_zero_or_more": 3.3440702702702702e-06,
    "quantifier_one_or_more": 3.2371531365313653e-06,
    "quantifier_zero_or_one": 3.2973511293634496e-06,
    "range_lowercase": 0.0016566635,
    "range_digits": 0.00028776575000000003,
    "range_alphanumeric": 0.00207675,
    "predefined_digits": 0.000324355,
    "predefined_word": 0.01437249,
    "anchor_start": 4.694015486725663e-06,
    "alternation_simple": 3.2123949115044244e-06,
    "group_alternation": 3.103552407932011e-06,
    "large_8_alternations": 5.393123684210526e-05,
    "deep_nested_groups_depth4": 1.4441940000000001e-05,
    "literal_heavy_alternation": 7.5192e-05,
    "complex_group_5_children": 4.1302652173913044e-05,
    "match_all_simple": 0.004602455,
    "match_all_digits": 0.0037728712500000004,
    "literal_prefix_short": 0.00012901548183254347,
    "literal_prefix_long": 0.0013762552083333335,
    "required_literal_short": 0.00017099687010954618,
    "no_literal_baseline": 6.413486842105263e-06,
    "alternation_common_prefix": 7.244602144043485e-06,
    "complex_email": 0.0037311916666666668,
    "complex_number": 0.009512474,
    "simple_phone": 0.08736931,
    "flexible_phone": 0.0626437,
    "multi_format_phone": 0.06787292,
    "phone_validation": 0.000997347,
    "dfa_simple_phone": 0.08743611,
    "dfa_paren_phone": 0.010723719999999999,
    "dfa_dot_phone": 0.096009975,
    "dfa_digits_only": 0.09677982,
    "pure_dfa_dash": 0.00099493,
    "pure_dfa_paren": 0.00019613241666666665,
    "pure_dfa_dot": 0.00010584209090909092,
    "smart_phone_primary": 0.08653116000000001,
    "national_phone_validation": 0.0330626,
    "toll_free_simple": 0.013387650000000001,
    "toll_free_complex": 0.008293120000000001,
    "single_quantifier_digits": 0.014849565,
    "single_quantifier_alpha": 0.011082515,
    "dual_quantifiers": 0.018033666666666667,
    "triple_quantifiers": 0.01909981,
    "quad_quantifiers": 0.023139205,
    "range_quantifiers": 0.018053315,
    "mixed_range_quantifiers": 0.018002226666666666,
    "datetime_quantifiers": 0.031873175000000004,
    "flexible_datetime": 0.05156239,
    "dense_quantifiers": 0.032940800000000006,
    "ultra_dense_quantifiers": 0.03610252,
    "grouped_quantifiers": 0.026094560000000003,
    "alternation_quantifiers": 0.035321446666666666,
    "optimize_range_quantifier": 0.011401958,
    "optimize_multiple_quantifiers": 0.0509980175,
    "optimize_phone_quantifiers": 0.03343747166666666,
    "optimize_large_quantifiers": 0.00285827,
    "optimize_extreme_quantifiers": 0.0020068959999999998,
    "is_match_lowercase": 1.254173168411037e-06,
    "is_match_digits": 1.8051810344827585e-06,
    "is_match_alphanumeric": 1.2173786848072562e-06,
    "is_match_predefined_digits": 1.2966359034267912e-06,
    "is_match_predefined_word": 1.256305383936452e-06,
    "sub_literal": 0.0037468175,
    "sub_digits": 0.08282745,
    "sub_char_class": 0.13779925,
    "sub_whitespace": 0.01528558,
    "sub_limited_count": 0.017480330000000002,
    "sub_group_phone_fmt": 0.017437216666666668,
    "sub_group_date_fmt": 0.014180325,
    "sub_group_word_swap": 0.049490400000000004,
    "sparse_phone_findall": 0.0036899698412698415,
    "sparse_phone_search": 0.0027703635135135135,
    "sparse_email_findall": 0.15766745,
    "sparse_flex_phone_findall": 0.0012251962025316458,
    "nanpa_findall": 0.008329141025641026,
    "nanpa_search": 0.00024994594594594593,
    "nanpa_match_first": 1.906596875e-05
  },
  "python": {
    "literal_match_short": 0.001096234,
    "literal_match_long": 0.0138805675,
    "wildcard_match_any": 0.00500617,
    "quantifier_zero_or_more": 0.000181872,
    "quantifier_one_or_more": 0.00017630191666667,
    "quantifier_zero_or_one": 0.00025991525,
    "range_lowercase": 0.015386775,
    "range_digits": 0.10034366,
    "range_alphanumeric": 0.032486734,
    "predefined_digits": 0.38195631100000005,
    "predefined_word": 0.07010955,
    "anchor_start": 0.0003392355,
    "alternation_simple": 0.000300942,
    "group_alternation": 0.00038393925,
    "large_8_alternations": 0.000690717,
    "deep_nested_groups_depth4": 0.00037906033333333,
    "literal_heavy_alternation": 0.001196117,
    "complex_group_5_children": 0.000883022,
    "match_all_simple": 0.04854831499999999,
    "match_all_digits": 2.46457573,
    "literal_prefix_short": 0.00072199856733524,
    "literal_prefix_long": 0.06693658333333333,
    "required_literal_short": 0.00495819867549669,
    "no_literal_baseline": 0.00050001559251559,
    "alternation_common_prefix": 0.0005467427184466,
    "complex_email": 0.03706375,
    "complex_number": 0.159805274,
    "simple_phone": 1.61008669,
    "flexible_phone": 3.41308678,
    "multi_format_phone": 7.384705390000001,
    "phone_validation": 0.00060503933333333,
    "dfa_simple_phone": 1.49045728,
    "dfa_paren_phone": 0.08041396,
    "dfa_dot_phone": 1.43673452,
    "dfa_digits_only": 1.475895225,
    "national_phone_validation": 0.7582342,
    "toll_free_simple": 0.10265460000000001,
    "toll_free_complex": 0.04684640499999999,
    "single_quantifier_digits": 0.11036204999999999,
    "single_quantifier_alpha": 0.141457025,
    "dual_quantifiers": 0.14104501333333333,
    "triple_quantifiers": 0.11559362000000001,
    "quad_quantifiers": 0.11298135000000001,
    "range_quantifiers": 0.1476998,
    "mixed_range_quantifiers": 0.12620196666666667,
    "datetime_quantifiers": 0.10946377,
    "flexible_datetime": 0.11284245,
    "dense_quantifiers": 0.25667398,
    "ultra_dense_quantifiers": 0.34441428,
    "grouped_quantifiers": 0.145507875,
    "alternation_quantifiers": 0.48958485333333335,
    "optimize_range_quantifier": 0.121677225,
    "optimize_multiple_quantifiers": 0.317535935,
    "optimize_phone_quantifiers": 0.16034041333333332,
    "optimize_large_quantifiers": 0.007304105,
    "optimize_extreme_quantifiers": 0.010219156,
    "is_match_lowercase": 0.0146472445,
    "is_match_digits": 0.011394129,
    "is_match_alphanumeric": 0.022263569,
    "is_match_predefined_digits": 0.031321218,
    "is_match_predefined_word": 0.034198985,
    "sub_literal": 0.00493476,
    "sub_digits": 2.3042354000000005,
    "sub_char_class": 1.3844316,
    "sub_whitespace": 0.0975637,
    "sub_limited_count": 0.02036694,
    "sub_group_phone_fmt": 0.15042740000000002,
    "sub_group_date_fmt": 0.084292275,
    "sub_group_word_swap": 0.0570448,
    "sparse_phone_findall": 0.457766,
    "sparse_phone_search": 0.0482103,
    "sparse_email_findall": 0.3431174,
    "sparse_flex_phone_findall": 0.47526375,
    "nanpa_findall": 0.03010530555555556,
    "nanpa_search": 0.00036824727272727,
    "nanpa_match_first": 0.00025707911111111
  },
  "rust": {
    "alternation_common_prefix": 0.00185392943548387,
    "alternation_quantifiers": 0.06956466666666666,
    "alternation_simple": 2.002373404255e-05,
    "alternation_words": 2.774765625e-05,
    "anchor_end": 2.055587878788e-05,
    "anchor_start": 3.121795588235e-05,
    "complex_email_extraction": 0.00046064662698413,
    "complex_group_5_children": 6.347790909091e-05,
    "complex_number_extraction": 0.09362003199999999,
    "datetime_quantifiers": 0.06583148,
    "deep_nested_groups_depth4": 2.761240625e-05,
    "dense_quantifiers": 0.02163137,
    "dfa_digits_only": 0.05483394,
    "dfa_dot_phone": 0.04661148,
    "dfa_paren_phone": 0.01208503,
    "dfa_simple_phone": 0.061031185,
    "dual_quantifiers": 0.01662650666666667,
    "flexible_datetime": 0.03322806,
    "flexible_phone": 0.20554043,
    "group_alternation": 4.976733333333e-05,
    "group_quantified": 0.0509837,
    "grouped_quantifiers": 0.01066102,
    "is_match_alphanumeric": 1.298940625e-05,
    "is_match_digits": 3.346426190476e-05,
    "is_match_lowercase": 1.368409183673e-05,
    "is_match_predefined_digits": 1.637206756757e-05,