{
  "engine": "mojo",
  "timestamp": "2026-04-13T10:15:46.552686",
  "results": {
    "literal_match_short": {
      "time_ns": 1420.7590000000002,
      "time_ms": 0.0014207590000000002,
      "iterations": 336000,
      "engine": "DFA,"
    },
    "literal_match_long": {
      "time_ns": 17310.59525,
      "time_ms": 0.017310595249999998,
      "iterations": 28000,
      "engine": "DFA,"
    },
    "wildcard_match_any": {
      "time_ns": 1.5888989898989898,
      "time_ms": 1.5888989898989897e-06,
      "iterations": 307395000,
      "engine": "NFA,"
    },
    "quantifier_zero_or_more": {
      "time_ns": 15.730082969432317,
      "time_ms": 1.5730082969432316e-05,
      "iterations": 36182000,
      "engine": "DFA,"
    },
    "quantifier_one_or_more": {
      "time_ns": 8.358740963855421,
      "time_ms": 8.358740963855421e-06,
      "iterations": 55610000,
      "engine": "DFA,"
    },
    "quantifier_zero_or_one": {
      "time_ns": 8.878561349693253,
      "time_ms": 8.878561349693253e-06,
      "iterations": 51508000,
      "engine": "DFA,"
    },
    "range_lowercase": {
      "time_ns": 5204.155000000001,
      "time_ms": 0.005204155,
      "iterations": 96000,
      "engine": "DFA,"
    },
    "range_digits": {
      "time_ns": 736.4175,
      "time_ms": 0.0007364175,
      "iterations": 538000,
      "engine": "DFA,"
    },
    "range_alphanumeric": {
      "time_ns": 32592.115499999996,
      "time_ms": 0.0325921155,
      "iterations": 16000,
      "engine": "DFA,"
    },
    "predefined_digits": {
      "time_ns": 857.3605,
      "time_ms": 0.0008573605,
      "iterations": 596000,
      "engine": "DFA,"
    },
    "predefined_word": {
      "time_ns": 41752.373499999994,
      "time_ms": 0.041752373499999995,
      "iterations": 12000,
      "engine": "DFA,"
    },
    "anchor_start": {
      "time_ns": 12.11802688172043,
      "time_ms": 1.211802688172043e-05,
      "iterations": 39060000,
      "engine": "DFA,"
    },
    "alternation_simple": {
      "time_ns": 6.534264705882353,
      "time_ms": 6.534264705882353e-06,
      "iterations": 77928000,
      "engine": "DFA,"
    },
    "group_alternation": {
      "time_ns": 6.567161290322581,
      "time_ms": 6.567161290322581e-06,
      "iterations": 75950000,
      "engine": "DFA,"
    },
    "large_8_alternations": {
      "time_ns": 138.6035,
      "time_ms": 0.0001386035,
      "iterations": 3710000,
      "engine": "DFA,"
    },
    "deep_nested_groups_depth4": {
      "time_ns": 61.31852631578948,
      "time_ms": 6.131852631578948e-05,
      "iterations": 7923000,
      "engine": "DFA,"
    },
    "literal_heavy_alternation": {
      "time_ns": 138.19557142857144,
      "time_ms": 0.00013819557142857145,
      "iterations": 3619000,
      "engine": "DFA,"
    },
    "complex_group_5_children": {
      "time_ns": 129.00468181818184,
      "time_ms": 0.00012900468181818183,
      "iterations": 3916000,
      "engine": "DFA,"
    },
    "match_all_simple": {
      "time_ns": 10519.057499999999,
      "time_ms": 0.0105190575,
      "iterations": 46800,
      "engine": "DFA,"
    },
    "match_all_digits": {
      "time_ns": 27179.885,
      "time_ms": 0.027179884999999997,
      "iterations": 19400,
      "engine": "DFA,"
    },
    "literal_prefix_short": {
      "time_ns": 330.00848608282416,
      "time_ms": 0.0003300084860828242,
      "iterations": 1325700,
      "engine": "NFA,"
    },
    "literal_prefix_long": {
      "time_ns": 1920.4897660818713,
      "time_ms": 0.0019204897660818712,
      "iterations": 240768,
      "engine": "NFA,"
    },
    "required_literal_short": {
      "time_ns": 251.03088133240806,
      "time_ms": 0.00025103088133240806,
      "iterations": 1928058,
      "engine": "NFA+Prefilter,"
    },
    "no_literal_baseline": {
      "time_ns": 15.045477903391573,
      "time_ms": 1.5045477903391573e-05,
      "iterations": 30493820,
      "engine": "DFA,"
    },
    "alternation_common_prefix": {
      "time_ns": 11.09412861136999,
      "time_ms": 1.109412861136999e-05,
      "iterations": 43731188,
      "engine": "DFA,"
    },
    "complex_email": {
      "time_ns": 8892.833333333332,
      "time_ms": 0.008892833333333332,
      "iterations": 54720,
      "engine": "DFA,"
    },
    "complex_number": {
      "time_ns": 12247.82,
      "time_ms": 0.01224782,
      "iterations": 39500,
      "engine": "DFA,"
    },
    "simple_phone": {
      "time_ns": 127663.51000000001,
      "time_ms": 0.12766351,
      "iterations": 3500,
      "engine": "DFA,"
    },
    "flexible_phone": {
      "time_ns": 78278.93500000001,
      "time_ms": 0.07827893500000001,
      "iterations": 6000,
      "engine": "NFA,"
    },
    "multi_format_phone": {
      "time_ns": 109958.64,
      "time_ms": 0.10995864,
      "iterations": 4150,
      "engine": "NFA,"
    },
    "phone_validation": {
      "time_ns": 27.627445544554455,
      "time_ms": 2.7627445544554455e-05,
      "iterations": 16665000,
      "engine": "NFA,"
    },
    "dfa_simple_phone": {
      "time_ns": 137185.61,
      "time_ms": 0.13718560999999999,
      "iterations": 3100,
      "engine": "DFA,"
    },
    "dfa_paren_phone": {
      "time_ns": 14994.45,
      "time_ms": 0.014994450000000001,
      "iterations": 29700,
      "engine": "DFA,"
    },
    "dfa_dot_phone": {
      "time_ns": 133659.59,
      "time_ms": 0.13365959,
      "iterations": 3300,
      "engine": "DFA,"
    },
    "dfa_digits_only": {
      "time_ns": 149247.75,
      "time_ms": 0.14924775,
      "iterations": 2900,
      "engine": "DFA,"
    },
    "pure_dfa_dash": {
      "time_ns": 2608.53,
      "time_ms": 0.0026085300000000004,
      "iterations": 185000,
      "engine": "DFA,"
    },
    "pure_dfa_paren": {
      "time_ns": 387.1995,
      "time_ms": 0.0003871995,
      "iterations": 1020000,
      "engine": "DFA,"
    },
    "pure_dfa_dot": {
      "time_ns": 213.10125000000002,
      "time_ms": 0.00021310125000000002,
      "iterations": 2028000,
      "engine": "DFA,"
    },
    "smart_phone_primary": {
      "time_ns": 117985.18999999999,
      "time_ms": 0.11798518999999999,
      "iterations": 3400,
      "engine": "DFA,"
    },
    "national_phone_validation": {
      "time_ns": 44255.9,
      "time_ms": 0.0442559,
      "iterations": 9760,
      "engine": "DFA,"
    },
    "toll_free_simple": {
      "time_ns": 21017.914999999997,
      "time_ms": 0.021017914999999998,
      "iterations": 19000,
      "engine": "DFA,"
    },
    "toll_free_complex": {
      "time_ns": 12075.23,
      "time_ms": 0.01207523,
      "iterations": 37100,
      "engine": "DFA,"
    },
    "single_quantifier_digits": {
      "time_ns": 22876.895,
      "time_ms": 0.022876895,
      "iterations": 19000,
      "engine": "DFA,"
    },
    "single_quantifier_alpha": {
      "time_ns": 17655.85,
      "time_ms": 0.017655849999999997,
      "iterations": 27400,
      "engine": "DFA,"
    },
    "dual_quantifiers": {
      "time_ns": 32601.45666666667,
      "time_ms": 0.03260145666666667,
      "iterations": 13800,
      "engine": "DFA,"
    },
    "triple_quantifiers": {
      "time_ns": 34440.28,
      "time_ms": 0.03444028,
      "iterations": 14100,
      "engine": "DFA,"
    },
    "quad_quantifiers": {
      "time_ns": 36127.57,
      "time_ms": 0.03612757,
      "iterations": 13200,
      "engine": "DFA,"
    },
    "range_quantifiers": {
      "time_ns": 22980.79,
      "time_ms": 0.02298079,
      "iterations": 21100,
      "engine": "DFA,"
    },
    "mixed_range_quantifiers": {
      "time_ns": 31175.133333333335,
      "time_ms": 0.031175133333333334,
      "iterations": 15900,
      "engine": "DFA,"
    },
    "datetime_quantifiers": {
      "time_ns": 44597.54,
      "time_ms": 0.04459754,
      "iterations": 10800,
      "engine": "DFA,"
    },
    "flexible_datetime": {
      "time_ns": 95072.61,
      "time_ms": 0.09507261,
      "iterations": 5200,
      "engine": "DFA,"
    },