{
  "engine": "mojo",
  "timestamp": "2026-04-02T22:06:14.057744",
  "results": {
    "literal_match_short": {
      "time_ns": 611.0995,
      "time_ms": 0.0006110995,
      "iterations": 798000,
      "engine": "DFA,"
    },
    "literal_match_long": {
      "time_ns": 8764.981749999999,
      "time_ms": 0.00876498175,
      "iterations": 56000,
      "engine": "DFA,"
    },
    "wildcard_match_any": {
      "time_ns": 1.0727166172106823,
      "time_ms": 1.0727166172106824e-06,
      "iterations": 458994000,
      "engine": "NFA,"
    },
    "quantifier_zero_or_more": {
      "time_ns": 6.711575471698113,
      "time_ms": 6.7115754716981134e-06,
      "iterations": 71868000,
      "engine": "DFA,"
    },
    "quantifier_one_or_more": {
      "time_ns": 5.590077727952168,
      "time_ms": 5.590077727952168e-06,
      "iterations": 87639000,
      "engine": "DFA,"
    },
    "quantifier_zero_or_one": {
      "time_ns": 7.4374352078239605,
      "time_ms": 7.43743520782396e-06,
      "iterations": 65031000,
      "engine": "DFA,"
    },
    "range_lowercase": {
      "time_ns": 1835.604,
      "time_ms": 0.001835604,
      "iterations": 273000,
      "engine": "DFA,"
    },
    "range_digits": {
      "time_ns": 349.9,
      "time_ms": 0.0003499,
      "iterations": 1431000,
      "engine": "DFA,"
    },
    "range_alphanumeric": {
      "time_ns": 15930.9475,
      "time_ms": 0.0159309475,
      "iterations": 30000,
      "engine": "DFA,"
    },
    "predefined_digits": {
      "time_ns": 328.95725000000004,
      "time_ms": 0.00032895725000000003,
      "iterations": 1400000,
      "engine": "DFA,"
    },
    "predefined_word": {
      "time_ns": 15730.790500000001,
      "time_ms": 0.0157307905,
      "iterations": 30000,
      "engine": "DFA,"
    },
    "anchor_start": {
      "time_ns": 10.0647375,
      "time_ms": 1.00647375e-05,
      "iterations": 47520000,
      "engine": "DFA,"
    },
    "alternation_simple": {
      "time_ns": 5.809572739187417,
      "time_ms": 5.809572739187418e-06,
      "iterations": 82404000,
      "engine": "DFA,"
    },
    "group_alternation": {
      "time_ns": 6.005379603399433,
      "time_ms": 6.005379603399433e-06,
      "iterations": 74483000,
      "engine": "DFA,"
    },
    "large_8_alternations": {
      "time_ns": 137.8159090909091,
      "time_ms": 0.00013781590909090909,
      "iterations": 3421000,
      "engine": "DFA,"
    },
    "deep_nested_groups_depth4": {
      "time_ns": 47.073800000000006,
      "time_ms": 4.70738e-05,
      "iterations": 10920000,
      "engine": "DFA,"
    },
    "literal_heavy_alternation": {
      "time_ns": 130.77275,
      "time_ms": 0.00013077275,
      "iterations": 3672000,
      "engine": "DFA,"
    },
    "complex_group_5_children": {
      "time_ns": 93.64668750000001,
      "time_ms": 9.364668750000001e-05,
      "iterations": 5008000,
      "engine": "DFA,"
    },
    "match_all_simple": {
      "time_ns": 6818.7275,
      "time_ms": 0.0068187275,
      "iterations": 71200,
      "engine": "DFA,"
    },
    "match_all_digits": {
      "time_ns": 3261.3075000000003,
      "time_ms": 0.0032613075000000004,
      "iterations": 153600,
      "engine": "DFA,"
    },
    "literal_prefix_short": {
      "time_ns": 162.11507936507934,
      "time_ms": 0.00016211507936507934,
      "iterations": 3236940,
      "engine": "NFA,"
    },
    "literal_prefix_long": {
      "time_ns": 1354.9481481481482,
      "time_ms": 0.0013549481481481482,
      "iterations": 338985,
      "engine": "NFA,"
    },
    "required_literal_short": {
      "time_ns": 190.26455301455303,
      "time_ms": 0.00019026455301455303,
      "iterations": 2474264,
      "engine": "NFA+Prefilter,"
    },
    "no_literal_baseline": {
      "time_ns": 7.06819517930629,
      "time_ms": 7.06819517930629e-06,
      "iterations": 71452206,
      "engine": "DFA,"
    },
    "alternation_common_prefix": {
      "time_ns": 18.78713649462929,
      "time_ms": 1.878713649462929e-05,
      "iterations": 26398372,
      "engine": "DFA,"
    },
    "complex_email": {
      "time_ns": 5765.558333333333,
      "time_ms": 0.005765558333333334,
      "iterations": 83760,
      "engine": "DFA,"
    },
    "complex_number": {
      "time_ns": 14873.931,
      "time_ms": 0.014873931,
      "iterations": 33000,
      "engine": "DFA,"
    },
    "simple_phone": {
      "time_ns": 152059.71,
      "time_ms": 0.15205971,
      "iterations": 3300,
      "engine": "DFA,"
    },
    "flexible_phone": {
      "time_ns": 85224.535,
      "time_ms": 0.085224535,
      "iterations": 6000,
      "engine": "NFA,"
    },
    "multi_format_phone": {
      "time_ns": 72896.8,
      "time_ms": 0.0728968,
      "iterations": 6650,
      "engine": "NFA,"
    },
    "phone_validation": {
      "time_ns": 18.75094214876033,
      "time_ms": 1.875094214876033e-05,
      "iterations": 26317500,
      "engine": "NFA,"
    },
    "dfa_simple_phone": {
      "time_ns": 111576.06,
      "time_ms": 0.11157605999999999,
      "iterations": 4300,
      "engine": "DFA,"
    },
    "dfa_paren_phone": {
      "time_ns": 17243.335000000003,
      "time_ms": 0.017243335000000002,
      "iterations": 28200,
      "engine": "DFA,"
    },
    "dfa_dot_phone": {
      "time_ns": 134110.03,
      "time_ms": 0.13411003,
      "iterations": 3700,
      "engine": "DFA,"
    },
    "dfa_digits_only": {
      "time_ns": 141155.61,
      "time_ms": 0.14115561,
      "iterations": 3600,
      "engine": "DFA,"
    },
    "pure_dfa_dash": {
      "time_ns": 1269.156,
      "time_ms": 0.001269156,
      "iterations": 383000,
      "engine": "DFA,"
    },
    "pure_dfa_paren": {
      "time_ns": 321.53625,
      "time_ms": 0.00032153625,
      "iterations": 1564000,
      "engine": "DFA,"
    },
    "pure_dfa_dot": {
      "time_ns": 125.32793749999999,
      "time_ms": 0.0001253279375,
      "iterations": 3824000,
      "engine": "DFA,"
    },
    "smart_phone_primary": {
      "time_ns": 109308.415,
      "time_ms": 0.10930841499999999,
      "iterations": 4600,
      "engine": "DFA,"
    },
    "national_phone_validation": {
      "time_ns": 45282.9,
      "time_ms": 0.0452829,
      "iterations": 11100,
      "engine": "DFA,"
    },
    "toll_free_simple": {
      "time_ns": 33757.920000000006,
      "time_ms": 0.033757920000000004,
      "iterations": 14400,
      "engine": "DFA,"
    },
    "toll_free_complex": {
      "time_ns": 13104.875,
      "time_ms": 0.013104875,
      "iterations": 34800,
      "engine": "DFA,"
    },
    "single_quantifier_digits": {
      "time_ns": 19651.215,
      "time_ms": 0.019651215,
      "iterations": 25200,
      "engine": "DFA,"
    },
    "single_quantifier_alpha": {
      "time_ns": 15334.11,
      "time_ms": 0.01533411,
      "iterations": 31200,
      "engine": "DFA,"
    },
    "dual_quantifiers": {
      "time_ns": 34622.12,
      "time_ms": 0.03462212,
      "iterations": 14850,
      "engine": "DFA,"
    },
    "triple_quantifiers": {
      "time_ns": 28606.46,
      "time_ms": 0.02860646,
      "iterations": 16700,
      "engine": "DFA,"
    },
    "quad_quantifiers": {
      "time_ns": 32846.44,
      "time_ms": 0.032846440000000005,
      "iterations": 14700,
      "engine": "DFA,"
    },
    "range_quantifiers": {
      "time_ns": 23612.97,
      "time_ms": 0.02361297,
      "iterations": 20900,
      "engine": "DFA,"
    },
    "mixed_range_quantifiers": {
      "time_ns": 31456.093333333338,
      "time_ms": 0.03145609333333334,
      "iterations": 16575,
      "engine": "DFA,"
    },
    "datetime_quantifiers": {
      "time_ns": 41594.89,
      "time_ms": 0.04159489,
      "iterations": 11500,
      "engine": "DFA,"
    },
    "flexible_datetime": {
      "time_ns": 72618.03,
      "time_ms": 0.07261803,
      "iterations": 6400,
      "engine": "DFA,"
    },
    "dense_quantifiers": {
      "time_ns": 49088.67999999999,
      "time_ms": 0.049088679999999996,
      "iterations": 10200,