{
  "engine": "mojo",
  "timestamp": "2026-04-14T23:20:25.972394",
  "results": {
    "literal_match_short": {
      "time_ns": 626.4032500000001,
      "time_ms": 0.0006264032500000001,
      "iterations": 776000,
      "engine": "DFA,"
    },
    "literal_match_long": {
      "time_ns": 4447.2065,
      "time_ms": 0.0044472065,
      "iterations": 102000,
      "engine": "DFA,"
    },
    "wildcard_match_any": {
      "time_ns": 0.5906302816901409,
      "time_ms": 5.906302816901409e-07,
      "iterations": 659448000,
      "engine": "NFA,"
    },
    "quantifier_zero_or_more": {
      "time_ns": 3.037703237410072,
      "time_ms": 3.037703237410072e-06,
      "iterations": 152900000,
      "engine": "DFA,"
    },
    "quantifier_one_or_more": {
      "time_ns": 3.1289661016949153,
      "time_ms": 3.1289661016949153e-06,
      "iterations": 126555000,
      "engine": "DFA,"
    },
    "quantifier_zero_or_one": {
      "time_ns": 3.512887399463807,
      "time_ms": 3.512887399463807e-06,
      "iterations": 127193000,
      "engine": "DFA,"
    },
    "range_lowercase": {
      "time_ns": 1786.895,
      "time_ms": 0.001786895,
      "iterations": 223000,
      "engine": "DFA,"
    },
    "range_digits": {
      "time_ns": 302.94016666666664,
      "time_ms": 0.00030294016666666666,
      "iterations": 1452000,
      "engine": "DFA,"
    },
    "range_alphanumeric": {
      "time_ns": 14610.869000000002,
      "time_ms": 0.014610869000000002,
      "iterations": 28000,
      "engine": "DFA,"
    },
    "predefined_digits": {
      "time_ns": 309.51033333333334,
      "time_ms": 0.00030951033333333336,
      "iterations": 1569000,
      "engine": "DFA,"
    },
    "predefined_word": {
      "time_ns": 16106.803999999998,
      "time_ms": 0.016106804,
      "iterations": 26000,
      "engine": "DFA,"
    },
    "anchor_start": {
      "time_ns": 5.931772594752187,
      "time_ms": 5.9317725947521864e-06,
      "iterations": 82320000,
      "engine": "DFA,"
    },
    "alternation_simple": {
      "time_ns": 4.832336106489184,
      "time_ms": 4.832336106489184e-06,
      "iterations": 100367000,
      "engine": "DFA,"
    },
    "group_alternation": {
      "time_ns": 3.032311077389985,
      "time_ms": 3.032311077389985e-06,
      "iterations": 158160000,
      "engine": "DFA,"
    },
    "large_8_alternations": {
      "time_ns": 67.89426315789474,
      "time_ms": 6.789426315789474e-05,
      "iterations": 6745000,
      "engine": "DFA,"
    },
    "deep_nested_groups_depth4": {
      "time_ns": 13.91498275862069,
      "time_ms": 1.391498275862069e-05,
      "iterations": 34800000,
      "engine": "DFA,"
    },
    "literal_heavy_alternation": {
      "time_ns": 81.85175,
      "time_ms": 8.185175e-05,
      "iterations": 5488000,
      "engine": "DFA,"
    },
    "complex_group_5_children": {
      "time_ns": 41.948138888888884,
      "time_ms": 4.194813888888889e-05,
      "iterations": 11592000,
      "engine": "DFA,"
    },
    "match_all_simple": {
      "time_ns": 6890.03,
      "time_ms": 0.00689003,
      "iterations": 67600,
      "engine": "DFA,"
    },
    "match_all_digits": {
      "time_ns": 3624.50625,
      "time_ms": 0.00362450625,
      "iterations": 136800,
      "engine": "DFA,"
    },
    "literal_prefix_short": {
      "time_ns": 149.73476373351144,
      "time_ms": 0.00014973476373351144,
      "iterations": 2970544,
      "engine": "NFA,"
    },
    "literal_prefix_long": {
      "time_ns": 1226.8738656987296,
      "time_ms": 0.0012268738656987296,
      "iterations": 391210,
      "engine": "NFA,"
    },
    "required_literal_short": {
      "time_ns": 281.04152873909123,
      "time_ms": 0.00028104152873909124,
      "iterations": 1754544,
      "engine": "NFA+Prefilter,"
    },
    "no_literal_baseline": {
      "time_ns": 5.87360594795539,
      "time_ms": 5.87360594795539e-06,
      "iterations": 80938065,
      "engine": "DFA,"
    },
    "alternation_common_prefix": {
      "time_ns": 9.043950154093528,
      "time_ms": 9.043950154093528e-06,
      "iterations": 51106624,
      "engine": "DFA,"
    },
    "complex_email": {
      "time_ns": 3452.567857142857,
      "time_ms": 0.0034525678571428573,
      "iterations": 143640,
      "engine": "DFA,"
    },
    "complex_number": {
      "time_ns": 10495.88,
      "time_ms": 0.010495879999999999,
      "iterations": 43500,
      "engine": "DFA,"
    },
    "simple_phone": {
      "time_ns": 77984.04,
      "time_ms": 0.07798403999999999,
      "iterations": 6500,
      "engine": "DFA,"
    },
    "flexible_phone": {
      "time_ns": 71223.405,
      "time_ms": 0.071223405,
      "iterations": 6600,
      "engine": "NFA,"
    },
    "multi_format_phone": {
      "time_ns": 57569.54,
      "time_ms": 0.05756954,
      "iterations": 8750,
      "engine": "NFA,"
    },
    "phone_validation": {
      "time_ns": 21.289205298013243,
      "time_ms": 2.1289205298013245e-05,
      "iterations": 20913500,
      "engine": "NFA,"
    },
    "dfa_simple_phone": {
      "time_ns": 76717.78,
      "time_ms": 0.07671778,
      "iterations": 6600,
      "engine": "DFA,"
    },
    "dfa_paren_phone": {
      "time_ns": 13693.91,
      "time_ms": 0.01369391,
      "iterations": 34500,
      "engine": "DFA,"
    },
    "dfa_dot_phone": {
      "time_ns": 84365.15999999999,
      "time_ms": 0.08436516,
      "iterations": 6000,
      "engine": "DFA,"
    },
    "dfa_digits_only": {
      "time_ns": 118833.89,
      "time_ms": 0.11883389,
      "iterations": 3900,
      "engine": "DFA,"
    },
    "pure_dfa_dash": {
      "time_ns": 939.969,
      "time_ms": 0.000939969,
      "iterations": 519000,
      "engine": "DFA,"
    },
    "pure_dfa_paren": {
      "time_ns": 305.00375,
      "time_ms": 0.00030500375,
      "iterations": 1536000,
      "engine": "DFA,"
    },
    "pure_dfa_dot": {
      "time_ns": 94.93381818181817,
      "time_ms": 9.493381818181817e-05,
      "iterations": 5214000,
      "engine": "DFA,"
    },
    "smart_phone_primary": {
      "time_ns": 95714.13,
      "time_ms": 0.09571413000000001,
      "iterations": 4700,
      "engine": "DFA,"
    },
    "national_phone_validation": {
      "time_ns": 28225.425000000003,
      "time_ms": 0.028225425000000002,
      "iterations": 17520,
      "engine": "NFA,"
    },
    "toll_free_simple": {
      "time_ns": 16607.109999999997,
      "time_ms": 0.016607109999999998,
      "iterations": 27200,
      "engine": "DFA,"
    },
    "toll_free_complex": {
      "time_ns": 7765.435,
      "time_ms": 0.007765435,
      "iterations": 63200,
      "engine": "DFA,"
    },
    "single_quantifier_digits": {
      "time_ns": 16850.275,
      "time_ms": 0.016850275,
      "iterations": 26200,
      "engine": "DFA,"
    },
    "single_quantifier_alpha": {
      "time_ns": 10208.78,
      "time_ms": 0.01020878,
      "iterations": 47800,
      "engine": "DFA,"
    },
    "dual_quantifiers": {
      "time_ns": 21216.826666666668,
      "time_ms": 0.021216826666666667,
      "iterations": 21000,
      "engine": "DFA,"
    },
    "triple_quantifiers": {
      "time_ns": 17323.01,
      "time_ms": 0.01732301,
      "iterations": 27900,
      "engine": "DFA,"
    },
    "quad_quantifiers": {
      "time_ns": 22771.56,
      "time_ms": 0.02277156,
      "iterations": 18900,
      "engine": "DFA,"
    },
    "range_quantifiers": {
      "time_ns": 16729.5,
      "time_ms": 0.0167295,
      "iterations": 28900,
      "engine": "DFA,"
    },
    "mixed_range_quantifiers": {
      "time_ns": 19952.82,
      "time_ms": 0.01995282,
      "iterations": 21450,
      "engine": "DFA,"
    },
    "datetime_quantifiers": {
      "time_ns": 24462.96,
      "time_ms": 0.02446296,
      "iterations": 19100,
      "engine": "DFA,"
    },
    "flexible_datetime": {
      "time_ns": 58518.64,
      "time_ms": 0.05851864,
      "iterations": 7500,
      "engine": "DFA,"
    },
    "dense_quantifiers": {
      "time_ns": 30833.22,
      "time_ms": 0.03083322,