{
  "engine": "mojo",
  "timestamp": "2026-04-26T22:00:31.739323",
  "results": {
    "literal_match_short": {
      "time_ns": 716.6391071428571,
      "time_ms": 0.0007166391071428571,
      "iterations": 644000,
      "engine": "DFA,"
    },
    "literal_match_long": {
      "time_ns": 9563.7915,
      "time_ms": 0.0095637915,
      "iterations": 54000,
      "engine": "DFA,"
    },
    "wildcard_match_any": {
      "time_ns": 0.7473596437968023,
      "time_ms": 7.473596437968023e-07,
      "iterations": 612684000,
      "engine": "NFA,"
    },
    "quantifier_zero_or_more": {
      "time_ns": 3.829549019607843,
      "time_ms": 3.829549019607843e-06,
      "iterations": 133110000,
      "engine": "DFA,"
    },
    "quantifier_one_or_more": {
      "time_ns": 4.011843084731425,
      "time_ms": 4.011843084731425e-06,
      "iterations": 127674000,
      "engine": "DFA,"
    },
    "quantifier_zero_or_one": {
      "time_ns": 4.428777925531915,
      "time_ms": 4.428777925531916e-06,
      "iterations": 117312000,
      "engine": "DFA,"
    },
    "range_lowercase": {
      "time_ns": 236.41216666666668,
      "time_ms": 0.0002364121666666667,
      "iterations": 2220000,
      "engine": "DFA,"
    },
    "range_digits": {
      "time_ns": 262.909375,
      "time_ms": 0.000262909375,
      "iterations": 1856000,
      "engine": "DFA,"
    },
    "range_alphanumeric": {
      "time_ns": 728.5131764705882,
      "time_ms": 0.0007285131764705882,
      "iterations": 680000,
      "engine": "DFA,"
    },
    "predefined_digits": {
      "time_ns": 370.571775,
      "time_ms": 0.000370571775,
      "iterations": 1240000,
      "engine": "DFA,"
    },
    "predefined_word": {
      "time_ns": 14877.721,
      "time_ms": 0.014877721,
      "iterations": 31000,
      "engine": "DFA,"
    },
    "anchor_start": {
      "time_ns": 5.108366146848603,
      "time_ms": 5.108366146848602e-06,
      "iterations": 101574000,
      "engine": "DFA,"
    },
    "alternation_simple": {
      "time_ns": 3.9671807250865365,
      "time_ms": 3.9671807250865364e-06,
      "iterations": 115269000,
      "engine": "DFA,"
    },
    "group_alternation": {
      "time_ns": 4.450099386503068,
      "time_ms": 4.450099386503067e-06,
      "iterations": 119805000,
      "engine": "DFA,"
    },
    "large_8_alternations": {
      "time_ns": 52.05769186046513,
      "time_ms": 5.2057691860465125e-05,
      "iterations": 9288000,
      "engine": "DFA,"
    },
    "deep_nested_groups_depth4": {
      "time_ns": 7.7843503243744205,
      "time_ms": 7.784350324374421e-06,
      "iterations": 57187000,
      "engine": "DFA,"
    },
    "literal_heavy_alternation": {
      "time_ns": 65.96729729729729,
      "time_ms": 6.59672972972973e-05,
      "iterations": 7178000,
      "engine": "DFA,"
    },
    "complex_group_5_children": {
      "time_ns": 45.241535545023694,
      "time_ms": 4.5241535545023695e-05,
      "iterations": 11183000,
      "engine": "DFA,"
    },
    "match_all_simple": {
      "time_ns": 5388.169166666667,
      "time_ms": 0.0053881691666666665,
      "iterations": 90000,
      "engine": "DFA,"
    },
    "match_all_digits": {
      "time_ns": 3030.260294117647,
      "time_ms": 0.003030260294117647,
      "iterations": 159800,
      "engine": "DFA,"
    },
    "literal_prefix_short": {
      "time_ns": 97.94759393539881,
      "time_ms": 9.794759393539882e-05,
      "iterations": 4271872,
      "engine": "NFA,"
    },
    "literal_prefix_long": {
      "time_ns": 2135.4430220356767,
      "time_ms": 0.0021354430220356766,
      "iterations": 243015,
      "engine": "NFA,"
    },
    "required_literal_short": {
      "time_ns": 196.23989735202053,
      "time_ms": 0.00019623989735202053,
      "iterations": 2304965,
      "engine": "NFA+Prefilter,"
    },
    "no_literal_baseline": {
      "time_ns": 7.20389272807963,
      "time_ms": 7.20389272807963e-06,
      "iterations": 67271845,
      "engine": "DFA,"
    },
    "alternation_common_prefix": {
      "time_ns": 8.739033927206444,
      "time_ms": 8.739033927206444e-06,
      "iterations": 53538036,
      "engine": "DFA,"
    },
    "complex_email": {
      "time_ns": 3729.4325,
      "time_ms": 0.0037294324999999997,
      "iterations": 132000,
      "engine": "DFA,"
    },
    "complex_number": {
      "time_ns": 7916.744999999999,
      "time_ms": 0.007916745,
      "iterations": 62000,
      "engine": "DFA,"
    },
    "simple_phone": {
      "time_ns": 23709.545,
      "time_ms": 0.023709545,
      "iterations": 18600,
      "engine": "DFA,"
    },
    "flexible_phone": {
      "time_ns": 59976.700000000004,
      "time_ms": 0.0599767,
      "iterations": 8400,
      "engine": "NFA,"
    },
    "multi_format_phone": {
      "time_ns": 59360.96333333333,
      "time_ms": 0.059360963333333336,
      "iterations": 8100,
      "engine": "NFA,"
    },
    "phone_validation": {
      "time_ns": 23.012839402850034,
      "time_ms": 2.3012839402850033e-05,
      "iterations": 26526000,
      "engine": "NFA,"
    },
    "dfa_simple_phone": {
      "time_ns": 21889.00333333333,
      "time_ms": 0.02188900333333333,
      "iterations": 21600,
      "engine": "DFA,"
    },
    "dfa_paren_phone": {
      "time_ns": 4430.7192000000005,
      "time_ms": 0.0044307192000000006,
      "iterations": 110000,
      "engine": "DFA,"
    },
    "dfa_dot_phone": {
      "time_ns": 27646.58625,
      "time_ms": 0.02764658625,
      "iterations": 18400,
      "engine": "DFA,"
    },
    "dfa_digits_only": {
      "time_ns": 214122.96,
      "time_ms": 0.21412296,
      "iterations": 2600,
      "engine": "DFA,"
    },
    "pure_dfa_dash": {
      "time_ns": 204.47886842105262,
      "time_ms": 0.00020447886842105261,
      "iterations": 2470000,
      "engine": "DFA,"
    },
    "pure_dfa_paren": {
      "time_ns": 61.913595419847326,
      "time_ms": 6.191359541984733e-05,
      "iterations": 7991000,
      "engine": "DFA,"
    },
    "pure_dfa_dot": {
      "time_ns": 100.12933505154639,
      "time_ms": 0.00010012933505154639,
      "iterations": 5044000,
      "engine": "DFA,"
    },
    "smart_phone_primary": {
      "time_ns": 41674.615,
      "time_ms": 0.041674615,
      "iterations": 12400,
      "engine": "DFA,"
    },
    "national_phone_validation": {
      "time_ns": 29284.963157894737,
      "time_ms": 0.029284963157894736,
      "iterations": 15580,
      "engine": "NFA,"
    },
    "toll_free_simple": {
      "time_ns": 8620.3475,
      "time_ms": 0.0086203475,
      "iterations": 57600,
      "engine": "DFA,"
    },
    "toll_free_complex": {
      "time_ns": 7308.203333333333,
      "time_ms": 0.007308203333333333,
      "iterations": 67500,
      "engine": "DFA,"
    },
    "single_quantifier_digits": {
      "time_ns": 27576.375,
      "time_ms": 0.027576375,
      "iterations": 18600,
      "engine": "DFA,"
    },
    "single_quantifier_alpha": {
      "time_ns": 9671.5,
      "time_ms": 0.0096715,
      "iterations": 49600,
      "engine": "DFA,"
    },
    "dual_quantifiers": {
      "time_ns": 18029.378333333334,
      "time_ms": 0.018029378333333335,
      "iterations": 28200,
      "engine": "DFA,"
    },
    "triple_quantifiers": {
      "time_ns": 3678.3292857142856,
      "time_ms": 0.0036783292857142857,
      "iterations": 126000,
      "engine": "DFA,"
    },
    "quad_quantifiers": {
      "time_ns": 6935.194615384616,
      "time_ms": 0.006935194615384615,
      "iterations": 71500,
      "engine": "DFA,"
    },
    "range_quantifiers": {
      "time_ns": 24334.601249999996,
      "time_ms": 0.024334601249999997,
      "iterations": 19200,
      "engine": "DFA,"
    },
    "mixed_range_quantifiers": {
      "time_ns": 3792.398888888889,
      "time_ms": 0.003792398888888889,
      "iterations": 127800,
      "engine": "DFA,"
    },
    "datetime_quantifiers": {
      "time_ns": 34068.818333333336,
      "time_ms": 0.034068818333333334,
      "iterations": 13200,
      "engine": "DFA,"
    },