{
  "engine": "mojo",
  "timestamp": "2026-04-17T16:13:01.704242",
  "results": {
    "literal_match_short": {
      "time_ns": 477.25983333333335,
      "time_ms": 0.00047725983333333333,
      "iterations": 684000,
      "engine": "DFA,"
    },
    "literal_match_long": {
      "time_ns": 4782.045,
      "time_ms": 0.004782045,
      "iterations": 88000,
      "engine": "DFA,"
    },
    "wildcard_match_any": {
      "time_ns": 0.9518450737463128,
      "time_ms": 9.518450737463127e-07,
      "iterations": 491550000,
      "engine": "NFA,"
    },
    "quantifier_zero_or_more": {
      "time_ns": 3.8111424336169115,
      "time_ms": 3.8111424336169114e-06,
      "iterations": 124128000,
      "engine": "DFA,"
    },
    "quantifier_one_or_more": {
      "time_ns": 3.6949736392482304,
      "time_ms": 3.6949736392482306e-06,
      "iterations": 122910000,
      "engine": "DFA,"
    },
    "quantifier_zero_or_one": {
      "time_ns": 4.282607158446093,
      "time_ms": 4.2826071584460935e-06,
      "iterations": 116841000,
      "engine": "DFA,"
    },
    "range_lowercase": {
      "time_ns": 205.846984375,
      "time_ms": 0.000205846984375,
      "iterations": 2240000,
      "engine": "DFA,"
    },
    "range_digits": {
      "time_ns": 621.0604074074074,
      "time_ms": 0.0006210604074074074,
      "iterations": 837000,
      "engine": "DFA,"
    },
    "range_alphanumeric": {
      "time_ns": 453.8673076923077,
      "time_ms": 0.00045386730769230766,
      "iterations": 988000,
      "engine": "DFA,"
    },
    "predefined_digits": {
      "time_ns": 637.3514999999999,
      "time_ms": 0.0006373514999999999,
      "iterations": 812000,
      "engine": "DFA,"
    },
    "predefined_word": {
      "time_ns": 14645.0025,
      "time_ms": 0.0146450025,
      "iterations": 32000,
      "engine": "DFA,"
    },
    "anchor_start": {
      "time_ns": 8.1759246176672,
      "time_ms": 8.175924617667199e-06,
      "iterations": 70096000,
      "engine": "DFA,"
    },
    "alternation_simple": {
      "time_ns": 3.4112670598911072,
      "time_ms": 3.4112670598911074e-06,
      "iterations": 143260000,
      "engine": "DFA,"
    },
    "group_alternation": {
      "time_ns": 5.333408433236875,
      "time_ms": 5.333408433236875e-06,
      "iterations": 96760000,
      "engine": "DFA,"
    },
    "large_8_alternations": {
      "time_ns": 50.95259477124183,
      "time_ms": 5.095259477124183e-05,
      "iterations": 8721000,
      "engine": "DFA,"
    },
    "deep_nested_groups_depth4": {
      "time_ns": 11.574536764705883,
      "time_ms": 1.1574536764705882e-05,
      "iterations": 44200000,
      "engine": "DFA,"
    },
    "literal_heavy_alternation": {
      "time_ns": 59.43221052631579,
      "time_ms": 5.943221052631579e-05,
      "iterations": 8094000,
      "engine": "DFA,"
    },
    "complex_group_5_children": {
      "time_ns": 56.20132991803278,
      "time_ms": 5.6201329918032787e-05,
      "iterations": 9272000,
      "engine": "DFA,"
    },
    "match_all_simple": {
      "time_ns": 4804.4766666666665,
      "time_ms": 0.0048044766666666665,
      "iterations": 102600,
      "engine": "DFA,"
    },
    "match_all_digits": {
      "time_ns": 7601.42875,
      "time_ms": 0.00760142875,
      "iterations": 68000,
      "engine": "DFA,"
    },
    "literal_prefix_short": {
      "time_ns": 95.45632347594231,
      "time_ms": 9.545632347594231e-05,
      "iterations": 5148624,
      "engine": "NFA,"
    },
    "literal_prefix_long": {
      "time_ns": 2022.61174688657,
      "time_ms": 0.00202261174688657,
      "iterations": 255506,
      "engine": "NFA,"
    },
    "required_literal_short": {
      "time_ns": 178.84452519183142,
      "time_ms": 0.00017884452519183143,
      "iterations": 2758672,
      "engine": "NFA+Prefilter,"
    },
    "no_literal_baseline": {
      "time_ns": 11.166086029150373,
      "time_ms": 1.1166086029150373e-05,
      "iterations": 44543855,
      "engine": "DFA,"
    },
    "alternation_common_prefix": {
      "time_ns": 7.38999643207564,
      "time_ms": 7.38999643207564e-06,
      "iterations": 64799580,
      "engine": "DFA,"
    },
    "complex_email": {
      "time_ns": 5100.914791666667,
      "time_ms": 0.005100914791666667,
      "iterations": 100800,
      "engine": "DFA,"
    },
    "complex_number": {
      "time_ns": 6732.512,
      "time_ms": 0.0067325119999999995,
      "iterations": 73500,
      "engine": "DFA,"
    },
    "simple_phone": {
      "time_ns": 34549.64,
      "time_ms": 0.03454964,
      "iterations": 14400,
      "engine": "DFA,"
    },
    "flexible_phone": {
      "time_ns": 54245.845,
      "time_ms": 0.054245845,
      "iterations": 9000,
      "engine": "NFA,"
    },
    "multi_format_phone": {
      "time_ns": 94632.79333333333,
      "time_ms": 0.09463279333333334,
      "iterations": 5250,
      "engine": "NFA,"
    },
    "phone_validation": {
      "time_ns": 992.9679999999998,
      "time_ms": 0.0009929679999999999,
      "iterations": 484500,
      "engine": "NFA,"
    },
    "dfa_simple_phone": {
      "time_ns": 35190.3775,
      "time_ms": 0.0351903775,
      "iterations": 14800,
      "engine": "DFA,"
    },
    "dfa_paren_phone": {
      "time_ns": 5471.556176470588,
      "time_ms": 0.005471556176470588,
      "iterations": 88400,
      "engine": "DFA,"
    },
    "dfa_dot_phone": {
      "time_ns": 60924.54,
      "time_ms": 0.06092454,
      "iterations": 8600,
      "engine": "DFA,"
    },
    "dfa_digits_only": {
      "time_ns": 101164.8775,
      "time_ms": 0.1011648775,
      "iterations": 4800,
      "engine": "DFA,"
    },
    "pure_dfa_dash": {
      "time_ns": 1435.2828571428572,
      "time_ms": 0.0014352828571428573,
      "iterations": 357000,
      "engine": "DFA,"
    },
    "pure_dfa_paren": {
      "time_ns": 221.9759693877551,
      "time_ms": 0.0002219759693877551,
      "iterations": 2156000,
      "engine": "DFA,"
    },
    "pure_dfa_dot": {
      "time_ns": 149.38022388059701,
      "time_ms": 0.00014938022388059701,
      "iterations": 3417000,
      "engine": "DFA,"
    },
    "smart_phone_primary": {
      "time_ns": 23084.67,
      "time_ms": 0.023084669999999998,
      "iterations": 20400,
      "engine": "DFA,"
    },
    "national_phone_validation": {
      "time_ns": 47710.06,
      "time_ms": 0.04771006,
      "iterations": 10800,
      "engine": "NFA,"
    },
    "toll_free_simple": {
      "time_ns": 8816.64409090909,
      "time_ms": 0.008816644090909091,
      "iterations": 52800,
      "engine": "DFA,"
    },
    "toll_free_complex": {
      "time_ns": 11623.7325,
      "time_ms": 0.011623732500000001,
      "iterations": 44800,
      "engine": "DFA,"
    },
    "single_quantifier_digits": {
      "time_ns": 15725.275,
      "time_ms": 0.015725275,
      "iterations": 29600,
      "engine": "DFA,"
    },
    "single_quantifier_alpha": {
      "time_ns": 17531.234166666665,
      "time_ms": 0.017531234166666666,
      "iterations": 30000,
      "engine": "DFA,"
    },
    "dual_quantifiers": {
      "time_ns": 19815.29,
      "time_ms": 0.01981529,
      "iterations": 23400,
      "engine": "DFA,"
    },
    "triple_quantifiers": {
      "time_ns": 6677.235,
      "time_ms": 0.006677234999999999,
      "iterations": 73200,
      "engine": "DFA,"
    },
    "quad_quantifiers": {
      "time_ns": 4929.7835,
      "time_ms": 0.0049297835,
      "iterations": 94000,
      "engine": "DFA,"
    },
    "range_quantifiers": {
      "time_ns": 24297.62,
      "time_ms": 0.02429762,
      "iterations": 19600,
      "engine": "DFA,"
    },
    "mixed_range_quantifiers": {
      "time_ns": 5198.328055555556,
      "time_ms": 0.005198328055555555,
      "iterations": 90000,
      "engine": "DFA,"
    },
    "datetime_quantifiers": {
      "time_ns": 33632.65333333333,
      "time_ms": 0.03363265333333333,
      "iterations": 13800,
      "engine": "DFA,"
    },
    "flexible_datetime": {
      "time_ns": 12357.91,