{
  "engine": "mojo",
  "timestamp": "2026-04-02T21:01:02.470519",
  "results": {
    "literal_match_short": {
      "time_ns": 1541.9955,
      "time_ms": 0.0015419955,
      "iterations": 338000,
      "engine": "DFA,"
    },
    "literal_match_long": {
      "time_ns": 15722.5665,
      "time_ms": 0.0157225665,
      "iterations": 34000,
      "engine": "DFA,"
    },
    "wildcard_match_any": {
      "time_ns": 1.5555770171149144,
      "time_ms": 1.5555770171149144e-06,
      "iterations": 328836000,
      "engine": "NFA,"
    },
    "quantifier_zero_or_more": {
      "time_ns": 9.359811557788944,
      "time_ms": 9.359811557788944e-06,
      "iterations": 56914000,
      "engine": "DFA,"
    },
    "quantifier_one_or_more": {
      "time_ns": 11.5745522875817,
      "time_ms": 1.15745522875817e-05,
      "iterations": 44370000,
      "engine": "DFA,"
    },
    "quantifier_zero_or_one": {
      "time_ns": 12.498019736842107,
      "time_ms": 1.2498019736842106e-05,
      "iterations": 41952000,
      "engine": "DFA,"
    },
    "range_lowercase": {
      "time_ns": 31543.6665,
      "time_ms": 0.0315436665,
      "iterations": 16000,
      "engine": "DFA,"
    },
    "range_digits": {
      "time_ns": 616.204,
      "time_ms": 0.000616204,
      "iterations": 830000,
      "engine": "DFA,"
    },
    "range_alphanumeric": {
      "time_ns": 34717.829,
      "time_ms": 0.034717829,
      "iterations": 15000,
      "engine": "DFA,"
    },
    "predefined_digits": {
      "time_ns": 701.8895,
      "time_ms": 0.0007018895,
      "iterations": 694000,
      "engine": "DFA,"
    },
    "predefined_word": {
      "time_ns": 31561.069499999998,
      "time_ms": 0.0315610695,
      "iterations": 16000,
      "engine": "DFA,"
    },
    "anchor_start": {
      "time_ns": 16.559891935483872,
      "time_ms": 1.655989193548387e-05,
      "iterations": 29760000,
      "engine": "DFA,"
    },
    "alternation_simple": {
      "time_ns": 11.718055762081786,
      "time_ms": 1.1718055762081786e-05,
      "iterations": 43040000,
      "engine": "DFA,"
    },
    "group_alternation": {
      "time_ns": 10.925264492753625,
      "time_ms": 1.0925264492753624e-05,
      "iterations": 44712000,
      "engine": "DFA,"
    },
    "large_8_alternations": {
      "time_ns": 241.627,
      "time_ms": 0.000241627,
      "iterations": 2084000,
      "engine": "DFA,"
    },
    "deep_nested_groups_depth4": {
      "time_ns": 67.45238461538462,
      "time_ms": 6.745238461538462e-05,
      "iterations": 7033000,
      "engine": "DFA,"
    },
    "literal_heavy_alternation": {
      "time_ns": 272.6285,
      "time_ms": 0.0002726285,
      "iterations": 1792000,
      "engine": "DFA,"
    },
    "complex_group_5_children": {
      "time_ns": 192.682,
      "time_ms": 0.00019268199999999998,
      "iterations": 2572000,
      "engine": "DFA,"
    },
    "match_all_simple": {
      "time_ns": 11434.9625,
      "time_ms": 0.0114349625,
      "iterations": 42000,
      "engine": "DFA,"
    },
    "match_all_digits": {
      "time_ns": 6818.45,
      "time_ms": 0.00681845,
      "iterations": 78200,
      "engine": "DFA,"
    },
    "literal_prefix_short": {
      "time_ns": 285.7808541440463,
      "time_ms": 0.0002857808541440463,
      "iterations": 1679904,
      "engine": "NFA,"
    },
    "literal_prefix_long": {
      "time_ns": 3416.634782608696,
      "time_ms": 0.0034166347826086957,
      "iterations": 153180,
      "engine": "NFA,"
    },
    "required_literal_short": {
      "time_ns": 318.4934030937216,
      "time_ms": 0.0003184934030937216,
      "iterations": 1582560,
      "engine": "NFA+Prefilter,"
    },
    "no_literal_baseline": {
      "time_ns": 18.58382779080999,
      "time_ms": 1.858382779080999e-05,
      "iterations": 26408068,
      "engine": "DFA,"
    },
    "alternation_common_prefix": {
      "time_ns": 37.150211193241816,
      "time_ms": 3.715021119324182e-05,
      "iterations": 13674680,
      "engine": "DFA,"
    },
    "complex_email": {
      "time_ns": 11448.35,
      "time_ms": 0.01144835,
      "iterations": 43280,
      "engine": "DFA,"
    },
    "complex_number": {
      "time_ns": 24429.644,
      "time_ms": 0.024429644,
      "iterations": 21000,
      "engine": "DFA,"
    },
    "simple_phone": {
      "time_ns": 204311.65499999997,
      "time_ms": 0.20431165499999998,
      "iterations": 2600,
      "engine": "DFA,"
    },
    "flexible_phone": {
      "time_ns": 204909.1,
      "time_ms": 0.2049091,
      "iterations": 2600,
      "engine": "NFA,"
    },
    "multi_format_phone": {
      "time_ns": 199798.73999999996,
      "time_ms": 0.19979873999999997,
      "iterations": 2500,
      "engine": "NFA,"
    },
    "phone_validation": {
      "time_ns": 39.63554838709677,
      "time_ms": 3.963554838709677e-05,
      "iterations": 13330000,
      "engine": "NFA,"
    },
    "dfa_simple_phone": {
      "time_ns": 215749.53,
      "time_ms": 0.21574953,
      "iterations": 2600,
      "engine": "DFA,"
    },
    "dfa_paren_phone": {
      "time_ns": 41072.93,
      "time_ms": 0.04107293,
      "iterations": 12600,
      "engine": "DFA,"
    },
    "dfa_dot_phone": {
      "time_ns": 238901.25,
      "time_ms": 0.23890125,
      "iterations": 2100,
      "engine": "DFA,"
    },
    "dfa_digits_only": {
      "time_ns": 194923.54,
      "time_ms": 0.19492354,
      "iterations": 2600,
      "engine": "DFA,"
    },
    "pure_dfa_dash": {
      "time_ns": 2270.697,
      "time_ms": 0.002270697,
      "iterations": 211000,
      "engine": "DFA,"
    },
    "pure_dfa_paren": {
      "time_ns": 774.928,
      "time_ms": 0.000774928,
      "iterations": 688000,
      "engine": "DFA,"
    },
    "pure_dfa_dot": {
      "time_ns": 213.0518,
      "time_ms": 0.0002130518,
      "iterations": 2325000,
      "engine": "DFA,"
    },
    "smart_phone_primary": {
      "time_ns": 167701.09,
      "time_ms": 0.16770109,
      "iterations": 3000,
      "engine": "DFA,"
    },
    "national_phone_validation": {
      "time_ns": 86157.05,
      "time_ms": 0.08615705,
      "iterations": 5980,
      "engine": "DFA,"
    },
    "toll_free_simple": {
      "time_ns": 33823.25,
      "time_ms": 0.03382325,
      "iterations": 13700,
      "engine": "DFA,"
    },
    "toll_free_complex": {
      "time_ns": 26186.035,
      "time_ms": 0.026186035,
      "iterations": 19400,
      "engine": "DFA,"
    },
    "single_quantifier_digits": {
      "time_ns": 37271.66,
      "time_ms": 0.037271660000000005,
      "iterations": 13800,
      "engine": "DFA,"
    },
    "single_quantifier_alpha": {
      "time_ns": 43608.49,
      "time_ms": 0.04360849,
      "iterations": 10600,
      "engine": "DFA,"
    },
    "dual_quantifiers": {
      "time_ns": 83302.50666666667,
      "time_ms": 0.08330250666666666,
      "iterations": 4650,
      "engine": "DFA,"
    },
    "triple_quantifiers": {
      "time_ns": 57827.12,
      "time_ms": 0.05782712,
      "iterations": 8100,
      "engine": "DFA,"
    },
    "quad_quantifiers": {
      "time_ns": 51702.32,
      "time_ms": 0.05170232,
      "iterations": 9500,
      "engine": "DFA,"
    },
    "range_quantifiers": {
      "time_ns": 52744.895,
      "time_ms": 0.052744895,
      "iterations": 9400,
      "engine": "DFA,"
    },
    "mixed_range_quantifiers": {
      "time_ns": 46573.64,
      "time_ms": 0.04657364,
      "iterations": 10200,
      "engine": "DFA,"
    },
    "datetime_quantifiers": {
      "time_ns": 84024.53,
      "time_ms": 0.08402453,
      "iterations": 5700,
      "engine": "DFA,"
    },
    "flexible_datetime": {
      "time_ns": 99582.76,
      "time_ms": 0.09958275999999999,
      "iterations": 4500,
      "engine": "DFA,"
    },
    "dense_quantifiers": {
      "time_ns": 100964.05,
      "time_ms": 0.10096405,
      "iterations": 4800,
      "engine": "DFA,"
    },
    "ultra_dense_quantifiers": {
      "time_ns": 98006.38,
      "time_ms": 0.09800638,
      "iterations": 5200,