{
  "engine": "mojo",
  "timestamp": "2026-04-26T16:36:50.605675",
  "results": {
    "literal_match_short": {
      "time_ns": 707.6736875,
      "time_ms": 0.0007076736875,
      "iterations": 656000,
      "engine": "DFA,"
    },
    "literal_match_long": {
      "time_ns": 8204.028750000001,
      "time_ms": 0.008204028750000002,
      "iterations": 64000,
      "engine": "DFA,"
    },
    "wildcard_match_any": {
      "time_ns": 0.9311100953895072,
      "time_ms": 9.311100953895072e-07,
      "iterations": 551004000,
      "engine": "NFA,"
    },
    "quantifier_zero_or_more": {
      "time_ns": 3.3404915482135995,
      "time_ms": 3.3404915482135996e-06,
      "iterations": 150974000,
      "engine": "DFA,"
    },
    "quantifier_one_or_more": {
      "time_ns": 3.8931116934163117,
      "time_ms": 3.893111693416312e-06,
      "iterations": 128226000,
      "engine": "DFA,"
    },
    "quantifier_zero_or_one": {
      "time_ns": 5.331084935598283,
      "time_ms": 5.331084935598283e-06,
      "iterations": 101783000,
      "engine": "DFA,"
    },
    "range_lowercase": {
      "time_ns": 204.23562,
      "time_ms": 0.00020423562,
      "iterations": 2450000,
      "engine": "DFA,"
    },
    "range_digits": {
      "time_ns": 220.23757777777777,
      "time_ms": 0.00022023757777777777,
      "iterations": 2250000,
      "engine": "DFA,"
    },
    "range_alphanumeric": {
      "time_ns": 514.6554318181818,
      "time_ms": 0.0005146554318181818,
      "iterations": 968000,
      "engine": "DFA,"
    },
    "predefined_digits": {
      "time_ns": 360.9210185185185,
      "time_ms": 0.00036092101851851853,
      "iterations": 1458000,
      "engine": "DFA,"
    },
    "predefined_word": {
      "time_ns": 14644.2765,
      "time_ms": 0.0146442765,
      "iterations": 32000,
      "engine": "DFA,"
    },
    "anchor_start": {
      "time_ns": 5.163124842964825,
      "time_ms": 5.163124842964825e-06,
      "iterations": 95520000,
      "engine": "DFA,"
    },
    "alternation_simple": {
      "time_ns": 3.703015981340705,
      "time_ms": 3.703015981340705e-06,
      "iterations": 127336000,
      "engine": "DFA,"
    },
    "group_alternation": {
      "time_ns": 6.826712871287129,
      "time_ms": 6.826712871287129e-06,
      "iterations": 74740000,
      "engine": "DFA,"
    },
    "large_8_alternations": {
      "time_ns": 48.199,
      "time_ms": 4.8199e-05,
      "iterations": 7704000,
      "engine": "DFA,"
    },
    "deep_nested_groups_depth4": {
      "time_ns": 7.148157728706625,
      "time_ms": 7.148157728706625e-06,
      "iterations": 65936000,
      "engine": "DFA,"
    },
    "literal_heavy_alternation": {
      "time_ns": 59.40628662420382,
      "time_ms": 5.940628662420382e-05,
      "iterations": 7379000,
      "engine": "DFA,"
    },
    "complex_group_5_children": {
      "time_ns": 56.54839204545455,
      "time_ms": 5.6548392045454546e-05,
      "iterations": 9152000,
      "engine": "DFA,"
    },
    "match_all_simple": {
      "time_ns": 4988.29525,
      "time_ms": 0.00498829525,
      "iterations": 92000,
      "engine": "DFA,"
    },
    "match_all_digits": {
      "time_ns": 2978.2317391304346,
      "time_ms": 0.0029782317391304344,
      "iterations": 170200,
      "engine": "DFA,"
    },
    "literal_prefix_short": {
      "time_ns": 107.43435195449945,
      "time_ms": 0.00010743435195449944,
      "iterations": 4024918,
      "engine": "NFA,"
    },
    "literal_prefix_long": {
      "time_ns": 2419.6404218788325,
      "time_ms": 0.0024196404218788325,
      "iterations": 207927,
      "engine": "NFA,"
    },
    "required_literal_short": {
      "time_ns": 169.1186360509116,
      "time_ms": 0.0001691186360509116,
      "iterations": 2744208,
      "engine": "NFA+Prefilter,"
    },
    "no_literal_baseline": {
      "time_ns": 6.968755884330868,
      "time_ms": 6.968755884330868e-06,
      "iterations": 55390750,
      "engine": "DFA,"
    },
    "alternation_common_prefix": {
      "time_ns": 7.909811517544513,
      "time_ms": 7.909811517544514e-06,
      "iterations": 53692000,
      "engine": "DFA,"
    },
    "complex_email": {
      "time_ns": 6059.817045454545,
      "time_ms": 0.006059817045454545,
      "iterations": 86240,
      "engine": "DFA,"
    },
    "complex_number": {
      "time_ns": 9354.728333333333,
      "time_ms": 0.009354728333333333,
      "iterations": 45000,
      "engine": "DFA,"
    },
    "simple_phone": {
      "time_ns": 23488.296666666665,
      "time_ms": 0.023488296666666665,
      "iterations": 16500,
      "engine": "DFA,"
    },
    "flexible_phone": {
      "time_ns": 52455.746666666666,
      "time_ms": 0.052455746666666664,
      "iterations": 7500,
      "engine": "NFA,"
    },
    "multi_format_phone": {
      "time_ns": 118312.67,
      "time_ms": 0.11831267,
      "iterations": 4300,
      "engine": "NFA,"
    },
    "phone_validation": {
      "time_ns": 24.355417795108117,
      "time_ms": 2.4355417795108117e-05,
      "iterations": 21157500,
      "engine": "NFA,"
    },
    "dfa_simple_phone": {
      "time_ns": 24268.105000000003,
      "time_ms": 0.024268105,
      "iterations": 20400,
      "engine": "DFA,"
    },
    "dfa_paren_phone": {
      "time_ns": 4711.375416666667,
      "time_ms": 0.004711375416666667,
      "iterations": 93600,
      "engine": "DFA,"
    },
    "dfa_dot_phone": {
      "time_ns": 32969.91,
      "time_ms": 0.032969910000000005,
      "iterations": 14100,
      "engine": "DFA,"
    },
    "dfa_digits_only": {
      "time_ns": 100409.735,
      "time_ms": 0.100409735,
      "iterations": 5000,
      "engine": "DFA,"
    },
    "pure_dfa_dash": {
      "time_ns": 1026.88075,
      "time_ms": 0.00102688075,
      "iterations": 472000,
      "engine": "DFA,"
    },
    "pure_dfa_paren": {
      "time_ns": 318.06681249999997,
      "time_ms": 0.0003180668125,
      "iterations": 1728000,
      "engine": "DFA,"
    },
    "pure_dfa_dot": {
      "time_ns": 110.28721186440679,
      "time_ms": 0.00011028721186440678,
      "iterations": 4248000,
      "engine": "DFA,"
    },
    "smart_phone_primary": {
      "time_ns": 26283.378,
      "time_ms": 0.026283378,
      "iterations": 19500,
      "engine": "DFA,"
    },
    "national_phone_validation": {
      "time_ns": 41264.12,
      "time_ms": 0.04126412,
      "iterations": 12250,
      "engine": "NFA,"
    },
    "toll_free_simple": {
      "time_ns": 15709.755625000002,
      "time_ms": 0.015709755625000002,
      "iterations": 30400,
      "engine": "DFA,"
    },
    "toll_free_complex": {
      "time_ns": 6864.8475,
      "time_ms": 0.0068648475,
      "iterations": 52000,
      "engine": "DFA,"
    },
    "single_quantifier_digits": {
      "time_ns": 15514.013125,
      "time_ms": 0.015514013125,
      "iterations": 32000,
      "engine": "DFA,"
    },
    "single_quantifier_alpha": {
      "time_ns": 9676.01,
      "time_ms": 0.00967601,
      "iterations": 51600,
      "engine": "DFA,"
    },
    "dual_quantifiers": {
      "time_ns": 32991.24,
      "time_ms": 0.03299124,
      "iterations": 15750,
      "engine": "DFA,"
    },
    "triple_quantifiers": {
      "time_ns": 3918.722307692308,
      "time_ms": 0.003918722307692308,
      "iterations": 106600,
      "engine": "DFA,"
    },
    "quad_quantifiers": {
      "time_ns": 3703.030740740741,
      "time_ms": 0.003703030740740741,
      "iterations": 132300,
      "engine": "DFA,"
    },
    "range_quantifiers": {
      "time_ns": 17421.785000000003,
      "time_ms": 0.017421785000000002,
      "iterations": 26400,
      "engine": "DFA,"
    },
    "mixed_range_quantifiers": {
      "time_ns": 5628.930574712644,
      "time_ms": 0.005628930574712644,
      "iterations": 73950,
      "engine": "DFA,"
    },
    "datetime_quantifiers": {
      "time_ns": 42265.073333333334,
      "time_ms": 0.04226507333333333,
      "iterations": 10500,
      "engine": "DFA,"
    },