{
  "engine": "mojo",
  "timestamp": "2026-04-03T01:55:24.830903",
  "results": {
    "literal_match_short": {
      "time_ns": 944.1875,
      "time_ms": 0.0009441875,
      "iterations": 518000,
      "engine": "DFA,"
    },
    "literal_match_long": {
      "time_ns": 6257.832,
      "time_ms": 0.0062578320000000005,
      "iterations": 78000,
      "engine": "DFA,"
    },
    "wildcard_match_any": {
      "time_ns": 0.7531005025125628,
      "time_ms": 7.531005025125628e-07,
      "iterations": 619885000,
      "engine": "NFA,"
    },
    "quantifier_zero_or_more": {
      "time_ns": 4.659760586319218,
      "time_ms": 4.6597605863192186e-06,
      "iterations": 105608000,
      "engine": "DFA,"
    },
    "quantifier_one_or_more": {
      "time_ns": 4.818070381231672,
      "time_ms": 4.818070381231672e-06,
      "iterations": 93775000,
      "engine": "DFA,"
    },
    "quantifier_zero_or_one": {
      "time_ns": 4.704930116472545,
      "time_ms": 4.704930116472545e-06,
      "iterations": 103973000,
      "engine": "DFA,"
    },
    "range_lowercase": {
      "time_ns": 2243.919,
      "time_ms": 0.002243919,
      "iterations": 196000,
      "engine": "DFA,"
    },
    "range_digits": {
      "time_ns": 352.4545,
      "time_ms": 0.0003524545,
      "iterations": 1372000,
      "engine": "DFA,"
    },
    "range_alphanumeric": {
      "time_ns": 20139.536,
      "time_ms": 0.020139536,
      "iterations": 23000,
      "engine": "DFA,"
    },
    "predefined_digits": {
      "time_ns": 366.48633333333333,
      "time_ms": 0.00036648633333333333,
      "iterations": 1299000,
      "engine": "DFA,"
    },
    "predefined_word": {
      "time_ns": 21236.694,
      "time_ms": 0.021236694,
      "iterations": 23000,
      "engine": "DFA,"
    },
    "anchor_start": {
      "time_ns": 6.560488970588235,
      "time_ms": 6.560488970588235e-06,
      "iterations": 68544000,
      "engine": "DFA,"
    },
    "alternation_simple": {
      "time_ns": 6.362004716981132,
      "time_ms": 6.362004716981132e-06,
      "iterations": 76320000,
      "engine": "DFA,"
    },
    "group_alternation": {
      "time_ns": 4.723818737270876,
      "time_ms": 4.723818737270876e-06,
      "iterations": 96727000,
      "engine": "DFA,"
    },
    "large_8_alternations": {
      "time_ns": 97.86257142857143,
      "time_ms": 9.786257142857143e-05,
      "iterations": 4837000,
      "engine": "DFA,"
    },
    "deep_nested_groups_depth4": {
      "time_ns": 31.79987931034483,
      "time_ms": 3.179987931034483e-05,
      "iterations": 14616000,
      "engine": "DFA,"
    },
    "literal_heavy_alternation": {
      "time_ns": 114.02042857142857,
      "time_ms": 0.00011402042857142857,
      "iterations": 4165000,
      "engine": "DFA,"
    },
    "complex_group_5_children": {
      "time_ns": 84.27966666666669,
      "time_ms": 8.427966666666668e-05,
      "iterations": 5376000,
      "engine": "DFA,"
    },
    "match_all_simple": {
      "time_ns": 6551.37,
      "time_ms": 0.00655137,
      "iterations": 72600,
      "engine": "DFA,"
    },
    "match_all_digits": {
      "time_ns": 3815.415,
      "time_ms": 0.003815415,
      "iterations": 114400,
      "engine": "DFA,"
    },
    "literal_prefix_short": {
      "time_ns": 136.5950369588173,
      "time_ms": 0.00013659503695881732,
      "iterations": 3397836,
      "engine": "NFA,"
    },
    "literal_prefix_long": {
      "time_ns": 1563.6788990825687,
      "time_ms": 0.0015636788990825688,
      "iterations": 313484,
      "engine": "NFA,"
    },
    "required_literal_short": {
      "time_ns": 194.37683941138837,
      "time_ms": 0.00019437683941138836,
      "iterations": 2544564,
      "engine": "NFA+Prefilter,"
    },
    "no_literal_baseline": {
      "time_ns": 8.809881061299176,
      "time_ms": 8.809881061299176e-06,
      "iterations": 57016345,
      "engine": "DFA,"
    },
    "alternation_common_prefix": {
      "time_ns": 10.537993680884675,
      "time_ms": 1.0537993680884676e-05,
      "iterations": 47399040,
      "engine": "DFA,"
    },
    "complex_email": {
      "time_ns": 4638.105,
      "time_ms": 0.004638105,
      "iterations": 109600,
      "engine": "DFA,"
    },
    "complex_number": {
      "time_ns": 8491.666,
      "time_ms": 0.008491665999999998,
      "iterations": 58500,
      "engine": "DFA,"
    },
    "simple_phone": {
      "time_ns": 104664.68,
      "time_ms": 0.10466468,
      "iterations": 4900,
      "engine": "DFA,"
    },
    "flexible_phone": {
      "time_ns": 61360.94,
      "time_ms": 0.06136094,
      "iterations": 8100,
      "engine": "NFA,"
    },
    "multi_format_phone": {
      "time_ns": 81074.8,
      "time_ms": 0.0810748,
      "iterations": 6150,
      "engine": "NFA,"
    },
    "phone_validation": {
      "time_ns": 16.534925373134328,
      "time_ms": 1.653492537313433e-05,
      "iterations": 29547000,
      "engine": "NFA,"
    },
    "dfa_simple_phone": {
      "time_ns": 98279.68,
      "time_ms": 0.09827968,
      "iterations": 5100,
      "engine": "DFA,"
    },
    "dfa_paren_phone": {
      "time_ns": 10196.98,
      "time_ms": 0.01019698,
      "iterations": 46900,
      "engine": "DFA,"
    },
    "dfa_dot_phone": {
      "time_ns": 107752.9,
      "time_ms": 0.1077529,
      "iterations": 3900,
      "engine": "DFA,"
    },
    "dfa_digits_only": {
      "time_ns": 107923.515,
      "time_ms": 0.107923515,
      "iterations": 4600,
      "engine": "DFA,"
    },
    "pure_dfa_dash": {
      "time_ns": 1092.2515,
      "time_ms": 0.0010922515,
      "iterations": 434000,
      "engine": "DFA,"
    },
    "pure_dfa_paren": {
      "time_ns": 249.50560000000002,
      "time_ms": 0.0002495056,
      "iterations": 1935000,
      "engine": "DFA,"
    },
    "pure_dfa_dot": {
      "time_ns": 113.7337,
      "time_ms": 0.0001137337,
      "iterations": 3970000,
      "engine": "DFA,"
    },
    "smart_phone_primary": {
      "time_ns": 120602.93,
      "time_ms": 0.12060293,
      "iterations": 4300,
      "engine": "DFA,"
    },
    "national_phone_validation": {
      "time_ns": 37472.549999999996,
      "time_ms": 0.03747254999999999,
      "iterations": 13280,
      "engine": "DFA,"
    },
    "toll_free_simple": {
      "time_ns": 14321.6,
      "time_ms": 0.0143216,
      "iterations": 33900,
      "engine": "DFA,"
    },
    "toll_free_complex": {
      "time_ns": 9021.23,
      "time_ms": 0.00902123,
      "iterations": 48600,
      "engine": "DFA,"
    },
    "single_quantifier_digits": {
      "time_ns": 15927.714999999998,
      "time_ms": 0.015927715,
      "iterations": 26000,
      "engine": "DFA,"
    },
    "single_quantifier_alpha": {
      "time_ns": 11950.04,
      "time_ms": 0.01195004,
      "iterations": 40200,
      "engine": "DFA,"
    },
    "dual_quantifiers": {
      "time_ns": 20108.786666666667,
      "time_ms": 0.020108786666666666,
      "iterations": 24150,
      "engine": "DFA,"
    },
    "triple_quantifiers": {
      "time_ns": 19444.46,
      "time_ms": 0.01944446,
      "iterations": 24700,
      "engine": "DFA,"
    },
    "quad_quantifiers": {
      "time_ns": 22414.63,
      "time_ms": 0.02241463,
      "iterations": 21600,
      "engine": "DFA,"
    },
    "range_quantifiers": {
      "time_ns": 20074.97,
      "time_ms": 0.02007497,
      "iterations": 23500,
      "engine": "DFA,"
    },
    "mixed_range_quantifiers": {
      "time_ns": 19325.446666666667,
      "time_ms": 0.019325446666666666,
      "iterations": 25200,
      "engine": "DFA,"
    },
    "datetime_quantifiers": {
      "time_ns": 29443.19,
      "time_ms": 0.029443189999999998,
      "iterations": 16700,
      "engine": "DFA,"
    },
    "flexible_datetime": {
      "time_ns": 62395.63,
      "time_ms": 0.06239563,
      "iterations": 7900,
      "engine": "DFA,"
    },
    "dense_quantifiers": {
      "time_ns": 53998.64,
      "time_ms": 0.05399864,
      "iterations": 8950,
      "engine": "DFA,"
    },