{
  "engine": "mojo",
  "timestamp": "2026-04-19T01:04:02.400940",
  "results": {
    "literal_match_short": {
      "time_ns": 742.6905714285714,
      "time_ms": 0.0007426905714285714,
      "iterations": 672000,
      "engine": "DFA,"
    },
    "literal_match_long": {
      "time_ns": 10372.5055,
      "time_ms": 0.010372505499999999,
      "iterations": 54000,
      "engine": "DFA,"
    },
    "wildcard_match_any": {
      "time_ns": 1.2749277283281735,
      "time_ms": 1.2749277283281735e-06,
      "iterations": 403104000,
      "engine": "NFA,"
    },
    "quantifier_zero_or_more": {
      "time_ns": 5.203862395543175,
      "time_ms": 5.2038623955431755e-06,
      "iterations": 96930000,
      "engine": "DFA,"
    },
    "quantifier_one_or_more": {
      "time_ns": 5.2293861981063365,
      "time_ms": 5.229386198106337e-06,
      "iterations": 98856000,
      "engine": "DFA,"
    },
    "quantifier_zero_or_one": {
      "time_ns": 7.612297704177644,
      "time_ms": 7.612297704177644e-06,
      "iterations": 74396000,
      "engine": "DFA,"
    },
    "range_lowercase": {
      "time_ns": 368.02060000000006,
      "time_ms": 0.00036802060000000003,
      "iterations": 1440000,
      "engine": "DFA,"
    },
    "range_digits": {
      "time_ns": 596.3102105263157,
      "time_ms": 0.0005963102105263157,
      "iterations": 836000,
      "engine": "DFA,"
    },
    "range_alphanumeric": {
      "time_ns": 631.8172352941176,
      "time_ms": 0.0006318172352941176,
      "iterations": 799000,
      "engine": "DFA,"
    },
    "predefined_digits": {
      "time_ns": 873.4642941176471,
      "time_ms": 0.0008734642941176471,
      "iterations": 595000,
      "engine": "DFA,"
    },
    "predefined_word": {
      "time_ns": 22491.905,
      "time_ms": 0.022491905,
      "iterations": 23000,
      "engine": "DFA,"
    },
    "anchor_start": {
      "time_ns": 8.117048468556535,
      "time_ms": 8.117048468556534e-06,
      "iterations": 61380000,
      "engine": "DFA,"
    },
    "alternation_simple": {
      "time_ns": 5.382845969606872,
      "time_ms": 5.382845969606872e-06,
      "iterations": 96864000,
      "engine": "DFA,"
    },
    "group_alternation": {
      "time_ns": 7.872054168686379,
      "time_ms": 7.872054168686379e-06,
      "iterations": 66016000,
      "engine": "DFA,"
    },
    "large_8_alternations": {
      "time_ns": 83.46670588235294,
      "time_ms": 8.346670588235294e-05,
      "iterations": 6120000,
      "engine": "DFA,"
    },
    "deep_nested_groups_depth4": {
      "time_ns": 10.350992399565689,
      "time_ms": 1.0350992399565688e-05,
      "iterations": 48813000,
      "engine": "DFA,"
    },
    "literal_heavy_alternation": {
      "time_ns": 86.8181186440678,
      "time_ms": 8.681811864406779e-05,
      "iterations": 5546000,
      "engine": "DFA,"
    },
    "complex_group_5_children": {
      "time_ns": 80.5433984962406,
      "time_ms": 8.05433984962406e-05,
      "iterations": 6118000,
      "engine": "DFA,"
    },
    "match_all_simple": {
      "time_ns": 8201.002499999999,
      "time_ms": 0.008201002499999999,
      "iterations": 60000,
      "engine": "DFA,"
    },
    "match_all_digits": {
      "time_ns": 7701.07,
      "time_ms": 0.00770107,
      "iterations": 65800,
      "engine": "DFA,"
    },
    "literal_prefix_short": {
      "time_ns": 163.112138222268,
      "time_ms": 0.00016311213822226797,
      "iterations": 2835028,
      "engine": "NFA,"
    },
    "literal_prefix_long": {
      "time_ns": 3281.1503795066415,
      "time_ms": 0.0032811503795066414,
      "iterations": 158100,
      "engine": "NFA,"
    },
    "required_literal_short": {
      "time_ns": 266.8508057427483,
      "time_ms": 0.0002668508057427483,
      "iterations": 1689435,
      "engine": "NFA+Prefilter,"
    },
    "no_literal_baseline": {
      "time_ns": 10.180157719303,
      "time_ms": 1.0180157719303e-05,
      "iterations": 48820023,
      "engine": "DFA,"
    },
    "alternation_common_prefix": {
      "time_ns": 12.326322648373726,
      "time_ms": 1.2326322648373725e-05,
      "iterations": 38177059,
      "engine": "DFA,"
    },
    "complex_email": {
      "time_ns": 8190.711742424243,
      "time_ms": 0.008190711742424243,
      "iterations": 63360,
      "engine": "DFA,"
    },
    "complex_number": {
      "time_ns": 11223.65,
      "time_ms": 0.01122365,
      "iterations": 43000,
      "engine": "DFA,"
    },
    "simple_phone": {
      "time_ns": 34964.886666666665,
      "time_ms": 0.03496488666666667,
      "iterations": 14700,
      "engine": "DFA,"
    },
    "flexible_phone": {
      "time_ns": 90296.8425,
      "time_ms": 0.0902968425,
      "iterations": 5200,
      "engine": "NFA,"
    },
    "multi_format_phone": {
      "time_ns": 150229.21,
      "time_ms": 0.15022921,
      "iterations": 3400,
      "engine": "NFA,"
    },
    "phone_validation": {
      "time_ns": 315.4194084507042,
      "time_ms": 0.00031541940845070425,
      "iterations": 1526500,
      "engine": "NFA,"
    },
    "dfa_simple_phone": {
      "time_ns": 33402.666666666664,
      "time_ms": 0.033402666666666664,
      "iterations": 15000,
      "engine": "DFA,"
    },
    "dfa_paren_phone": {
      "time_ns": 6550.107187500001,
      "time_ms": 0.006550107187500001,
      "iterations": 67200,
      "engine": "DFA,"
    },
    "dfa_dot_phone": {
      "time_ns": 64010.5225,
      "time_ms": 0.0640105225,
      "iterations": 8000,
      "engine": "DFA,"
    },
    "dfa_digits_only": {
      "time_ns": 155784.45,
      "time_ms": 0.15578445000000002,
      "iterations": 3100,
      "engine": "DFA,"
    },
    "pure_dfa_dash": {
      "time_ns": 1504.8715714285713,
      "time_ms": 0.0015048715714285714,
      "iterations": 336000,
      "engine": "DFA,"
    },
    "pure_dfa_paren": {
      "time_ns": 362.4537741935484,
      "time_ms": 0.0003624537741935484,
      "iterations": 1271000,
      "engine": "DFA,"
    },
    "pure_dfa_dot": {
      "time_ns": 214.91588888888887,
      "time_ms": 0.00021491588888888888,
      "iterations": 2430000,
      "engine": "DFA,"
    },
    "smart_phone_primary": {
      "time_ns": 33383.61,
      "time_ms": 0.03338361,
      "iterations": 15000,
      "engine": "DFA,"
    },
    "national_phone_validation": {
      "time_ns": 47729.75454545455,
      "time_ms": 0.04772975454545455,
      "iterations": 10780,
      "engine": "NFA,"
    },
    "toll_free_simple": {
      "time_ns": 16794.448125,
      "time_ms": 0.016794448125,
      "iterations": 30400,
      "engine": "DFA,"
    },
    "toll_free_complex": {
      "time_ns": 17490.011666666665,
      "time_ms": 0.017490011666666666,
      "iterations": 30000,
      "engine": "DFA,"
    },
    "single_quantifier_digits": {
      "time_ns": 24137.641666666666,
      "time_ms": 0.024137641666666668,
      "iterations": 21000,
      "engine": "DFA,"
    },
    "single_quantifier_alpha": {
      "time_ns": 16839.124166666672,
      "time_ms": 0.01683912416666667,
      "iterations": 30000,
      "engine": "DFA,"
    },
    "dual_quantifiers": {
      "time_ns": 40847.63555555556,
      "time_ms": 0.04084763555555555,
      "iterations": 13500,
      "engine": "DFA,"
    },
    "triple_quantifiers": {
      "time_ns": 7438.31,
      "time_ms": 0.00743831,
      "iterations": 67200,
      "engine": "DFA,"
    },
    "quad_quantifiers": {
      "time_ns": 5734.883684210527,
      "time_ms": 0.005734883684210526,
      "iterations": 87400,
      "engine": "DFA,"
    },
    "range_quantifiers": {
      "time_ns": 28178.6975,
      "time_ms": 0.0281786975,
      "iterations": 17200,
      "engine": "DFA,"
    },
    "mixed_range_quantifiers": {
      "time_ns": 8491.675,
      "time_ms": 0.008491674999999999,
      "iterations": 66600,
      "engine": "DFA,"
    },
    "datetime_quantifiers": {
      "time_ns": 53780.63,
      "time_ms": 0.053780629999999996,
      "iterations": 9000,
      "engine": "DFA,"
    },