{
  "engine": "mojo",
  "timestamp": "2026-03-27T08:49:46.880610",
  "results": {
    "literal_match_short": {
      "time_ns": 1064.4423085106382,
      "time_ms": 0.0010644423085106381,
      "iterations": 94000,
      "engine": "DFA,"
    },
    "literal_match_long": {
      "time_ns": 8473.584666666666,
      "time_ms": 0.008473584666666666,
      "iterations": 12000,
      "engine": "DFA,"
    },
    "range_lowercase": {
      "time_ns": 37910.40966666667,
      "time_ms": 0.037910409666666665,
      "iterations": 3000,
      "engine": "DFA,"
    },
    "range_digits": {
      "time_ns": 21347.317166666668,
      "time_ms": 0.021347317166666668,
      "iterations": 6000,
      "engine": "DFA,"
    },
    "range_alphanumeric": {
      "time_ns": 58163.8685,
      "time_ms": 0.0581638685,
      "iterations": 2000,
      "engine": "DFA,"
    },
    "predefined_digits": {
      "time_ns": 20223.9174,
      "time_ms": 0.0202239174,
      "iterations": 5000,
      "engine": "DFA,"
    },
    "predefined_word": {
      "time_ns": 37974.69266666666,
      "time_ms": 0.037974692666666664,
      "iterations": 3000,
      "engine": "DFA,"
    },
    "alternation_simple": {
      "time_ns": 111.63916183035714,
      "time_ms": 0.00011163916183035715,
      "iterations": 896000,
      "engine": "DFA,"
    },
    "group_alternation": {
      "time_ns": 102.53183606557376,
      "time_ms": 0.00010253183606557376,
      "iterations": 976000,
      "engine": "DFA,"
    },
    "large_8_alternations": {
      "time_ns": 333.33011960132893,
      "time_ms": 0.00033333011960132896,
      "iterations": 301000,
      "engine": "DFA,"
    },
    "deep_nested_groups_depth4": {
      "time_ns": 2119.1876041666665,
      "time_ms": 0.0021191876041666666,
      "iterations": 48000,
      "engine": "NFA,"
    },
    "literal_heavy_alternation": {
      "time_ns": 374.57218352059925,
      "time_ms": 0.00037457218352059926,
      "iterations": 267000,
      "engine": "DFA,"
    },
    "complex_group_5_children": {
      "time_ns": 3190.70021875,
      "time_ms": 0.00319070021875,
      "iterations": 32000,
      "engine": "NFA,"
    },
    "match_all_simple": {
      "time_ns": 11732.682093023255,
      "time_ms": 0.011732682093023255,
      "iterations": 8600,
      "engine": "DFA,"
    },
    "match_all_digits": {
      "time_ns": 138732.865,
      "time_ms": 0.13873286499999998,
      "iterations": 800,
      "engine": "DFA,"
    },
    "literal_prefix_short": {
      "time_ns": 364.93576,
      "time_ms": 0.00036493576000000004,
      "iterations": 100000,
      "engine": "NFA,"
    },
    "literal_prefix_long": {
      "time_ns": 64978.76883116883,
      "time_ms": 0.06497876883116883,
      "iterations": 1540,
      "engine": "NFA,"
    },
    "required_literal_short": {
      "time_ns": 3777.6522741009367,
      "time_ms": 0.0037776522741009367,
      "iterations": 26472,
      "engine": "NFA+Prefilter,"
    },
    "no_literal_baseline": {
      "time_ns": 158.27831,
      "time_ms": 0.00015827831,
      "iterations": 100000,
      "engine": "DFA,"
    },
    "alternation_common_prefix": {
      "time_ns": 153.02243,
      "time_ms": 0.00015302243000000002,
      "iterations": 100000,
      "engine": "DFA,"
    },
    "complex_email": {
      "time_ns": 43417.24827586207,
      "time_ms": 0.04341724827586207,
      "iterations": 2320,
      "engine": "DFA,"
    },
    "complex_number": {
      "time_ns": 60983.531,
      "time_ms": 0.060983531,
      "iterations": 2000,
      "engine": "DFA,"
    },
    "simple_phone": {
      "time_ns": 845894.94,
      "time_ms": 0.84589494,
      "iterations": 200,
      "engine": "DFA,"
    },
    "flexible_phone": {
      "time_ns": 5297317.33,
      "time_ms": 5.29731733,
      "iterations": 100,
      "engine": "NFA,"
    },
    "multi_format_phone": {
      "time_ns": 16398987.519999998,
      "time_ms": 16.39898752,
      "iterations": 50,
      "engine": "NFA,"
    },
    "phone_validation": {
      "time_ns": 1303.3145974025972,
      "time_ms": 0.0013033145974025973,
      "iterations": 77000,
      "engine": "NFA,"
    },
    "dfa_simple_phone": {
      "time_ns": 767177.12,
      "time_ms": 0.76717712,
      "iterations": 200,
      "engine": "DFA,"
    },
    "dfa_paren_phone": {
      "time_ns": 755382.935,
      "time_ms": 0.7553829350000001,
      "iterations": 200,
      "engine": "DFA,"
    },
    "dfa_dot_phone": {
      "time_ns": 1021250.14,
      "time_ms": 1.02125014,
      "iterations": 100,
      "engine": "DFA,"
    },
    "dfa_digits_only": {
      "time_ns": 481638.6666666666,
      "time_ms": 0.4816386666666666,
      "iterations": 300,
      "engine": "DFA,"
    },
    "pure_dfa_dash": {
      "time_ns": 4048.61072,
      "time_ms": 0.00404861072,
      "iterations": 25000,
      "engine": "DFA,"
    },
    "pure_dfa_paren": {
      "time_ns": 1399.888486111111,
      "time_ms": 0.001399888486111111,
      "iterations": 72000,
      "engine": "DFA,"
    },
    "pure_dfa_dot": {
      "time_ns": 3135.2266363636363,
      "time_ms": 0.0031352266363636363,
      "iterations": 33000,
      "engine": "DFA,"
    },
    "smart_phone_primary": {
      "time_ns": 885829.7,
      "time_ms": 0.8858296999999999,
      "iterations": 200,
      "engine": "DFA,"
    },
    "national_phone_validation": {
      "time_ns": 189633.82264150944,
      "time_ms": 0.18963382264150944,
      "iterations": 530,
      "engine": "DFA,"
    },
    "toll_free_simple": {
      "time_ns": 63519.115625,
      "time_ms": 0.063519115625,
      "iterations": 1600,
      "engine": "DFA,"
    },
    "toll_free_complex": {
      "time_ns": 351458.4733333334,
      "time_ms": 0.3514584733333334,
      "iterations": 300,
      "engine": "NFA,"
    },
    "single_quantifier_digits": {
      "time_ns": 51639.153,
      "time_ms": 0.051639153,
      "iterations": 2000,
      "engine": "DFA,"
    },
    "single_quantifier_alpha": {
      "time_ns": 45884.53954545454,
      "time_ms": 0.045884539545454545,
      "iterations": 2200,
      "engine": "DFA,"
    },
    "dual_quantifiers": {
      "time_ns": 112220.51222222221,
      "time_ms": 0.11222051222222221,
      "iterations": 900,
      "engine": "DFA,"
    },
    "triple_quantifiers": {
      "time_ns": 81834.31,
      "time_ms": 0.08183431,
      "iterations": 1300,
      "engine": "DFA,"
    },
    "quad_quantifiers": {
      "time_ns": 119588.08888888889,
      "time_ms": 0.11958808888888889,
      "iterations": 900,
      "engine": "DFA,"
    },
    "range_quantifiers": {
      "time_ns": 88787.1425,
      "time_ms": 0.0887871425,
      "iterations": 1200,
      "engine": "DFA,"
    },
    "mixed_range_quantifiers": {
      "time_ns": 129405.77696969699,
      "time_ms": 0.129405776969697,
      "iterations": 825,
      "engine": "DFA,"
    },
    "datetime_quantifiers": {
      "time_ns": 103809.92300000001,
      "time_ms": 0.10380992300000001,
      "iterations": 1000,
      "engine": "DFA,"
    },
    "flexible_datetime": {
      "time_ns": 124630.62888888888,
      "time_ms": 0.12463062888888889,
      "iterations": 900,
      "engine": "DFA,"
    },
    "dense_quantifiers": {
      "time_ns": 181431.15166666667,
      "time_ms": 0.18143115166666668,
      "iterations": 600,
      "engine": "DFA,"
    },
    "ultra_dense_quantifiers": {
      "time_ns": 188998.9890909091,
      "time_ms": 0.1889989890909091,
      "iterations": 550,
      "engine": "DFA,"
    },
    "grouped_quantifiers": {
      "time_ns": 614109.155,
      "time_ms": 0.6141091550000001,
      "iterations": 200,
      "engine": "NFA,"
    },
    "alternation_quantifiers": {
      "time_ns": 1477689.2666666666,
      "time_ms": 1.4776892666666666,
      "iterations": 75,
      "engine": "NFA,"
    },
    "optimize_range_quantifier": {
      "time_ns": 372077.23,
      "time_ms": 0.37207723,
      "iterations": 1000,
      "engine": "NFA,"
    },
    "optimize_multiple_quantifiers": {
      "time_ns": 147614.3,