{
  "engine": "mojo",
  "timestamp": "2026-05-01T23:04:58.509531",
  "results": {
    "literal_match_short": {
      "time_ns": 69.0850974025974,
      "time_ms": 6.90850974025974e-05,
      "iterations": 6930000,
      "engine": "DFA,"
    },
    "literal_match_long": {
      "time_ns": 387.4063541666667,
      "time_ms": 0.00038740635416666667,
      "iterations": 1296000,
      "engine": "DFA,"
    },
    "wildcard_match_any": {
      "time_ns": 0.8381487405159334,
      "time_ms": 8.381487405159333e-07,
      "iterations": 593100000,
      "engine": "NFA,"
    },
    "quantifier_zero_or_more": {
      "time_ns": 3.017382564170768,
      "time_ms": 3.0173825641707677e-06,
      "iterations": 165418000,
      "engine": "DFA,"
    },
    "quantifier_one_or_more": {
      "time_ns": 3.158496083865526,
      "time_ms": 3.158496083865526e-06,
      "iterations": 141083000,
      "engine": "DFA,"
    },
    "quantifier_zero_or_one": {
      "time_ns": 3.0129337498183935,
      "time_ms": 3.0129337498183934e-06,
      "iterations": 165192000,
      "engine": "DFA,"
    },
    "range_lowercase": {
      "time_ns": 170.97485185185184,
      "time_ms": 0.00017097485185185184,
      "iterations": 2700000,
      "engine": "DFA,"
    },
    "range_digits": {
      "time_ns": 201.64316666666667,
      "time_ms": 0.00020164316666666668,
      "iterations": 2496000,
      "engine": "DFA,"
    },
    "range_alphanumeric": {
      "time_ns": 400.2405,
      "time_ms": 0.0004002405,
      "iterations": 1144000,
      "engine": "DFA,"
    },
    "predefined_digits": {
      "time_ns": 201.03817999999998,
      "time_ms": 0.00020103818,
      "iterations": 2500000,
      "engine": "DFA,"
    },
    "predefined_word": {
      "time_ns": 19755.586,
      "time_ms": 0.019755586,
      "iterations": 27000,
      "engine": "DFA,"
    },
    "anchor_start": {
      "time_ns": 4.844976250702642,
      "time_ms": 4.844976250702642e-06,
      "iterations": 92508000,
      "engine": "DFA,"
    },
    "alternation_simple": {
      "time_ns": 3.223148642047675,
      "time_ms": 3.223148642047675e-06,
      "iterations": 143304000,
      "engine": "DFA,"
    },
    "group_alternation": {
      "time_ns": 3.0335151889355396,
      "time_ms": 3.0335151889355397e-06,
      "iterations": 170058000,
      "engine": "DFA,"
    },
    "large_8_alternations": {
      "time_ns": 54.55439090909091,
      "time_ms": 5.455439090909091e-05,
      "iterations": 8360000,
      "engine": "DFA,"
    },
    "deep_nested_groups_depth4": {
      "time_ns": 6.371405545927209,
      "time_ms": 6.3714055459272095e-06,
      "iterations": 78472000,
      "engine": "DFA,"
    },
    "literal_heavy_alternation": {
      "time_ns": 64.75776923076923,
      "time_ms": 6.475776923076923e-05,
      "iterations": 7098000,
      "engine": "DFA,"
    },
    "complex_group_5_children": {
      "time_ns": 33.0356687763713,
      "time_ms": 3.30356687763713e-05,
      "iterations": 15168000,
      "engine": "DFA,"
    },
    "match_all_simple": {
      "time_ns": 4399.399545454546,
      "time_ms": 0.004399399545454545,
      "iterations": 103400,
      "engine": "DFA,"
    },
    "match_all_digits": {
      "time_ns": 2567.78425,
      "time_ms": 0.0025677842500000003,
      "iterations": 196000,
      "engine": "DFA,"
    },
    "literal_prefix_short": {
      "time_ns": 86.37242361236666,
      "time_ms": 8.637242361236667e-05,
      "iterations": 5265512,
      "engine": "NFA,"
    },
    "literal_prefix_long": {
      "time_ns": 1103.3707207767957,
      "time_ms": 0.0011033707207767957,
      "iterations": 457881,
      "engine": "NFA,"
    },
    "required_literal_short": {
      "time_ns": 156.75339783932267,
      "time_ms": 0.00015675339783932266,
      "iterations": 2926860,
      "engine": "NFA+Prefilter,"
    },
    "no_literal_baseline": {
      "time_ns": 6.000646792497207,
      "time_ms": 6.000646792497207e-06,
      "iterations": 77194773,
      "engine": "DFA,"
    },
    "alternation_common_prefix": {
      "time_ns": 10.587698305477284,
      "time_ms": 1.0587698305477284e-05,
      "iterations": 46943484,
      "engine": "DFA,"
    },
    "complex_email": {
      "time_ns": 3073.81234375,
      "time_ms": 0.00307381234375,
      "iterations": 166400,
      "engine": "DFA,"
    },
    "complex_number": {
      "time_ns": 6212.583,
      "time_ms": 0.006212583,
      "iterations": 72000,
      "engine": "DFA,"
    },
    "simple_phone": {
      "time_ns": 19979.732,
      "time_ms": 0.019979732,
      "iterations": 25000,
      "engine": "DFA,"
    },
    "flexible_phone": {
      "time_ns": 51656.695,
      "time_ms": 0.051656695,
      "iterations": 8600,
      "engine": "NFA,"
    },
    "multi_format_phone": {
      "time_ns": 56674.245,
      "time_ms": 0.056674245000000005,
      "iterations": 9000,
      "engine": "NFA,"
    },
    "phone_validation": {
      "time_ns": 14.361903055555555,
      "time_ms": 1.4361903055555555e-05,
      "iterations": 32400000,
      "engine": "NFA,"
    },
    "dfa_simple_phone": {
      "time_ns": 19989.872,
      "time_ms": 0.019989872,
      "iterations": 25000,
      "engine": "DFA,"
    },
    "dfa_paren_phone": {
      "time_ns": 3983.305555555556,
      "time_ms": 0.003983305555555556,
      "iterations": 115200,
      "engine": "DFA,"
    },
    "dfa_dot_phone": {
      "time_ns": 25397.403749999998,
      "time_ms": 0.02539740375,
      "iterations": 19200,
      "engine": "DFA,"
    },
    "dfa_digits_only": {
      "time_ns": 85944.24,
      "time_ms": 0.08594424,
      "iterations": 5500,
      "engine": "DFA,"
    },
    "pure_dfa_dash": {
      "time_ns": 74.06780603448277,
      "time_ms": 7.406780603448276e-05,
      "iterations": 6496000,
      "engine": "DFA,"
    },
    "pure_dfa_paren": {
      "time_ns": 76.88132967032968,
      "time_ms": 7.688132967032968e-05,
      "iterations": 6279000,
      "engine": "DFA,"
    },
    "pure_dfa_dot": {
      "time_ns": 82.82583132530121,
      "time_ms": 8.282583132530121e-05,
      "iterations": 5727000,
      "engine": "DFA,"
    },
    "smart_phone_primary": {
      "time_ns": 20351.95,
      "time_ms": 0.02035195,
      "iterations": 23100,
      "engine": "DFA,"
    },
    "national_phone_validation": {
      "time_ns": 27318.93947368421,
      "time_ms": 0.02731893947368421,
      "iterations": 17480,
      "engine": "NFA,"
    },
    "toll_free_simple": {
      "time_ns": 7919.632499999999,
      "time_ms": 0.007919632499999999,
      "iterations": 59200,
      "engine": "DFA,"
    },
    "toll_free_complex": {
      "time_ns": 6736.2484375,
      "time_ms": 0.0067362484375,
      "iterations": 70400,
      "engine": "DFA,"
    },
    "single_quantifier_digits": {
      "time_ns": 13454.875000000002,
      "time_ms": 0.013454875000000002,
      "iterations": 36000,
      "engine": "DFA,"
    },
    "single_quantifier_alpha": {
      "time_ns": 8752.244166666665,
      "time_ms": 0.008752244166666666,
      "iterations": 52800,
      "engine": "DFA,"
    },
    "dual_quantifiers": {
      "time_ns": 16867.606666666667,
      "time_ms": 0.016867606666666667,
      "iterations": 28350,
      "engine": "DFA,"
    },
    "triple_quantifiers": {
      "time_ns": 3365.767931034483,
      "time_ms": 0.003365767931034483,
      "iterations": 139200,
      "engine": "DFA,"
    },
    "quad_quantifiers": {
      "time_ns": 3357.4129545454543,
      "time_ms": 0.0033574129545454546,
      "iterations": 145200,
      "engine": "DFA,"
    },
    "range_quantifiers": {
      "time_ns": 16049.104285714287,
      "time_ms": 0.016049104285714287,
      "iterations": 28700,
      "engine": "DFA,"
    },
    "mixed_range_quantifiers": {
      "time_ns": 3368.61037037037,
      "time_ms": 0.0033686103703703704,
      "iterations": 143775,
      "engine": "DFA,"
    },
    "datetime_quantifiers": {
      "time_ns": 36068.3675,
      "time_ms": 0.036068367500000004,
      "iterations": 13600,