{
  "engine": "mojo",
  "timestamp": "2026-04-02T21:59:14.283656",
  "results": {
    "literal_match_short": {
      "time_ns": 1327.6899999999998,
      "time_ms": 0.0013276899999999999,
      "iterations": 380000,
      "engine": "DFA,"
    },
    "literal_match_long": {
      "time_ns": 10481.09,
      "time_ms": 0.01048109,
      "iterations": 50000,
      "engine": "DFA,"
    },
    "wildcard_match_any": {
      "time_ns": 1.1951252158894645,
      "time_ms": 1.1951252158894645e-06,
      "iterations": 405300000,
      "engine": "NFA,"
    },
    "quantifier_zero_or_more": {
      "time_ns": 9.1204453125,
      "time_ms": 9.1204453125e-06,
      "iterations": 55552000,
      "engine": "DFA,"
    },
    "quantifier_one_or_more": {
      "time_ns": 10.152609406952966,
      "time_ms": 1.0152609406952966e-05,
      "iterations": 50367000,
      "engine": "DFA,"
    },
    "quantifier_zero_or_one": {
      "time_ns": 9.602226053639848,
      "time_ms": 9.602226053639848e-06,
      "iterations": 53244000,
      "engine": "DFA,"
    },
    "range_lowercase": {
      "time_ns": 3479.207,
      "time_ms": 0.003479207,
      "iterations": 143000,
      "engine": "DFA,"
    },
    "range_digits": {
      "time_ns": 576.44,
      "time_ms": 0.00057644,
      "iterations": 858000,
      "engine": "DFA,"
    },
    "range_alphanumeric": {
      "time_ns": 29334.633,
      "time_ms": 0.029334633000000002,
      "iterations": 17000,
      "engine": "DFA,"
    },
    "predefined_digits": {
      "time_ns": 527.034,
      "time_ms": 0.000527034,
      "iterations": 922000,
      "engine": "DFA,"
    },
    "predefined_word": {
      "time_ns": 27844.929,
      "time_ms": 0.027844929,
      "iterations": 17000,
      "engine": "DFA,"
    },
    "anchor_start": {
      "time_ns": 17.178323619631904,
      "time_ms": 1.7178323619631903e-05,
      "iterations": 28688000,
      "engine": "DFA,"
    },
    "alternation_simple": {
      "time_ns": 11.615755555555555,
      "time_ms": 1.1615755555555556e-05,
      "iterations": 42120000,
      "engine": "DFA,"
    },
    "group_alternation": {
      "time_ns": 13.59571320754717,
      "time_ms": 1.359571320754717e-05,
      "iterations": 36835000,
      "engine": "DFA,"
    },
    "large_8_alternations": {
      "time_ns": 174.8576,
      "time_ms": 0.00017485759999999998,
      "iterations": 2525000,
      "engine": "DFA,"
    },
    "deep_nested_groups_depth4": {
      "time_ns": 67.37240476190478,
      "time_ms": 6.737240476190477e-05,
      "iterations": 7140000,
      "engine": "DFA,"
    },
    "literal_heavy_alternation": {
      "time_ns": 208.31366666666665,
      "time_ms": 0.00020831366666666665,
      "iterations": 2280000,
      "engine": "DFA,"
    },
    "complex_group_5_children": {
      "time_ns": 190.66733333333332,
      "time_ms": 0.00019066733333333332,
      "iterations": 2664000,
      "engine": "DFA,"
    },
    "match_all_simple": {
      "time_ns": 10128.95,
      "time_ms": 0.010128950000000001,
      "iterations": 45000,
      "engine": "DFA,"
    },
    "match_all_digits": {
      "time_ns": 5594.5675,
      "time_ms": 0.0055945675,
      "iterations": 86400,
      "engine": "DFA,"
    },
    "literal_prefix_short": {
      "time_ns": 208.6781763826607,
      "time_ms": 0.00020867817638266068,
      "iterations": 2180940,
      "engine": "NFA,"
    },
    "literal_prefix_long": {
      "time_ns": 2162.163636363636,
      "time_ms": 0.002162163636363636,
      "iterations": 210650,
      "engine": "NFA,"
    },
    "required_literal_short": {
      "time_ns": 328.4349173553719,
      "time_ms": 0.0003284349173553719,
      "iterations": 1377464,
      "engine": "NFA+Prefilter,"
    },
    "no_literal_baseline": {
      "time_ns": 16.86710201200141,
      "time_ms": 1.6867102012001412e-05,
      "iterations": 32794808,
      "engine": "DFA,"
    },
    "alternation_common_prefix": {
      "time_ns": 32.20639834881321,
      "time_ms": 3.220639834881321e-05,
      "iterations": 15585396,
      "engine": "DFA,"
    },
    "complex_email": {
      "time_ns": 7863.8875,
      "time_ms": 0.0078638875,
      "iterations": 53520,
      "engine": "DFA,"
    },
    "complex_number": {
      "time_ns": 20644.294,
      "time_ms": 0.020644294,
      "iterations": 18500,
      "engine": "DFA,"
    },
    "simple_phone": {
      "time_ns": 289707.93,
      "time_ms": 0.28970793,
      "iterations": 1700,
      "engine": "DFA,"
    },
    "flexible_phone": {
      "time_ns": 181245.5,
      "time_ms": 0.1812455,
      "iterations": 2900,
      "engine": "NFA,"
    },
    "multi_format_phone": {
      "time_ns": 109417.96,
      "time_ms": 0.10941796000000001,
      "iterations": 4050,
      "engine": "NFA,"
    },
    "phone_validation": {
      "time_ns": 43.46913513513513,
      "time_ms": 4.346913513513513e-05,
      "iterations": 11858500,
      "engine": "NFA,"
    },
    "dfa_simple_phone": {
      "time_ns": 189543.345,
      "time_ms": 0.189543345,
      "iterations": 2400,
      "engine": "DFA,"
    },
    "dfa_paren_phone": {
      "time_ns": 24701.935,
      "time_ms": 0.024701935,
      "iterations": 20000,
      "engine": "DFA,"
    },
    "dfa_dot_phone": {
      "time_ns": 185739.81499999997,
      "time_ms": 0.18573981499999997,
      "iterations": 2800,
      "engine": "DFA,"
    },
    "dfa_digits_only": {
      "time_ns": 323480.55000000005,
      "time_ms": 0.32348055000000003,
      "iterations": 1600,
      "engine": "DFA,"
    },
    "pure_dfa_dash": {
      "time_ns": 1924.071,
      "time_ms": 0.0019240709999999999,
      "iterations": 245000,
      "engine": "DFA,"
    },
    "pure_dfa_paren": {
      "time_ns": 431.84933333333333,
      "time_ms": 0.0004318493333333333,
      "iterations": 1161000,
      "engine": "DFA,"
    },
    "pure_dfa_dot": {
      "time_ns": 172.332,
      "time_ms": 0.000172332,
      "iterations": 2874000,
      "engine": "DFA,"
    },
    "smart_phone_primary": {
      "time_ns": 262913.17,
      "time_ms": 0.26291317,
      "iterations": 1900,
      "engine": "DFA,"
    },
    "national_phone_validation": {
      "time_ns": 59439.55,
      "time_ms": 0.05943955,
      "iterations": 8140,
      "engine": "DFA,"
    },
    "toll_free_simple": {
      "time_ns": 36525.89,
      "time_ms": 0.03652589,
      "iterations": 13700,
      "engine": "DFA,"
    },
    "toll_free_complex": {
      "time_ns": 21764.4,
      "time_ms": 0.021764400000000003,
      "iterations": 20500,
      "engine": "DFA,"
    },
    "single_quantifier_digits": {
      "time_ns": 53878.365,
      "time_ms": 0.053878365,
      "iterations": 9000,
      "engine": "DFA,"
    },
    "single_quantifier_alpha": {
      "time_ns": 25492.48,
      "time_ms": 0.025492479999999998,
      "iterations": 18600,
      "engine": "DFA,"
    },
    "dual_quantifiers": {
      "time_ns": 46822.98,
      "time_ms": 0.04682298,
      "iterations": 11250,
      "engine": "DFA,"
    },
    "triple_quantifiers": {
      "time_ns": 46435.25,
      "time_ms": 0.04643525,
      "iterations": 10300,
      "engine": "DFA,"
    },
    "quad_quantifiers": {
      "time_ns": 56255.54,
      "time_ms": 0.05625554,
      "iterations": 8900,
      "engine": "DFA,"
    },
    "range_quantifiers": {
      "time_ns": 41972.7,
      "time_ms": 0.041972699999999995,
      "iterations": 11500,
      "engine": "DFA,"
    },
    "mixed_range_quantifiers": {
      "time_ns": 39494.693333333336,
      "time_ms": 0.03949469333333334,
      "iterations": 12675,
      "engine": "DFA,"
    },
    "datetime_quantifiers": {
      "time_ns": 85597.74,
      "time_ms": 0.08559774,
      "iterations": 6300,
      "engine": "DFA,"
    },
    "flexible_datetime": {
      "time_ns": 116794.09,
      "time_ms": 0.11679409,
      "iterations": 4100,
      "engine": "DFA,"
    },
    "dense_quantifiers": {
      "time_ns": 102936.13000000002,
      "time_ms": 0.10293613000000001,
      "iterations": 5200,
      "engine": "DFA,"
    },