{
  "engine": "mojo",
  "timestamp": "2026-04-15T00:45:02.074102",
  "results": {
    "literal_match_short": {
      "time_ns": 703.601,
      "time_ms": 0.000703601,
      "iterations": 620000,
      "engine": "DFA,"
    },
    "literal_match_long": {
      "time_ns": 6218.44175,
      "time_ms": 0.0062184417499999995,
      "iterations": 56000,
      "engine": "DFA,"
    },
    "wildcard_match_any": {
      "time_ns": 0.6383161984459056,
      "time_ms": 6.383161984459056e-07,
      "iterations": 634067000,
      "engine": "NFA,"
    },
    "quantifier_zero_or_more": {
      "time_ns": 3.3004149184149183,
      "time_ms": 3.300414918414918e-06,
      "iterations": 134277000,
      "engine": "DFA,"
    },
    "quantifier_one_or_more": {
      "time_ns": 3.1798128019323673,
      "time_ms": 3.179812801932367e-06,
      "iterations": 132480000,
      "engine": "DFA,"
    },
    "quantifier_zero_or_one": {
      "time_ns": 3.3138138461538467,
      "time_ms": 3.3138138461538466e-06,
      "iterations": 132600000,
      "engine": "DFA,"
    },
    "range_lowercase": {
      "time_ns": 1603.6204999999998,
      "time_ms": 0.0016036204999999998,
      "iterations": 250000,
      "engine": "DFA,"
    },
    "range_digits": {
      "time_ns": 269.5955,
      "time_ms": 0.00026959550000000003,
      "iterations": 1598000,
      "engine": "DFA,"
    },
    "range_alphanumeric": {
      "time_ns": 1958.5840000000003,
      "time_ms": 0.001958584,
      "iterations": 213000,
      "engine": "DFA,"
    },
    "predefined_digits": {
      "time_ns": 261.838,
      "time_ms": 0.000261838,
      "iterations": 1586000,
      "engine": "DFA,"
    },
    "predefined_word": {
      "time_ns": 13959.0305,
      "time_ms": 0.0139590305,
      "iterations": 28000,
      "engine": "DFA,"
    },
    "anchor_start": {
      "time_ns": 4.688328793774319,
      "time_ms": 4.68832879377432e-06,
      "iterations": 95604000,
      "engine": "DFA,"
    },
    "alternation_simple": {
      "time_ns": 3.183167919799499,
      "time_ms": 3.183167919799499e-06,
      "iterations": 126084000,
      "engine": "DFA,"
    },
    "group_alternation": {
      "time_ns": 3.4543753026634385,
      "time_ms": 3.4543753026634384e-06,
      "iterations": 136290000,
      "engine": "DFA,"
    },
    "large_8_alternations": {
      "time_ns": 62.820555555555565,
      "time_ms": 6.282055555555556e-05,
      "iterations": 6786000,
      "engine": "DFA,"
    },
    "deep_nested_groups_depth4": {
      "time_ns": 14.617692307692307,
      "time_ms": 1.4617692307692308e-05,
      "iterations": 30264000,
      "engine": "DFA,"
    },
    "literal_heavy_alternation": {
      "time_ns": 64.21973333333334,
      "time_ms": 6.421973333333334e-05,
      "iterations": 6030000,
      "engine": "DFA,"
    },
    "complex_group_5_children": {
      "time_ns": 41.999,
      "time_ms": 4.1999e-05,
      "iterations": 10476000,
      "engine": "DFA,"
    },
    "match_all_simple": {
      "time_ns": 5330.605,
      "time_ms": 0.0053306049999999995,
      "iterations": 74600,
      "engine": "DFA,"
    },
    "match_all_digits": {
      "time_ns": 3688.185,
      "time_ms": 0.003688185,
      "iterations": 122600,
      "engine": "DFA,"
    },
    "literal_prefix_short": {
      "time_ns": 116.15813859790492,
      "time_ms": 0.00011615813859790492,
      "iterations": 3425160,
      "engine": "NFA,"
    },
    "literal_prefix_long": {
      "time_ns": 1323.5843828715365,
      "time_ms": 0.0013235843828715364,
      "iterations": 347375,
      "engine": "NFA,"
    },
    "required_literal_short": {
      "time_ns": 167.2369997860047,
      "time_ms": 0.0001672369997860047,
      "iterations": 2476690,
      "engine": "NFA+Prefilter,"
    },
    "no_literal_baseline": {
      "time_ns": 6.239043824701195,
      "time_ms": 6.239043824701195e-06,
      "iterations": 69076204,
      "engine": "DFA,"
    },
    "alternation_common_prefix": {
      "time_ns": 9.267008639308855,
      "time_ms": 9.267008639308855e-06,
      "iterations": 52970904,
      "engine": "DFA,"
    },
    "complex_email": {
      "time_ns": 3486.979166666667,
      "time_ms": 0.003486979166666667,
      "iterations": 140640,
      "engine": "DFA,"
    },
    "complex_number": {
      "time_ns": 11198.678,
      "time_ms": 0.011198678,
      "iterations": 42000,
      "engine": "DFA,"
    },
    "simple_phone": {
      "time_ns": 81115.59500000002,
      "time_ms": 0.08111559500000001,
      "iterations": 6200,
      "engine": "DFA,"
    },
    "flexible_phone": {
      "time_ns": 75937.99500000001,
      "time_ms": 0.07593799500000001,
      "iterations": 6200,
      "engine": "NFA,"
    },
    "multi_format_phone": {
      "time_ns": 57311.86,
      "time_ms": 0.05731186,
      "iterations": 8650,
      "engine": "NFA,"
    },
    "phone_validation": {
      "time_ns": 21.989062068965517,
      "time_ms": 2.1989062068965516e-05,
      "iterations": 21170000,
      "engine": "NFA,"
    },
    "dfa_simple_phone": {
      "time_ns": 82430.685,
      "time_ms": 0.082430685,
      "iterations": 5800,
      "engine": "DFA,"
    },
    "dfa_paren_phone": {
      "time_ns": 14747.26,
      "time_ms": 0.01474726,
      "iterations": 31900,
      "engine": "DFA,"
    },
    "dfa_dot_phone": {
      "time_ns": 84562.27,
      "time_ms": 0.08456227000000001,
      "iterations": 5900,
      "engine": "DFA,"
    },
    "dfa_digits_only": {
      "time_ns": 128595.54000000001,
      "time_ms": 0.12859554,
      "iterations": 3800,
      "engine": "DFA,"
    },
    "pure_dfa_dash": {
      "time_ns": 992.0609999999998,
      "time_ms": 0.0009920609999999998,
      "iterations": 500000,
      "engine": "DFA,"
    },
    "pure_dfa_paren": {
      "time_ns": 332.80833333333334,
      "time_ms": 0.00033280833333333335,
      "iterations": 1536000,
      "engine": "DFA,"
    },
    "pure_dfa_dot": {
      "time_ns": 106.57169999999999,
      "time_ms": 0.00010657169999999999,
      "iterations": 4130000,
      "engine": "DFA,"
    },
    "smart_phone_primary": {
      "time_ns": 114775.5,
      "time_ms": 0.1147755,
      "iterations": 4200,
      "engine": "DFA,"
    },
    "national_phone_validation": {
      "time_ns": 27424.775,
      "time_ms": 0.027424775000000002,
      "iterations": 18040,
      "engine": "NFA,"
    },
    "toll_free_simple": {
      "time_ns": 18321.77,
      "time_ms": 0.01832177,
      "iterations": 26300,
      "engine": "DFA,"
    },
    "toll_free_complex": {
      "time_ns": 7600.555,
      "time_ms": 0.007600555,
      "iterations": 65000,
      "engine": "DFA,"
    },
    "single_quantifier_digits": {
      "time_ns": 22022.795,
      "time_ms": 0.022022794999999998,
      "iterations": 23000,
      "engine": "DFA,"
    },
    "single_quantifier_alpha": {
      "time_ns": 9934.07,
      "time_ms": 0.00993407,
      "iterations": 49800,
      "engine": "DFA,"
    },
    "dual_quantifiers": {
      "time_ns": 24103.103333333333,
      "time_ms": 0.024103103333333334,
      "iterations": 19500,
      "engine": "DFA,"
    },
    "triple_quantifiers": {
      "time_ns": 17425.17,
      "time_ms": 0.017425169999999997,
      "iterations": 28300,
      "engine": "DFA,"
    },
    "quad_quantifiers": {
      "time_ns": 27013.28,
      "time_ms": 0.027013279999999997,
      "iterations": 17500,
      "engine": "DFA,"
    },
    "range_quantifiers": {
      "time_ns": 15820.105000000001,
      "time_ms": 0.015820105,
      "iterations": 31400,
      "engine": "DFA,"
    },
    "mixed_range_quantifiers": {
      "time_ns": 23851.666666666668,
      "time_ms": 0.023851666666666667,
      "iterations": 19725,
      "engine": "DFA,"
    },
    "datetime_quantifiers": {
      "time_ns": 24901.84,
      "time_ms": 0.02490184,
      "iterations": 19500,
      "engine": "DFA,"
    },
    "flexible_datetime": {
      "time_ns": 78985.24,
      "time_ms": 0.07898524,
      "iterations": 6600,
      "engine": "DFA,"
    },