{
  "engine": "mojo",
  "timestamp": "2026-04-18T07:53:05.830625+00:00",
  "results": {
    "literal_match_short": {
      "time_ns": 752.1761428571428,
      "time_ms": 0.0007521761428571428,
      "iterations": 630000,
      "engine": "DFA,"
    },
    "literal_match_long": {
      "time_ns": 6945.575500000001,
      "time_ms": 0.0069455755000000004,
      "iterations": 72000,
      "engine": "DFA,"
    },
    "wildcard_match_any": {
      "time_ns": 0.9194329417523249,
      "time_ms": 9.194329417523249e-07,
      "iterations": 490320000,
      "engine": "NFA,"
    },
    "quantifier_zero_or_more": {
      "time_ns": 5.190687554969217,
      "time_ms": 5.190687554969217e-06,
      "iterations": 95508000,
      "engine": "DFA,"
    },
    "quantifier_one_or_more": {
      "time_ns": 5.225207195203198,
      "time_ms": 5.225207195203198e-06,
      "iterations": 99066000,
      "engine": "DFA,"
    },
    "quantifier_zero_or_one": {
      "time_ns": 5.226660387710315,
      "time_ms": 5.226660387710315e-06,
      "iterations": 98424000,
      "engine": "DFA,"
    },
    "range_lowercase": {
      "time_ns": 280.7615714285714,
      "time_ms": 0.00028076157142857143,
      "iterations": 1708000,
      "engine": "DFA,"
    },
    "range_digits": {
      "time_ns": 617.3583684210527,
      "time_ms": 0.0006173583684210527,
      "iterations": 760000,
      "engine": "DFA,"
    },
    "range_alphanumeric": {
      "time_ns": 634.2033571428573,
      "time_ms": 0.0006342033571428572,
      "iterations": 756000,
      "engine": "DFA,"
    },
    "predefined_digits": {
      "time_ns": 597.6965952380951,
      "time_ms": 0.0005976965952380951,
      "iterations": 840000,
      "engine": "DFA,"
    },
    "predefined_word": {
      "time_ns": 18503.3825,
      "time_ms": 0.0185033825,
      "iterations": 26000,
      "engine": "DFA,"
    },
    "anchor_start": {
      "time_ns": 8.025195693237627,
      "time_ms": 8.025195693237628e-06,
      "iterations": 58234000,
      "engine": "DFA,"
    },
    "alternation_simple": {
      "time_ns": 5.259440824813724,
      "time_ms": 5.259440824813724e-06,
      "iterations": 98107000,
      "engine": "DFA,"
    },
    "group_alternation": {
      "time_ns": 5.251261413673232,
      "time_ms": 5.2512614136732325e-06,
      "iterations": 94930000,
      "engine": "DFA,"
    },
    "large_8_alternations": {
      "time_ns": 71.74119915254236,
      "time_ms": 7.174119915254236e-05,
      "iterations": 6844000,
      "engine": "DFA,"
    },
    "deep_nested_groups_depth4": {
      "time_ns": 10.733106274007682,
      "time_ms": 1.0733106274007681e-05,
      "iterations": 33583000,
      "engine": "DFA,"
    },
    "literal_heavy_alternation": {
      "time_ns": 94.74418811881188,
      "time_ms": 9.474418811881188e-05,
      "iterations": 5353000,
      "engine": "DFA,"
    },
    "complex_group_5_children": {
      "time_ns": 52.6333027027027,
      "time_ms": 5.26333027027027e-05,
      "iterations": 9435000,
      "engine": "DFA,"
    },
    "match_all_simple": {
      "time_ns": 7138.757916666667,
      "time_ms": 0.007138757916666667,
      "iterations": 69600,
      "engine": "DFA,"
    },
    "match_all_digits": {
      "time_ns": 7034.340937499999,
      "time_ms": 0.0070343409374999995,
      "iterations": 67200,
      "engine": "DFA,"
    },
    "literal_prefix_short": {
      "time_ns": 142.57588557166173,
      "time_ms": 0.00014257588557166172,
      "iterations": 3500112,
      "engine": "NFA,"
    },
    "literal_prefix_long": {
      "time_ns": 2083.2003219871203,
      "time_ms": 0.0020832003219871205,
      "iterations": 234792,
      "engine": "NFA,"
    },
    "required_literal_short": {
      "time_ns": 245.4536505793678,
      "time_ms": 0.0002454536505793678,
      "iterations": 1920024,
      "engine": "NFA+Prefilter,"
    },
    "no_literal_baseline": {
      "time_ns": 10.176028979420412,
      "time_ms": 1.0176028979420411e-05,
      "iterations": 49048600,
      "engine": "DFA,"
    },
    "alternation_common_prefix": {
      "time_ns": 11.764698182362183,
      "time_ms": 1.1764698182362183e-05,
      "iterations": 38823576,
      "engine": "DFA,"
    },
    "complex_email": {
      "time_ns": 5197.10078125,
      "time_ms": 0.00519710078125,
      "iterations": 96000,
      "engine": "DFA,"
    },
    "complex_number": {
      "time_ns": 9945.487333333333,
      "time_ms": 0.009945487333333333,
      "iterations": 51000,
      "engine": "DFA,"
    },
    "simple_phone": {
      "time_ns": 34805.15666666667,
      "time_ms": 0.03480515666666667,
      "iterations": 14400,
      "engine": "DFA,"
    },
    "flexible_phone": {
      "time_ns": 87950.29,
      "time_ms": 0.08795029,
      "iterations": 5500,
      "engine": "NFA,"
    },
    "multi_format_phone": {
      "time_ns": 95100.87666666666,
      "time_ms": 0.09510087666666667,
      "iterations": 5100,
      "engine": "NFA,"
    },
    "phone_validation": {
      "time_ns": 285.26134065934065,
      "time_ms": 0.00028526134065934067,
      "iterations": 1774500,
      "engine": "NFA,"
    },
    "dfa_simple_phone": {
      "time_ns": 33367.945,
      "time_ms": 0.033367944999999996,
      "iterations": 14400,
      "engine": "DFA,"
    },
    "dfa_paren_phone": {
      "time_ns": 6780.669090909091,
      "time_ms": 0.0067806690909090915,
      "iterations": 67100,
      "engine": "DFA,"
    },
    "dfa_dot_phone": {
      "time_ns": 42756.04666666667,
      "time_ms": 0.04275604666666667,
      "iterations": 11100,
      "engine": "DFA,"
    },
    "dfa_digits_only": {
      "time_ns": 149274.16999999998,
      "time_ms": 0.14927416999999998,
      "iterations": 3400,
      "engine": "DFA,"
    },
    "pure_dfa_dash": {
      "time_ns": 1511.4302500000001,
      "time_ms": 0.00151143025,
      "iterations": 324000,
      "engine": "DFA,"
    },
    "pure_dfa_paren": {
      "time_ns": 320.74133333333333,
      "time_ms": 0.0003207413333333333,
      "iterations": 1512000,
      "engine": "DFA,"
    },
    "pure_dfa_dot": {
      "time_ns": 151.0140564516129,
      "time_ms": 0.0001510140564516129,
      "iterations": 3224000,
      "engine": "DFA,"
    },
    "smart_phone_primary": {
      "time_ns": 33336.77833333333,
      "time_ms": 0.03333677833333333,
      "iterations": 15000,
      "engine": "DFA,"
    },
    "national_phone_validation": {
      "time_ns": 45726.759090909094,
      "time_ms": 0.04572675909090909,
      "iterations": 10120,
      "engine": "NFA,"
    },
    "toll_free_simple": {
      "time_ns": 13277.445,
      "time_ms": 0.013277444999999999,
      "iterations": 37800,
      "engine": "DFA,"
    },
    "toll_free_complex": {
      "time_ns": 12286.75875,
      "time_ms": 0.012286758750000001,
      "iterations": 39200,
      "engine": "DFA,"
    },
    "single_quantifier_digits": {
      "time_ns": 23502.291666666668,
      "time_ms": 0.023502291666666668,
      "iterations": 21600,
      "engine": "DFA,"
    },
    "single_quantifier_alpha": {
      "time_ns": 16751.05833333333,
      "time_ms": 0.016751058333333332,
      "iterations": 28800,
      "engine": "DFA,"
    },
    "dual_quantifiers": {
      "time_ns": 29907.266666666666,
      "time_ms": 0.029907266666666668,
      "iterations": 16200,
      "engine": "DFA,"
    },
    "triple_quantifiers": {
      "time_ns": 5703.282222222222,
      "time_ms": 0.005703282222222222,
      "iterations": 84600,
      "engine": "DFA,"
    },
    "quad_quantifiers": {
      "time_ns": 5530.938611111111,
      "time_ms": 0.0055309386111111105,
      "iterations": 90000,
      "engine": "DFA,"
    },
    "range_quantifiers": {
      "time_ns": 27971.82125,
      "time_ms": 0.02797182125,
      "iterations": 16000,
      "engine": "DFA,"
    },
    "mixed_range_quantifiers": {
      "time_ns": 5699.544666666667,
      "time_ms": 0.005699544666666666,
      "iterations": 85500,
      "engine": "DFA,"
    },
    "datetime_quantifiers": {
      "time_ns": 41832.01,