{
  "engine": "mojo",
  "timestamp": "2026-04-18T08:08:29.168147+00:00",
  "results": {
    "literal_match_short": {
      "time_ns": 752.1761428571428,
      "time_ms": 0.0007521761428571428,
      "iterations": 630000,
      "engine": "DFA,"
    },
    "literal_match_long": {
      "time_ns": 6871.47,
      "time_ms": 0.00687147,
      "iterations": 74000,
      "engine": "DFA,"
    },
    "wildcard_match_any": {
      "time_ns": 0.9188544857768052,
      "time_ms": 9.188544857768052e-07,
      "iterations": 550228000,
      "engine": "NFA,"
    },
    "quantifier_zero_or_more": {
      "time_ns": 5.190687554969217,
      "time_ms": 5.190687554969217e-06,
      "iterations": 95508000,
      "engine": "DFA,"
    },
    "quantifier_one_or_more": {
      "time_ns": 5.225207195203198,
      "time_ms": 5.225207195203198e-06,
      "iterations": 99066000,
      "engine": "DFA,"
    },
    "quantifier_zero_or_one": {
      "time_ns": 5.226660387710315,
      "time_ms": 5.226660387710315e-06,
      "iterations": 98424000,
      "engine": "DFA,"
    },
    "range_lowercase": {
      "time_ns": 280.2815833333333,
      "time_ms": 0.0002802815833333333,
      "iterations": 1848000,
      "engine": "DFA,"
    },
    "range_digits": {
      "time_ns": 617.3583684210527,
      "time_ms": 0.0006173583684210527,
      "iterations": 760000,
      "engine": "DFA,"
    },
    "range_alphanumeric": {
      "time_ns": 634.2033571428573,
      "time_ms": 0.0006342033571428572,
      "iterations": 756000,
      "engine": "DFA,"
    },
    "predefined_digits": {
      "time_ns": 596.5891,
      "time_ms": 0.0005965891,
      "iterations": 840000,
      "engine": "DFA,"
    },
    "predefined_word": {
      "time_ns": 18499.006,
      "time_ms": 0.018499006000000002,
      "iterations": 27000,
      "engine": "DFA,"
    },
    "anchor_start": {
      "time_ns": 8.025195693237627,
      "time_ms": 8.025195693237628e-06,
      "iterations": 58234000,
      "engine": "DFA,"
    },
    "alternation_simple": {
      "time_ns": 5.2404807597434635,
      "time_ms": 5.240480759743463e-06,
      "iterations": 93242000,
      "engine": "DFA,"
    },
    "group_alternation": {
      "time_ns": 5.23762055183084,
      "time_ms": 5.23762055183084e-06,
      "iterations": 93072000,
      "engine": "DFA,"
    },
    "large_8_alternations": {
      "time_ns": 71.46497315436241,
      "time_ms": 7.146497315436241e-05,
      "iterations": 7003000,
      "engine": "DFA,"
    },
    "deep_nested_groups_depth4": {
      "time_ns": 10.439227931488801,
      "time_ms": 1.0439227931488802e-05,
      "iterations": 46299000,
      "engine": "DFA,"
    },
    "literal_heavy_alternation": {
      "time_ns": 85.35829896907217,
      "time_ms": 8.535829896907216e-05,
      "iterations": 5723000,
      "engine": "DFA,"
    },
    "complex_group_5_children": {
      "time_ns": 51.99048711340206,
      "time_ms": 5.199048711340206e-05,
      "iterations": 9700000,
      "engine": "DFA,"
    },
    "match_all_simple": {
      "time_ns": 6950.820625,
      "time_ms": 0.0069508206250000005,
      "iterations": 72000,
      "engine": "DFA,"
    },
    "match_all_digits": {
      "time_ns": 7034.340937499999,
      "time_ms": 0.0070343409374999995,
      "iterations": 67200,
      "engine": "DFA,"
    },
    "literal_prefix_short": {
      "time_ns": 142.57588557166173,
      "time_ms": 0.00014257588557166172,
      "iterations": 3500112,
      "engine": "NFA,"
    },
    "literal_prefix_long": {
      "time_ns": 1880.0269591044093,
      "time_ms": 0.0018800269591044093,
      "iterations": 266997,
      "engine": "NFA,"
    },
    "required_literal_short": {
      "time_ns": 245.4536505793678,
      "time_ms": 0.0002454536505793678,
      "iterations": 1920024,
      "engine": "NFA+Prefilter,"
    },
    "no_literal_baseline": {
      "time_ns": 10.176028979420412,
      "time_ms": 1.0176028979420411e-05,
      "iterations": 49048600,
      "engine": "DFA,"
    },
    "alternation_common_prefix": {
      "time_ns": 11.689076386545167,
      "time_ms": 1.1689076386545167e-05,
      "iterations": 42267195,
      "engine": "DFA,"
    },
    "complex_email": {
      "time_ns": 4985.56625,
      "time_ms": 0.00498556625,
      "iterations": 100000,
      "engine": "DFA,"
    },
    "complex_number": {
      "time_ns": 9945.487333333333,
      "time_ms": 0.009945487333333333,
      "iterations": 51000,
      "engine": "DFA,"
    },
    "simple_phone": {
      "time_ns": 34805.15666666667,
      "time_ms": 0.03480515666666667,
      "iterations": 14400,
      "engine": "DFA,"
    },
    "flexible_phone": {
      "time_ns": 85195.91,
      "time_ms": 0.08519591,
      "iterations": 5800,
      "engine": "NFA,"
    },
    "multi_format_phone": {
      "time_ns": 90452.59333333334,
      "time_ms": 0.09045259333333333,
      "iterations": 5100,
      "engine": "NFA,"
    },
    "phone_validation": {
      "time_ns": 285.26134065934065,
      "time_ms": 0.00028526134065934067,
      "iterations": 1774500,
      "engine": "NFA,"
    },
    "dfa_simple_phone": {
      "time_ns": 33367.945,
      "time_ms": 0.033367944999999996,
      "iterations": 14400,
      "engine": "DFA,"
    },
    "dfa_paren_phone": {
      "time_ns": 6276.9621875,
      "time_ms": 0.0062769621875,
      "iterations": 80000,
      "engine": "DFA,"
    },
    "dfa_dot_phone": {
      "time_ns": 41724.29833333334,
      "time_ms": 0.04172429833333334,
      "iterations": 12000,
      "engine": "DFA,"
    },
    "dfa_digits_only": {
      "time_ns": 149274.16999999998,
      "time_ms": 0.14927416999999998,
      "iterations": 3400,
      "engine": "DFA,"
    },
    "pure_dfa_dash": {
      "time_ns": 1499.4427142857144,
      "time_ms": 0.0014994427142857143,
      "iterations": 308000,
      "engine": "DFA,"
    },
    "pure_dfa_paren": {
      "time_ns": 320.26978125,
      "time_ms": 0.00032026978125,
      "iterations": 1504000,
      "engine": "DFA,"
    },
    "pure_dfa_dot": {
      "time_ns": 143.47121126760564,
      "time_ms": 0.00014347121126760565,
      "iterations": 3479000,
      "engine": "DFA,"
    },
    "smart_phone_primary": {
      "time_ns": 33336.77833333333,
      "time_ms": 0.03333677833333333,
      "iterations": 15000,
      "engine": "DFA,"
    },
    "national_phone_validation": {
      "time_ns": 45726.759090909094,
      "time_ms": 0.04572675909090909,
      "iterations": 10120,
      "engine": "NFA,"
    },
    "toll_free_simple": {
      "time_ns": 13277.445,
      "time_ms": 0.013277444999999999,
      "iterations": 37800,
      "engine": "DFA,"
    },
    "toll_free_complex": {
      "time_ns": 11949.827777777778,
      "time_ms": 0.011949827777777778,
      "iterations": 42300,
      "engine": "DFA,"
    },
    "single_quantifier_digits": {
      "time_ns": 23502.291666666668,
      "time_ms": 0.023502291666666668,
      "iterations": 21600,
      "engine": "DFA,"
    },
    "single_quantifier_alpha": {
      "time_ns": 16751.05833333333,
      "time_ms": 0.016751058333333332,
      "iterations": 28800,
      "engine": "DFA,"
    },
    "dual_quantifiers": {
      "time_ns": 29844.42,
      "time_ms": 0.02984442,
      "iterations": 17100,
      "engine": "DFA,"
    },
    "triple_quantifiers": {
      "time_ns": 5696.253333333333,
      "time_ms": 0.005696253333333333,
      "iterations": 88200,
      "engine": "DFA,"
    },
    "quad_quantifiers": {
      "time_ns": 5530.938611111111,
      "time_ms": 0.0055309386111111105,
      "iterations": 90000,
      "engine": "DFA,"
    },
    "range_quantifiers": {
      "time_ns": 27971.82125,
      "time_ms": 0.02797182125,
      "iterations": 16000,
      "engine": "DFA,"
    },
    "mixed_range_quantifiers": {
      "time_ns": 5473.560555555556,
      "time_ms": 0.005473560555555556,
      "iterations": 91800,
      "engine": "DFA,"
    },
    "datetime_quantifiers": {
      "time_ns": 40924.62333333334,
      "time_ms": 0.04092462333333333,