{
  "engine": "python",
  "timestamp": "2026-04-13T10:11:02.105155",
  "results": {
    "literal_match_short": {
      "time_ns": 6112.119500000001,
      "time_ms": 0.006112119500000001,
      "iterations": 84000
    },
    "literal_match_long": {
      "time_ns": 33883.799499999994,
      "time_ms": 0.03388379949999999,
      "iterations": 16000
    },
    "wildcard_match_any": {
      "time_ns": 17084.3035,
      "time_ms": 0.017084303500000002,
      "iterations": 30000
    },
    "quantifier_zero_or_more": {
      "time_ns": 693.848,
      "time_ms": 0.000693848,
      "iterations": 626000
    },
    "quantifier_one_or_more": {
      "time_ns": 834.954,
      "time_ms": 0.000834954,
      "iterations": 556000
    },
    "quantifier_zero_or_one": {
      "time_ns": 674.57675,
      "time_ms": 0.0006745767499999999,
      "iterations": 660000
    },
    "range_lowercase": {
      "time_ns": 64163.16599999999,
      "time_ms": 0.064163166,
      "iterations": 8000
    },
    "range_digits": {
      "time_ns": 401414.716,
      "time_ms": 0.401414716,
      "iterations": 2000
    },
    "range_alphanumeric": {
      "time_ns": 91014.2915,
      "time_ms": 0.09101429150000001,
      "iterations": 6000
    },
    "predefined_digits": {
      "time_ns": 722623.354,
      "time_ms": 0.722623354,
      "iterations": 1000
    },
    "predefined_word": {
      "time_ns": 147209.43,
      "time_ms": 0.14720943,
      "iterations": 4000
    },
    "anchor_start": {
      "time_ns": 748.3285,
      "time_ms": 0.0007483285,
      "iterations": 618000
    },
    "alternation_simple": {
      "time_ns": 1096.785,
      "time_ms": 0.001096785,
      "iterations": 467000
    },
    "group_alternation": {
      "time_ns": 764.942,
      "time_ms": 0.000764942,
      "iterations": 619000
    },
    "large_8_alternations": {
      "time_ns": 1484.253,
      "time_ms": 0.0014842529999999998,
      "iterations": 315000
    },
    "deep_nested_groups_depth4": {
      "time_ns": 587.462,
      "time_ms": 0.000587462,
      "iterations": 690000
    },
    "literal_heavy_alternation": {
      "time_ns": 2165.065,
      "time_ms": 0.002165065,
      "iterations": 231000
    },
    "complex_group_5_children": {
      "time_ns": 1475.816,
      "time_ms": 0.001475816,
      "iterations": 332000
    },
    "match_all_simple": {
      "time_ns": 86682.685,
      "time_ms": 0.086682685,
      "iterations": 5800
    },
    "match_all_digits": {
      "time_ns": 5191154.345,
      "time_ms": 5.191154345,
      "iterations": 200
    },
    "literal_prefix_short": {
      "time_ns": 1019.1396103896104,
      "time_ms": 0.0010191396103896105,
      "iterations": 489104
    },
    "literal_prefix_long": {
      "time_ns": 55658.88888888889,
      "time_ms": 0.05565888888888889,
      "iterations": 8397
    },
    "required_literal_short": {
      "time_ns": 8949.724137931034,
      "time_ms": 0.008949724137931034,
      "iterations": 59015
    },
    "no_literal_baseline": {
      "time_ns": 957.9661654135339,
      "time_ms": 0.0009579661654135339,
      "iterations": 512050
    },
    "alternation_common_prefix": {
      "time_ns": 825.6615384615385,
      "time_ms": 0.0008256615384615385,
      "iterations": 589680
    },
    "complex_email": {
      "time_ns": 70160.075,
      "time_ms": 0.070160075,
      "iterations": 7000
    },
    "complex_number": {
      "time_ns": 461907.212,
      "time_ms": 0.461907212,
      "iterations": 1500
    },
    "simple_phone": {
      "time_ns": 5812477.44,
      "time_ms": 5.81247744,
      "iterations": 100
    },
    "flexible_phone": {
      "time_ns": 9679496.1,
      "time_ms": 9.6794961,
      "iterations": 100
    },
    "multi_format_phone": {
      "time_ns": 14477114.2,
      "time_ms": 14.477114199999999,
      "iterations": 50
    },
    "phone_validation": {
      "time_ns": 766.3573333333335,
      "time_ms": 0.0007663573333333334,
      "iterations": 519000
    },
    "dfa_simple_phone": {
      "time_ns": 3356700.445,
      "time_ms": 3.356700445,
      "iterations": 200
    },
    "dfa_paren_phone": {
      "time_ns": 189191.63,
      "time_ms": 0.18919163,
      "iterations": 2500
    },
    "dfa_dot_phone": {
      "time_ns": 4522031.0,
      "time_ms": 4.522031,
      "iterations": 200
    },
    "dfa_digits_only": {
      "time_ns": 3773143.0249999994,
      "time_ms": 3.7731430249999995,
      "iterations": 200
    },
    "national_phone_validation": {
      "time_ns": 1487162.05,
      "time_ms": 1.48716205,
      "iterations": 320
    },
    "toll_free_simple": {
      "time_ns": 210704.27000000002,
      "time_ms": 0.21070427000000003,
      "iterations": 2400
    },
    "toll_free_complex": {
      "time_ns": 142056.185,
      "time_ms": 0.142056185,
      "iterations": 3600
    },
    "single_quantifier_digits": {
      "time_ns": 506990.9699999999,
      "time_ms": 0.5069909699999999,
      "iterations": 1000
    },
    "single_quantifier_alpha": {
      "time_ns": 777377.4075000001,
      "time_ms": 0.7773774075000001,
      "iterations": 800
    },
    "dual_quantifiers": {
      "time_ns": 424495.0766666667,
      "time_ms": 0.4244950766666667,
      "iterations": 1200
    },
    "triple_quantifiers": {
      "time_ns": 478264.83,
      "time_ms": 0.47826483000000003,
      "iterations": 1100
    },
    "quad_quantifiers": {
      "time_ns": 486207.66,
      "time_ms": 0.48620766,
      "iterations": 1100
    },
    "range_quantifiers": {
      "time_ns": 491602.89,
      "time_ms": 0.49160289,
      "iterations": 1100
    },
    "mixed_range_quantifiers": {
      "time_ns": 414675.6533333333,
      "time_ms": 0.41467565333333334,
      "iterations": 1275
    },
    "datetime_quantifiers": {
      "time_ns": 455806.15,
      "time_ms": 0.45580615,
      "iterations": 1200
    },
    "flexible_datetime": {
      "time_ns": 596271.8049999999,
      "time_ms": 0.596271805,
      "iterations": 800
    },
    "dense_quantifiers": {
      "time_ns": 359790.70999999996,
      "time_ms": 0.35979070999999996,
      "iterations": 1400
    },
    "ultra_dense_quantifiers": {
      "time_ns": 533211.46,
      "time_ms": 0.53321146,
      "iterations": 950
    },
    "grouped_quantifiers": {
      "time_ns": 182998.73,
      "time_ms": 0.18299873,
      "iterations": 2700
    },
    "alternation_quantifiers": {
      "time_ns": 558568.08,
      "time_ms": 0.5585680799999999,
      "iterations": 825
    },
    "optimize_range_quantifier": {
      "time_ns": 215721.101,
      "time_ms": 0.215721101,
      "iterations": 3000
    },
    "optimize_multiple_quantifiers": {
      "time_ns": 376303.595,
      "time_ms": 0.376303595,
      "iterations": 1400
    },
    "optimize_phone_quantifiers": {
      "time_ns": 192038.82,
      "time_ms": 0.19203882,
      "iterations": 2400
    },
    "optimize_large_quantifiers": {
      "time_ns": 7850.4974999999995,
      "time_ms": 0.0078504975,
      "iterations": 56400
    },
    "optimize_extreme_quantifiers": {
      "time_ns": 15185.568,
      "time_ms": 0.015185568,
      "iterations": 32000
    },
    "is_match_lowercase": {
      "time_ns": 25200.531,
      "time_ms": 0.025200530999999998,
      "iterations": 19000
    },
    "is_match_digits": {
      "time_ns": 18994.309,
      "time_ms": 0.018994309,
      "iterations": 25000
    },
    "is_match_alphanumeric": {
      "time_ns": 30454.412,
      "time_ms": 0.030454412,
      "iterations": 16000
    },
    "is_match_predefined_digits": {
      "time_ns": 76033.671,
      "time_ms": 0.076033671,
      "iterations": 7000
    },
    "is_match_predefined_word": {
      "time_ns": 87703.6445,
      "time_ms": 0.0877036445,
      "iterations": 6000
    },
    "sub_literal": {
      "time_ns": 11989.05,
      "time_ms": 0.01198905,
      "iterations": 38300
    },
    "sub_digits": {
      "time_ns": 4191351.1999999997,
      "time_ms": 4.1913512,
      "iterations": 120
    },
    "sub_char_class": {
      "time_ns": 2223740.8,