{
  "engine": "python",
  "timestamp": "2026-04-19T01:01:47.548593",
  "results": {
    "literal_match_short": {
      "time_ns": 1489.27675,
      "time_ms": 0.00148927675,
      "iterations": 328000
    },
    "literal_match_long": {
      "time_ns": 12146.911999999998,
      "time_ms": 0.012146912,
      "iterations": 40000
    },
    "wildcard_match_any": {
      "time_ns": 5263.383,
      "time_ms": 0.005263383,
      "iterations": 88000
    },
    "quantifier_zero_or_more": {
      "time_ns": 250.9805,
      "time_ms": 0.0002509805,
      "iterations": 1956000
    },
    "quantifier_one_or_more": {
      "time_ns": 258.63,
      "time_ms": 0.00025863,
      "iterations": 1857000
    },
    "quantifier_zero_or_one": {
      "time_ns": 263.9788,
      "time_ms": 0.0002639788,
      "iterations": 1915000
    },
    "range_lowercase": {
      "time_ns": 17351.522,
      "time_ms": 0.017351522,
      "iterations": 28000
    },
    "range_digits": {
      "time_ns": 181069.864,
      "time_ms": 0.181069864,
      "iterations": 3000
    },
    "range_alphanumeric": {
      "time_ns": 19410.071,
      "time_ms": 0.019410071,
      "iterations": 25000
    },
    "predefined_digits": {
      "time_ns": 213672.589,
      "time_ms": 0.213672589,
      "iterations": 3000
    },
    "predefined_word": {
      "time_ns": 48996.1575,
      "time_ms": 0.0489961575,
      "iterations": 12000
    },
    "anchor_start": {
      "time_ns": 213.2455,
      "time_ms": 0.0002132455,
      "iterations": 2260000
    },
    "alternation_simple": {
      "time_ns": 286.01709999999997,
      "time_ms": 0.0002860171,
      "iterations": 1750000
    },
    "group_alternation": {
      "time_ns": 221.84,
      "time_ms": 0.00022184,
      "iterations": 2184000
    },
    "large_8_alternations": {
      "time_ns": 602.047,
      "time_ms": 0.000602047,
      "iterations": 830000
    },
    "deep_nested_groups_depth4": {
      "time_ns": 221.40375,
      "time_ms": 0.00022140375,
      "iterations": 2168000
    },
    "literal_heavy_alternation": {
      "time_ns": 713.112,
      "time_ms": 0.000713112,
      "iterations": 642000
    },
    "complex_group_5_children": {
      "time_ns": 401.92133333333334,
      "time_ms": 0.00040192133333333334,
      "iterations": 1209000
    },
    "match_all_simple": {
      "time_ns": 29521.745000000003,
      "time_ms": 0.029521745000000002,
      "iterations": 16800
    },
    "match_all_digits": {
      "time_ns": 1401607.0800000003,
      "time_ms": 1.4016070800000002,
      "iterations": 400
    },
    "literal_prefix_short": {
      "time_ns": 323.8199356913183,
      "time_ms": 0.0003238199356913183,
      "iterations": 1546292
    },
    "literal_prefix_long": {
      "time_ns": 37576.94642857143,
      "time_ms": 0.03757694642857143,
      "iterations": 12768
    },
    "required_literal_short": {
      "time_ns": 3547.878048780488,
      "time_ms": 0.003547878048780488,
      "iterations": 149855
    },
    "no_literal_baseline": {
      "time_ns": 239.49820359281438,
      "time_ms": 0.0002394982035928144,
      "iterations": 1892945
    },
    "alternation_common_prefix": {
      "time_ns": 264.40277777777777,
      "time_ms": 0.0002644027777777778,
      "iterations": 1982016
    },
    "complex_email": {
      "time_ns": 16640.4,
      "time_ms": 0.016640400000000003,
      "iterations": 28560
    },
    "complex_number": {
      "time_ns": 125218.39800000002,
      "time_ms": 0.125218398,
      "iterations": 4000
    },
    "simple_phone": {
      "time_ns": 1838891.33,
      "time_ms": 1.83889133,
      "iterations": 300
    },
    "flexible_phone": {
      "time_ns": 2882232.25,
      "time_ms": 2.88223225,
      "iterations": 200
    },
    "multi_format_phone": {
      "time_ns": 6330939.470000001,
      "time_ms": 6.330939470000001,
      "iterations": 100
    },
    "phone_validation": {
      "time_ns": 412.038,
      "time_ms": 0.000412038,
      "iterations": 1114000
    },
    "dfa_simple_phone": {
      "time_ns": 1573652.47,
      "time_ms": 1.57365247,
      "iterations": 300
    },
    "dfa_paren_phone": {
      "time_ns": 70818.11,
      "time_ms": 0.07081811,
      "iterations": 6900
    },
    "dfa_dot_phone": {
      "time_ns": 1298393.7550000001,
      "time_ms": 1.2983937550000002,
      "iterations": 400
    },
    "dfa_digits_only": {
      "time_ns": 1375610.5449999997,
      "time_ms": 1.3756105449999998,
      "iterations": 400
    },
    "national_phone_validation": {
      "time_ns": 789662.8,
      "time_ms": 0.7896628,
      "iterations": 590
    },
    "toll_free_simple": {
      "time_ns": 117022.64,
      "time_ms": 0.11702264,
      "iterations": 4400
    },
    "toll_free_complex": {
      "time_ns": 44849.159999999996,
      "time_ms": 0.04484916,
      "iterations": 10600
    },
    "single_quantifier_digits": {
      "time_ns": 146672.485,
      "time_ms": 0.146672485,
      "iterations": 3400
    },
    "single_quantifier_alpha": {
      "time_ns": 159465.59999999998,
      "time_ms": 0.15946559999999999,
      "iterations": 3200
    },
    "dual_quantifiers": {
      "time_ns": 216159.93,
      "time_ms": 0.21615993,
      "iterations": 2400
    },
    "triple_quantifiers": {
      "time_ns": 116494.87999999999,
      "time_ms": 0.11649488,
      "iterations": 4200
    },
    "quad_quantifiers": {
      "time_ns": 164901.955,
      "time_ms": 0.164901955,
      "iterations": 3000
    },
    "range_quantifiers": {
      "time_ns": 162222.0,
      "time_ms": 0.162222,
      "iterations": 3100
    },
    "mixed_range_quantifiers": {
      "time_ns": 138297.99333333335,
      "time_ms": 0.13829799333333334,
      "iterations": 3600
    },
    "datetime_quantifiers": {
      "time_ns": 128595.18000000001,
      "time_ms": 0.12859518,
      "iterations": 3800
    },
    "flexible_datetime": {
      "time_ns": 180503.36000000002,
      "time_ms": 0.18050336,
      "iterations": 2800
    },
    "dense_quantifiers": {
      "time_ns": 276546.78,
      "time_ms": 0.27654678000000005,
      "iterations": 1850
    },
    "ultra_dense_quantifiers": {
      "time_ns": 406660.1,
      "time_ms": 0.40666009999999997,
      "iterations": 1250
    },
    "grouped_quantifiers": {
      "time_ns": 160508.64,
      "time_ms": 0.16050864,
      "iterations": 3100
    },
    "alternation_quantifiers": {
      "time_ns": 556530.8533333333,
      "time_ms": 0.5565308533333333,
      "iterations": 900
    },
    "optimize_range_quantifier": {
      "time_ns": 174210.496,
      "time_ms": 0.17421049600000002,
      "iterations": 3000
    },
    "optimize_multiple_quantifiers": {
      "time_ns": 323469.1275,
      "time_ms": 0.3234691275,
      "iterations": 1600
    },
    "optimize_phone_quantifiers": {
      "time_ns": 214129.01666666666,
      "time_ms": 0.21412901666666667,
      "iterations": 2400
    },
    "optimize_large_quantifiers": {
      "time_ns": 10099.7875,
      "time_ms": 0.0100997875,
      "iterations": 53200
    },
    "optimize_extreme_quantifiers": {
      "time_ns": 15322.555000000002,
      "time_ms": 0.015322555000000002,
      "iterations": 34000
    },
    "is_match_lowercase": {
      "time_ns": 18398.177000000003,
      "time_ms": 0.018398177,
      "iterations": 28000
    },
    "is_match_digits": {
      "time_ns": 17992.2795,
      "time_ms": 0.0179922795,
      "iterations": 28000
    },
    "is_match_alphanumeric": {
      "time_ns": 23260.4085,
      "time_ms": 0.023260408500000003,
      "iterations": 20000
    },
    "is_match_predefined_digits": {
      "time_ns": 45670.909,
      "time_ms": 0.045670909,
      "iterations": 11000
    },
    "is_match_predefined_word": {
      "time_ns": 48920.392,
      "time_ms": 0.048920392,
      "iterations": 11000
    },
    "sub_literal": {
      "time_ns": 7092.1,
      "time_ms": 0.0070921000000000005,
      "iterations": 68600
    },
    "sub_digits": {
      "time_ns": 1917955.9,
      "time_ms": 1.9179559,