{
  "engine": "python",
  "timestamp": "2026-04-26T21:59:28.090218",
  "results": {
    "literal_match_short": {
      "time_ns": 891.1165,
      "time_ms": 0.0008911165,
      "iterations": 518000
    },
    "literal_match_long": {
      "time_ns": 7144.76125,
      "time_ms": 0.007144761249999999,
      "iterations": 72000
    },
    "wildcard_match_any": {
      "time_ns": 4776.496,
      "time_ms": 0.004776496,
      "iterations": 107000
    },
    "quantifier_zero_or_more": {
      "time_ns": 200.37366666666668,
      "time_ms": 0.00020037366666666667,
      "iterations": 2544000
    },
    "quantifier_one_or_more": {
      "time_ns": 147.9706,
      "time_ms": 0.0001479706,
      "iterations": 2965000
    },
    "quantifier_zero_or_one": {
      "time_ns": 162.32757142857142,
      "time_ms": 0.0001623275714285714,
      "iterations": 3143000
    },
    "range_lowercase": {
      "time_ns": 9027.581,
      "time_ms": 0.009027581,
      "iterations": 51000
    },
    "range_digits": {
      "time_ns": 105517.659,
      "time_ms": 0.105517659,
      "iterations": 5000
    },
    "range_alphanumeric": {
      "time_ns": 11955.33,
      "time_ms": 0.01195533,
      "iterations": 42000
    },
    "predefined_digits": {
      "time_ns": 109368.056,
      "time_ms": 0.10936805599999999,
      "iterations": 5000
    },
    "predefined_word": {
      "time_ns": 22321.085,
      "time_ms": 0.022321084999999997,
      "iterations": 18000
    },
    "anchor_start": {
      "time_ns": 220.79666666666668,
      "time_ms": 0.0002207966666666667,
      "iterations": 2196000
    },
    "alternation_simple": {
      "time_ns": 139.3104,
      "time_ms": 0.0001393104,
      "iterations": 3780000
    },
    "group_alternation": {
      "time_ns": 125.48542857142856,
      "time_ms": 0.00012548542857142856,
      "iterations": 4039000
    },
    "large_8_alternations": {
      "time_ns": 292.339125,
      "time_ms": 0.000292339125,
      "iterations": 1280000
    },
    "deep_nested_groups_depth4": {
      "time_ns": 293.43174999999997,
      "time_ms": 0.00029343174999999996,
      "iterations": 1664000
    },
    "literal_heavy_alternation": {
      "time_ns": 377.3085,
      "time_ms": 0.0003773085,
      "iterations": 1224000
    },
    "complex_group_5_children": {
      "time_ns": 227.62150000000003,
      "time_ms": 0.00022762150000000002,
      "iterations": 2190000
    },
    "match_all_simple": {
      "time_ns": 13213.775,
      "time_ms": 0.013213774999999999,
      "iterations": 29800
    },
    "match_all_digits": {
      "time_ns": 818730.5449999999,
      "time_ms": 0.818730545,
      "iterations": 800
    },
    "literal_prefix_short": {
      "time_ns": 151.06370523415978,
      "time_ms": 0.00015106370523415978,
      "iterations": 3278616
    },
    "literal_prefix_long": {
      "time_ns": 18194.760869565216,
      "time_ms": 0.018194760869565216,
      "iterations": 22494
    },
    "required_literal_short": {
      "time_ns": 1568.0422960725077,
      "time_ms": 0.0015680422960725076,
      "iterations": 288632
    },
    "no_literal_baseline": {
      "time_ns": 180.0756183745583,
      "time_ms": 0.0001800756183745583,
      "iterations": 2537095
    },
    "alternation_common_prefix": {
      "time_ns": 143.0929487179487,
      "time_ms": 0.0001430929487179487,
      "iterations": 3142464
    },
    "complex_email": {
      "time_ns": 12022.641666666666,
      "time_ms": 0.012022641666666667,
      "iterations": 39600
    },
    "complex_number": {
      "time_ns": 94694.544,
      "time_ms": 0.09469454399999999,
      "iterations": 5500
    },
    "simple_phone": {
      "time_ns": 1289601.77,
      "time_ms": 1.28960177,
      "iterations": 400
    },
    "flexible_phone": {
      "time_ns": 1762564.65,
      "time_ms": 1.7625646499999998,
      "iterations": 300
    },
    "multi_format_phone": {
      "time_ns": 3416845.47,
      "time_ms": 3.41684547,
      "iterations": 200
    },
    "phone_validation": {
      "time_ns": 272.242,
      "time_ms": 0.000272242,
      "iterations": 1637500
    },
    "dfa_simple_phone": {
      "time_ns": 797758.86,
      "time_ms": 0.79775886,
      "iterations": 700
    },
    "dfa_paren_phone": {
      "time_ns": 46525.1,
      "time_ms": 0.0465251,
      "iterations": 10300
    },
    "dfa_dot_phone": {
      "time_ns": 728399.09,
      "time_ms": 0.7283990899999999,
      "iterations": 700
    },
    "dfa_digits_only": {
      "time_ns": 687723.52,
      "time_ms": 0.68772352,
      "iterations": 700
    },
    "national_phone_validation": {
      "time_ns": 579915.3,
      "time_ms": 0.5799153,
      "iterations": 810
    },
    "toll_free_simple": {
      "time_ns": 63613.4,
      "time_ms": 0.0636134,
      "iterations": 8100
    },
    "toll_free_complex": {
      "time_ns": 54901.7,
      "time_ms": 0.0549017,
      "iterations": 9000
    },
    "single_quantifier_digits": {
      "time_ns": 75286.615,
      "time_ms": 0.075286615,
      "iterations": 6000
    },
    "single_quantifier_alpha": {
      "time_ns": 86708.12,
      "time_ms": 0.08670812,
      "iterations": 5800
    },
    "dual_quantifiers": {
      "time_ns": 75291.59,
      "time_ms": 0.07529158999999999,
      "iterations": 6300
    },
    "triple_quantifiers": {
      "time_ns": 86004.68,
      "time_ms": 0.08600467999999999,
      "iterations": 5300
    },
    "quad_quantifiers": {
      "time_ns": 78478.98000000001,
      "time_ms": 0.07847898,
      "iterations": 6200
    },
    "range_quantifiers": {
      "time_ns": 81892.62,
      "time_ms": 0.08189262,
      "iterations": 6000
    },
    "mixed_range_quantifiers": {
      "time_ns": 64154.45333333333,
      "time_ms": 0.06415445333333333,
      "iterations": 7125
    },
    "datetime_quantifiers": {
      "time_ns": 75680.02,
      "time_ms": 0.07568002,
      "iterations": 6500
    },
    "flexible_datetime": {
      "time_ns": 78170.07500000001,
      "time_ms": 0.078170075,
      "iterations": 5800
    },
    "dense_quantifiers": {
      "time_ns": 155496.22000000003,
      "time_ms": 0.15549622000000002,
      "iterations": 3200
    },
    "ultra_dense_quantifiers": {
      "time_ns": 199010.94000000003,
      "time_ms": 0.19901094000000003,
      "iterations": 2100
    },
    "grouped_quantifiers": {
      "time_ns": 162850.775,
      "time_ms": 0.162850775,
      "iterations": 3000
    },
    "alternation_quantifiers": {
      "time_ns": 284706.2,
      "time_ms": 0.2847062,
      "iterations": 1575
    },
    "optimize_range_quantifier": {
      "time_ns": 83610.60800000001,
      "time_ms": 0.083610608,
      "iterations": 6000
    },
    "optimize_multiple_quantifiers": {
      "time_ns": 236901.6525,
      "time_ms": 0.2369016525,
      "iterations": 2000
    },
    "optimize_phone_quantifiers": {
      "time_ns": 102220.85666666667,
      "time_ms": 0.10222085666666668,
      "iterations": 5100
    },
    "optimize_large_quantifiers": {
      "time_ns": 7808.99,
      "time_ms": 0.00780899,
      "iterations": 63400
    },
    "optimize_extreme_quantifiers": {
      "time_ns": 7090.87,
      "time_ms": 0.00709087,
      "iterations": 68000
    },
    "is_match_lowercase": {
      "time_ns": 9414.866000000002,
      "time_ms": 0.009414866000000003,
      "iterations": 50000
    },
    "is_match_digits": {
      "time_ns": 8824.215999999999,
      "time_ms": 0.008824216,
      "iterations": 54000
    },
    "is_match_alphanumeric": {
      "time_ns": 20403.466,
      "time_ms": 0.020403466000000002,
      "iterations": 26000
    },
    "is_match_predefined_digits": {
      "time_ns": 24606.962,
      "time_ms": 0.024606962,
      "iterations": 20000
    },
    "is_match_predefined_word": {
      "time_ns": 22915.9275,
      "time_ms": 0.022915927500000002,
      "iterations": 22000
    },
    "sub_literal": {
      "time_ns": 5354.445,
      "time_ms": 0.005354444999999999,
      "iterations": 80200
    },
    "sub_digits": {
      "time_ns": 1812239.5,