{
  "engine": "python",
  "timestamp": "2026-04-15T00:41:58.501264",
  "results": {
    "literal_match_short": {
      "time_ns": 814.41925,
      "time_ms": 0.00081441925,
      "iterations": 464000
    },
    "literal_match_long": {
      "time_ns": 7318.5045,
      "time_ms": 0.0073185045,
      "iterations": 58000
    },
    "wildcard_match_any": {
      "time_ns": 3195.284,
      "time_ms": 0.003195284,
      "iterations": 126000
    },
    "quantifier_zero_or_more": {
      "time_ns": 153.37428571428572,
      "time_ms": 0.0001533742857142857,
      "iterations": 2758000
    },
    "quantifier_one_or_more": {
      "time_ns": 150.6655,
      "time_ms": 0.0001506655,
      "iterations": 2928000
    },
    "quantifier_zero_or_one": {
      "time_ns": 190.72214285714287,
      "time_ms": 0.00019072214285714286,
      "iterations": 2611000
    },
    "range_lowercase": {
      "time_ns": 10667.2765,
      "time_ms": 0.0106672765,
      "iterations": 42000
    },
    "range_digits": {
      "time_ns": 124218.396,
      "time_ms": 0.124218396,
      "iterations": 5000
    },
    "range_alphanumeric": {
      "time_ns": 12819.549,
      "time_ms": 0.012819549000000001,
      "iterations": 39000
    },
    "predefined_digits": {
      "time_ns": 136652.108,
      "time_ms": 0.136652108,
      "iterations": 4000
    },
    "predefined_word": {
      "time_ns": 23482.068,
      "time_ms": 0.023482068,
      "iterations": 18000
    },
    "anchor_start": {
      "time_ns": 139.68462499999998,
      "time_ms": 0.000139684625,
      "iterations": 2960000
    },
    "alternation_simple": {
      "time_ns": 127.04057142857143,
      "time_ms": 0.00012704057142857143,
      "iterations": 3157000
    },
    "group_alternation": {
      "time_ns": 130.86775,
      "time_ms": 0.00013086775,
      "iterations": 3524000
    },
    "large_8_alternations": {
      "time_ns": 268.81600000000003,
      "time_ms": 0.000268816,
      "iterations": 1488000
    },
    "deep_nested_groups_depth4": {
      "time_ns": 147.237,
      "time_ms": 0.00014723699999999999,
      "iterations": 3212000
    },
    "literal_heavy_alternation": {
      "time_ns": 321.8425,
      "time_ms": 0.0003218425,
      "iterations": 1248000
    },
    "complex_group_5_children": {
      "time_ns": 221.86083333333332,
      "time_ms": 0.00022186083333333332,
      "iterations": 2088000
    },
    "match_all_simple": {
      "time_ns": 12555.85,
      "time_ms": 0.01255585,
      "iterations": 31800
    },
    "match_all_digits": {
      "time_ns": 842091.8724999999,
      "time_ms": 0.8420918725,
      "iterations": 800
    },
    "literal_prefix_short": {
      "time_ns": 145.31560693641617,
      "time_ms": 0.00014531560693641616,
      "iterations": 3135625
    },
    "literal_prefix_long": {
      "time_ns": 17141.833333333332,
      "time_ms": 0.017141833333333332,
      "iterations": 23922
    },
    "required_literal_short": {
      "time_ns": 1434.3776223776224,
      "time_ms": 0.0014343776223776224,
      "iterations": 317746
    },
    "no_literal_baseline": {
      "time_ns": 142.75449438202247,
      "time_ms": 0.00014275449438202247,
      "iterations": 2931660
    },
    "alternation_common_prefix": {
      "time_ns": 124.05028571428574,
      "time_ms": 0.00012405028571428573,
      "iterations": 3604125
    },
    "complex_email": {
      "time_ns": 9337.433333333332,
      "time_ms": 0.009337433333333332,
      "iterations": 44280
    },
    "complex_number": {
      "time_ns": 68044.048,
      "time_ms": 0.068044048,
      "iterations": 7000
    },
    "simple_phone": {
      "time_ns": 1041964.01,
      "time_ms": 1.04196401,
      "iterations": 500
    },
    "flexible_phone": {
      "time_ns": 1410522.03,
      "time_ms": 1.41052203,
      "iterations": 400
    },
    "multi_format_phone": {
      "time_ns": 3089562.51,
      "time_ms": 3.08956251,
      "iterations": 200
    },
    "phone_validation": {
      "time_ns": 426.475,
      "time_ms": 0.000426475,
      "iterations": 1162000
    },
    "dfa_simple_phone": {
      "time_ns": 714899.95,
      "time_ms": 0.71489995,
      "iterations": 600
    },
    "dfa_paren_phone": {
      "time_ns": 39436.81,
      "time_ms": 0.039436809999999996,
      "iterations": 11700
    },
    "dfa_dot_phone": {
      "time_ns": 828119.4149999999,
      "time_ms": 0.828119415,
      "iterations": 600
    },
    "dfa_digits_only": {
      "time_ns": 647128.79,
      "time_ms": 0.64712879,
      "iterations": 800
    },
    "national_phone_validation": {
      "time_ns": 669799.1,
      "time_ms": 0.6697991,
      "iterations": 730
    },
    "toll_free_simple": {
      "time_ns": 51418.39,
      "time_ms": 0.05141839,
      "iterations": 9900
    },
    "toll_free_complex": {
      "time_ns": 44534.96,
      "time_ms": 0.04453496,
      "iterations": 11100
    },
    "single_quantifier_digits": {
      "time_ns": 64301.305,
      "time_ms": 0.064301305,
      "iterations": 7600
    },
    "single_quantifier_alpha": {
      "time_ns": 111868.92,
      "time_ms": 0.11186892,
      "iterations": 4200
    },
    "dual_quantifiers": {
      "time_ns": 70079.67333333334,
      "time_ms": 0.07007967333333334,
      "iterations": 6900
    },
    "triple_quantifiers": {
      "time_ns": 76995.425,
      "time_ms": 0.076995425,
      "iterations": 5600
    },
    "quad_quantifiers": {
      "time_ns": 72581.72999999998,
      "time_ms": 0.07258172999999998,
      "iterations": 6600
    },
    "range_quantifiers": {
      "time_ns": 85729.32999999999,
      "time_ms": 0.08572932999999999,
      "iterations": 5000
    },
    "mixed_range_quantifiers": {
      "time_ns": 60380.2,
      "time_ms": 0.060380199999999995,
      "iterations": 7575
    },
    "datetime_quantifiers": {
      "time_ns": 68094.35,
      "time_ms": 0.06809435000000001,
      "iterations": 6300
    },
    "flexible_datetime": {
      "time_ns": 77629.11,
      "time_ms": 0.07762911,
      "iterations": 5700
    },
    "dense_quantifiers": {
      "time_ns": 133243.63999999998,
      "time_ms": 0.13324364,
      "iterations": 3300
    },
    "ultra_dense_quantifiers": {
      "time_ns": 190196.36000000002,
      "time_ms": 0.19019636,
      "iterations": 2200
    },
    "grouped_quantifiers": {
      "time_ns": 77498.29,
      "time_ms": 0.07749829,
      "iterations": 5700
    },
    "alternation_quantifiers": {
      "time_ns": 273588.94,
      "time_ms": 0.27358894,
      "iterations": 1500
    },
    "optimize_range_quantifier": {
      "time_ns": 79127.958,
      "time_ms": 0.079127958,
      "iterations": 7000
    },
    "optimize_multiple_quantifiers": {
      "time_ns": 250735.105,
      "time_ms": 0.250735105,
      "iterations": 2000
    },
    "optimize_phone_quantifiers": {
      "time_ns": 99363.38666666667,
      "time_ms": 0.09936338666666668,
      "iterations": 5100
    },
    "optimize_large_quantifiers": {
      "time_ns": 5454.7875,
      "time_ms": 0.005454787500000001,
      "iterations": 82800
    },
    "optimize_extreme_quantifiers": {
      "time_ns": 6629.96,
      "time_ms": 0.00662996,
      "iterations": 72500
    },
    "is_match_lowercase": {
      "time_ns": 9655.048999999999,
      "time_ms": 0.009655048999999999,
      "iterations": 44000
    },
    "is_match_digits": {
      "time_ns": 8638.758,
      "time_ms": 0.008638758,
      "iterations": 54000
    },
    "is_match_alphanumeric": {
      "time_ns": 12415.844,
      "time_ms": 0.012415843999999999,
      "iterations": 35000
    },
    "is_match_predefined_digits": {
      "time_ns": 23188.539,
      "time_ms": 0.023188539,
      "iterations": 19000
    },
    "is_match_predefined_word": {
      "time_ns": 21504.545,
      "time_ms": 0.021504545,
      "iterations": 21000
    },
    "sub_literal": {
      "time_ns": 3867.5000000000005,
      "time_ms": 0.0038675000000000003,
      "iterations": 108000
    },
    "sub_digits": {
      "time_ns": 859976.7000000001,