{
  "engine": "python",
  "timestamp": "2026-03-31T18:00:48.587009",
  "results": {
    "literal_match_short": {
      "time_ns": 1901.63925,
      "time_ms": 0.00190163925,
      "iterations": 296000
    },
    "literal_match_long": {
      "time_ns": 8836.901,
      "time_ms": 0.008836901,
      "iterations": 54000
    },
    "wildcard_match_any": {
      "time_ns": 5933.245,
      "time_ms": 0.005933245,
      "iterations": 84000
    },
    "quantifier_zero_or_more": {
      "time_ns": 169.0725,
      "time_ms": 0.0001690725,
      "iterations": 2688000
    },
    "quantifier_one_or_more": {
      "time_ns": 390.7625,
      "time_ms": 0.00039076249999999996,
      "iterations": 1172000
    },
    "quantifier_zero_or_one": {
      "time_ns": 211.4215,
      "time_ms": 0.0002114215,
      "iterations": 2232000
    },
    "range_lowercase": {
      "time_ns": 19990.684,
      "time_ms": 0.019990684,
      "iterations": 22000
    },
    "range_digits": {
      "time_ns": 118340.784,
      "time_ms": 0.118340784,
      "iterations": 5000
    },
    "range_alphanumeric": {
      "time_ns": 20515.017,
      "time_ms": 0.020515017,
      "iterations": 22000
    },
    "predefined_digits": {
      "time_ns": 273471.7845,
      "time_ms": 0.2734717845,
      "iterations": 2000
    },
    "predefined_word": {
      "time_ns": 41512.728,
      "time_ms": 0.041512728000000006,
      "iterations": 13000
    },
    "anchor_start": {
      "time_ns": 206.272625,
      "time_ms": 0.00020627262500000002,
      "iterations": 2072000
    },
    "alternation_simple": {
      "time_ns": 205.70066666666668,
      "time_ms": 0.00020570066666666668,
      "iterations": 1902000
    },
    "group_alternation": {
      "time_ns": 224.0145,
      "time_ms": 0.0002240145,
      "iterations": 1846000
    },
    "large_8_alternations": {
      "time_ns": 422.6816666666667,
      "time_ms": 0.0004226816666666667,
      "iterations": 1071000
    },
    "deep_nested_groups_depth4": {
      "time_ns": 311.7986666666667,
      "time_ms": 0.0003117986666666667,
      "iterations": 1659000
    },
    "literal_heavy_alternation": {
      "time_ns": 607.3005,
      "time_ms": 0.0006073005,
      "iterations": 758000
    },
    "complex_group_5_children": {
      "time_ns": 629.536,
      "time_ms": 0.000629536,
      "iterations": 822000
    },
    "match_all_simple": {
      "time_ns": 21469.11,
      "time_ms": 0.02146911,
      "iterations": 22200
    },
    "match_all_digits": {
      "time_ns": 1219725.245,
      "time_ms": 1.219725245,
      "iterations": 600
    },
    "literal_prefix_short": {
      "time_ns": 202.3290676416819,
      "time_ms": 0.0002023290676416819,
      "iterations": 2272785
    },
    "literal_prefix_long": {
      "time_ns": 46729.58064516129,
      "time_ms": 0.046729580645161285,
      "iterations": 10819
    },
    "required_literal_short": {
      "time_ns": 2020.3042328042327,
      "time_ms": 0.0020203042328042326,
      "iterations": 213192
    },
    "no_literal_baseline": {
      "time_ns": 200.83365758754863,
      "time_ms": 0.00020083365758754863,
      "iterations": 1632464
    },
    "alternation_common_prefix": {
      "time_ns": 313.2108843537415,
      "time_ms": 0.0003132108843537415,
      "iterations": 1471176
    },
    "complex_email": {
      "time_ns": 25637.325,
      "time_ms": 0.025637325,
      "iterations": 17320
    },
    "complex_number": {
      "time_ns": 187541.416,
      "time_ms": 0.187541416,
      "iterations": 2500
    },
    "simple_phone": {
      "time_ns": 1280961.225,
      "time_ms": 1.2809612250000002,
      "iterations": 400
    },
    "flexible_phone": {
      "time_ns": 3040934.135,
      "time_ms": 3.0409341349999996,
      "iterations": 200
    },
    "multi_format_phone": {
      "time_ns": 8442741.22,
      "time_ms": 8.44274122,
      "iterations": 100
    },
    "phone_validation": {
      "time_ns": 664.9835,
      "time_ms": 0.0006649835,
      "iterations": 778000
    },
    "dfa_simple_phone": {
      "time_ns": 1252095.4549999998,
      "time_ms": 1.2520954549999999,
      "iterations": 400
    },
    "dfa_paren_phone": {
      "time_ns": 135191.3,
      "time_ms": 0.1351913,
      "iterations": 3500
    },
    "dfa_dot_phone": {
      "time_ns": 1447820.11,
      "time_ms": 1.44782011,
      "iterations": 300
    },
    "dfa_digits_only": {
      "time_ns": 1644834.5,
      "time_ms": 1.6448345,
      "iterations": 400
    },
    "national_phone_validation": {
      "time_ns": 2238307.0,
      "time_ms": 2.238307,
      "iterations": 230
    },
    "toll_free_simple": {
      "time_ns": 237945.245,
      "time_ms": 0.237945245,
      "iterations": 2200
    },
    "toll_free_complex": {
      "time_ns": 155965.3,
      "time_ms": 0.1559653,
      "iterations": 3300
    },
    "single_quantifier_digits": {
      "time_ns": 300292.085,
      "time_ms": 0.30029208500000004,
      "iterations": 1800
    },
    "single_quantifier_alpha": {
      "time_ns": 236765.5,
      "time_ms": 0.2367655,
      "iterations": 2200
    },
    "dual_quantifiers": {
      "time_ns": 383879.88666666666,
      "time_ms": 0.38387988666666667,
      "iterations": 1350
    },
    "triple_quantifiers": {
      "time_ns": 237130.46999999997,
      "time_ms": 0.23713046999999998,
      "iterations": 2000
    },
    "quad_quantifiers": {
      "time_ns": 357548.095,
      "time_ms": 0.35754809499999995,
      "iterations": 1000
    },
    "range_quantifiers": {
      "time_ns": 292456.925,
      "time_ms": 0.292456925,
      "iterations": 1600
    },
    "mixed_range_quantifiers": {
      "time_ns": 196844.33333333334,
      "time_ms": 0.19684433333333334,
      "iterations": 2175
    },
    "datetime_quantifiers": {
      "time_ns": 271341.25,
      "time_ms": 0.27134125,
      "iterations": 1900
    },
    "flexible_datetime": {
      "time_ns": 253875.41999999995,
      "time_ms": 0.25387541999999996,
      "iterations": 2000
    },
    "dense_quantifiers": {
      "time_ns": 382417.5399999999,
      "time_ms": 0.38241753999999994,
      "iterations": 1300
    },
    "ultra_dense_quantifiers": {
      "time_ns": 497792.88,
      "time_ms": 0.49779288,
      "iterations": 1000
    },
    "grouped_quantifiers": {
      "time_ns": 262861.05,
      "time_ms": 0.26286105,
      "iterations": 2000
    },
    "alternation_quantifiers": {
      "time_ns": 698518.1066666667,
      "time_ms": 0.6985181066666667,
      "iterations": 675
    },
    "optimize_range_quantifier": {
      "time_ns": 220255.9,
      "time_ms": 0.2202559,
      "iterations": 3000
    },
    "optimize_multiple_quantifiers": {
      "time_ns": 453490.99000000005,
      "time_ms": 0.45349099000000004,
      "iterations": 1200
    },
    "optimize_phone_quantifiers": {
      "time_ns": 348920.49,
      "time_ms": 0.34892048999999997,
      "iterations": 1500
    },
    "optimize_large_quantifiers": {
      "time_ns": 10949.745,
      "time_ms": 0.010949745,
      "iterations": 42800
    },
    "optimize_extreme_quantifiers": {
      "time_ns": 19784.362,
      "time_ms": 0.019784362,
      "iterations": 26000
    },
    "is_match_lowercase": {
      "time_ns": 23026.006,
      "time_ms": 0.023026006,
      "iterations": 18000
    },
    "is_match_digits": {
      "time_ns": 20857.313500000004,
      "time_ms": 0.020857313500000006,
      "iterations": 20000
    },
    "is_match_alphanumeric": {
      "time_ns": 31137.432,
      "time_ms": 0.031137432,
      "iterations": 17000
    },
    "is_match_predefined_digits": {
      "time_ns": 47963.026,
      "time_ms": 0.047963026,
      "iterations": 10000
    },
    "is_match_predefined_word": {
      "time_ns": 61326.684499999996,
      "time_ms": 0.0613266845,
      "iterations": 8000
    }
  }
}
