{
  "engine": "python",
  "timestamp": "2026-03-27T00:12:03.210880",
  "results": {
    "literal_match_short": {
      "time_ns": 1112.461388888889,
      "time_ms": 0.001112461388888889,
      "iterations": 90000
    },
    "literal_match_long": {
      "time_ns": 5612.77205,
      "time_ms": 0.005612772049999999,
      "iterations": 20000
    },
    "wildcard_match_any": {
      "time_ns": 3318.548935483871,
      "time_ms": 0.003318548935483871,
      "iterations": 31000
    },
    "quantifier_zero_or_more": {
      "time_ns": 163.32741598694943,
      "time_ms": 0.00016332741598694943,
      "iterations": 613000
    },
    "quantifier_one_or_more": {
      "time_ns": 184.08182904411765,
      "time_ms": 0.00018408182904411765,
      "iterations": 544000
    },
    "quantifier_zero_or_one": {
      "time_ns": 232.60006511627907,
      "time_ms": 0.00023260006511627906,
      "iterations": 430000
    },
    "range_lowercase": {
      "time_ns": 17251.707166666667,
      "time_ms": 0.017251707166666668,
      "iterations": 6000
    },
    "range_digits": {
      "time_ns": 144763.499,
      "time_ms": 0.14476349900000002,
      "iterations": 1000
    },
    "range_alphanumeric": {
      "time_ns": 27695.38025,
      "time_ms": 0.02769538025,
      "iterations": 4000
    },
    "predefined_digits": {
      "time_ns": 193879.195,
      "time_ms": 0.193879195,
      "iterations": 1000
    },
    "predefined_word": {
      "time_ns": 36066.241,
      "time_ms": 0.036066241,
      "iterations": 3000
    },
    "anchor_start": {
      "time_ns": 200.16764,
      "time_ms": 0.00020016764,
      "iterations": 500000
    },
    "alternation_simple": {
      "time_ns": 261.232109375,
      "time_ms": 0.000261232109375,
      "iterations": 384000
    },
    "group_alternation": {
      "time_ns": 311.3345931677019,
      "time_ms": 0.0003113345931677019,
      "iterations": 322000
    },
    "large_8_alternations": {
      "time_ns": 451.47587837837835,
      "time_ms": 0.00045147587837837834,
      "iterations": 222000
    },
    "deep_nested_groups_depth4": {
      "time_ns": 182.79531569343067,
      "time_ms": 0.00018279531569343065,
      "iterations": 548000
    },
    "literal_heavy_alternation": {
      "time_ns": 559.9731843575419,
      "time_ms": 0.0005599731843575419,
      "iterations": 179000
    },
    "complex_group_5_children": {
      "time_ns": 597.1672380952381,
      "time_ms": 0.0005971672380952381,
      "iterations": 168000
    },
    "match_all_simple": {
      "time_ns": 41080.804615384615,
      "time_ms": 0.04108080461538462,
      "iterations": 2600
    },
    "match_all_digits": {
      "time_ns": 1503083.255,
      "time_ms": 1.503083255,
      "iterations": 200
    },
    "literal_prefix_short": {
      "time_ns": 947.73856,
      "time_ms": 0.00094773856,
      "iterations": 100000
    },
    "literal_prefix_long": {
      "time_ns": 38958.714842228284,
      "time_ms": 0.038958714842228286,
      "iterations": 2567
    },
    "required_literal_short": {
      "time_ns": 3062.397090797734,
      "time_ms": 0.003062397090797734,
      "iterations": 32655
    },
    "no_literal_baseline": {
      "time_ns": 482.60114,
      "time_ms": 0.00048260113999999997,
      "iterations": 100000
    },
    "alternation_common_prefix": {
      "time_ns": 452.74076,
      "time_ms": 0.00045274076000000003,
      "iterations": 100000
    },
    "complex_email": {
      "time_ns": 18549.565555555557,
      "time_ms": 0.018549565555555557,
      "iterations": 5400
    },
    "complex_number": {
      "time_ns": 179417.529,
      "time_ms": 0.17941752900000002,
      "iterations": 1000
    },
    "simple_phone": {
      "time_ns": 1554573.63,
      "time_ms": 1.55457363,
      "iterations": 100
    },
    "flexible_phone": {
      "time_ns": 2303928.03,
      "time_ms": 2.30392803,
      "iterations": 100
    },
    "multi_format_phone": {
      "time_ns": 4404048.7,
      "time_ms": 4.404048700000001,
      "iterations": 50
    },
    "phone_validation": {
      "time_ns": 313.03243192488264,
      "time_ms": 0.00031303243192488267,
      "iterations": 319500
    },
    "dfa_simple_phone": {
      "time_ns": 804325.05,
      "time_ms": 0.8043250500000001,
      "iterations": 200
    },
    "dfa_paren_phone": {
      "time_ns": 49135.54,
      "time_ms": 0.04913554,
      "iterations": 2100
    },
    "dfa_dot_phone": {
      "time_ns": 750329.32,
      "time_ms": 0.75032932,
      "iterations": 200
    },
    "dfa_digits_only": {
      "time_ns": 989615.29,
      "time_ms": 0.98961529,
      "iterations": 200
    },
    "national_phone_validation": {
      "time_ns": 624169.0470588235,
      "time_ms": 0.6241690470588235,
      "iterations": 170
    },
    "toll_free_simple": {
      "time_ns": 87541.15666666666,
      "time_ms": 0.08754115666666666,
      "iterations": 1200
    },
    "toll_free_complex": {
      "time_ns": 45360.30391304348,
      "time_ms": 0.04536030391304348,
      "iterations": 2300
    },
    "single_quantifier_digits": {
      "time_ns": 108257.742,
      "time_ms": 0.108257742,
      "iterations": 1000
    },
    "single_quantifier_alpha": {
      "time_ns": 170315.65875,
      "time_ms": 0.17031565875000002,
      "iterations": 800
    },
    "dual_quantifiers": {
      "time_ns": 172505.63666666666,
      "time_ms": 0.17250563666666666,
      "iterations": 600
    },
    "triple_quantifiers": {
      "time_ns": 123575.57666666666,
      "time_ms": 0.12357557666666666,
      "iterations": 900
    },
    "quad_quantifiers": {
      "time_ns": 136661.82375,
      "time_ms": 0.13666182375000002,
      "iterations": 800
    },
    "range_quantifiers": {
      "time_ns": 162476.56142857144,
      "time_ms": 0.16247656142857145,
      "iterations": 700
    },
    "mixed_range_quantifiers": {
      "time_ns": 139514.18,
      "time_ms": 0.13951418,
      "iterations": 750
    },
    "datetime_quantifiers": {
      "time_ns": 151548.11857142858,
      "time_ms": 0.15154811857142858,
      "iterations": 700
    },
    "flexible_datetime": {
      "time_ns": 190462.57,
      "time_ms": 0.19046257,
      "iterations": 600
    },
    "dense_quantifiers": {
      "time_ns": 134971.11066666667,
      "time_ms": 0.13497111066666667,
      "iterations": 750
    },
    "ultra_dense_quantifiers": {
      "time_ns": 317605.1569230769,
      "time_ms": 0.3176051569230769,
      "iterations": 325
    },
    "grouped_quantifiers": {
      "time_ns": 147510.8757142857,
      "time_ms": 0.1475108757142857,
      "iterations": 700
    },
    "alternation_quantifiers": {
      "time_ns": 261753.13111111108,
      "time_ms": 0.2617531311111111,
      "iterations": 450
    },
    "optimize_range_quantifier": {
      "time_ns": 155558.949,
      "time_ms": 0.155558949,
      "iterations": 1000
    },
    "optimize_multiple_quantifiers": {
      "time_ns": 286997.935,
      "time_ms": 0.286997935,
      "iterations": 400
    },
    "optimize_phone_quantifiers": {
      "time_ns": 120605.41888888889,
      "time_ms": 0.12060541888888889,
      "iterations": 900
    },
    "optimize_large_quantifiers": {
      "time_ns": 7048.023661971831,
      "time_ms": 0.007048023661971831,
      "iterations": 14200
    },
    "optimize_extreme_quantifiers": {
      "time_ns": 11940.325294117647,
      "time_ms": 0.011940325294117647,
      "iterations": 8500
    }
  }
}
