{
  "engine": "python",
  "timestamp": "2026-05-01T23:06:53.105666",
  "results": {
    "literal_match_short": {
      "time_ns": 720.878,
      "time_ms": 0.000720878,
      "iterations": 614000
    },
    "literal_match_long": {
      "time_ns": 6044.07725,
      "time_ms": 0.00604407725,
      "iterations": 76000
    },
    "wildcard_match_any": {
      "time_ns": 4571.469,
      "time_ms": 0.004571469,
      "iterations": 113000
    },
    "quantifier_zero_or_more": {
      "time_ns": 161.2175714285714,
      "time_ms": 0.0001612175714285714,
      "iterations": 3290000
    },
    "quantifier_one_or_more": {
      "time_ns": 132.994,
      "time_ms": 0.000132994,
      "iterations": 3660000
    },
    "quantifier_zero_or_one": {
      "time_ns": 132.24949999999998,
      "time_ms": 0.00013224949999999998,
      "iterations": 3444000
    },
    "range_lowercase": {
      "time_ns": 9625.2135,
      "time_ms": 0.0096252135,
      "iterations": 46000
    },
    "range_digits": {
      "time_ns": 83692.91200000001,
      "time_ms": 0.08369291200000001,
      "iterations": 6000
    },
    "range_alphanumeric": {
      "time_ns": 10993.191,
      "time_ms": 0.010993191000000001,
      "iterations": 45000
    },
    "predefined_digits": {
      "time_ns": 114919.042,
      "time_ms": 0.114919042,
      "iterations": 5000
    },
    "predefined_word": {
      "time_ns": 20380.549,
      "time_ms": 0.020380548999999998,
      "iterations": 24000
    },
    "anchor_start": {
      "time_ns": 129.8550625,
      "time_ms": 0.0001298550625,
      "iterations": 3680000
    },
    "alternation_simple": {
      "time_ns": 123.907875,
      "time_ms": 0.000123907875,
      "iterations": 3936000
    },
    "group_alternation": {
      "time_ns": 124.507875,
      "time_ms": 0.000124507875,
      "iterations": 3800000
    },
    "large_8_alternations": {
      "time_ns": 271.38312499999995,
      "time_ms": 0.000271383125,
      "iterations": 1624000
    },
    "deep_nested_groups_depth4": {
      "time_ns": 184.61933333333334,
      "time_ms": 0.00018461933333333334,
      "iterations": 2820000
    },
    "literal_heavy_alternation": {
      "time_ns": 303.618625,
      "time_ms": 0.000303618625,
      "iterations": 1592000
    },
    "complex_group_5_children": {
      "time_ns": 202.5915,
      "time_ms": 0.0002025915,
      "iterations": 2270000
    },
    "match_all_simple": {
      "time_ns": 12205.955,
      "time_ms": 0.012205955,
      "iterations": 39800
    },
    "match_all_digits": {
      "time_ns": 767612.4975,
      "time_ms": 0.7676124975,
      "iterations": 800
    },
    "literal_prefix_short": {
      "time_ns": 145.38742690058479,
      "time_ms": 0.00014538742690058478,
      "iterations": 3262680
    },
    "literal_prefix_long": {
      "time_ns": 16886.116279069767,
      "time_ms": 0.016886116279069767,
      "iterations": 28595
    },
    "required_literal_short": {
      "time_ns": 1391.3079096045199,
      "time_ms": 0.0013913079096045198,
      "iterations": 339840
    },
    "no_literal_baseline": {
      "time_ns": 139.89238095238093,
      "time_ms": 0.00013989238095238094,
      "iterations": 3439800
    },
    "alternation_common_prefix": {
      "time_ns": 130.92088316467343,
      "time_ms": 0.00013092088316467342,
      "iterations": 3590361
    },
    "complex_email": {
      "time_ns": 10269.858333333334,
      "time_ms": 0.010269858333333333,
      "iterations": 47640
    },
    "complex_number": {
      "time_ns": 77826.65,
      "time_ms": 0.07782665,
      "iterations": 6000
    },
    "simple_phone": {
      "time_ns": 802903.665,
      "time_ms": 0.802903665,
      "iterations": 600
    },
    "flexible_phone": {
      "time_ns": 1368003.045,
      "time_ms": 1.368003045,
      "iterations": 400
    },
    "multi_format_phone": {
      "time_ns": 3355142.2,
      "time_ms": 3.3551422000000004,
      "iterations": 150
    },
    "phone_validation": {
      "time_ns": 246.76375000000004,
      "time_ms": 0.00024676375000000003,
      "iterations": 2048000
    },
    "dfa_simple_phone": {
      "time_ns": 674530.23,
      "time_ms": 0.67453023,
      "iterations": 700
    },
    "dfa_paren_phone": {
      "time_ns": 37600.635,
      "time_ms": 0.037600635,
      "iterations": 13200
    },
    "dfa_dot_phone": {
      "time_ns": 625341.5449999999,
      "time_ms": 0.6253415449999999,
      "iterations": 800
    },
    "dfa_digits_only": {
      "time_ns": 632848.23,
      "time_ms": 0.63284823,
      "iterations": 700
    },
    "national_phone_validation": {
      "time_ns": 457786.04999999993,
      "time_ms": 0.45778604999999994,
      "iterations": 1080
    },
    "toll_free_simple": {
      "time_ns": 49527.35,
      "time_ms": 0.04952735,
      "iterations": 8900
    },
    "toll_free_complex": {
      "time_ns": 26430.215,
      "time_ms": 0.026430215,
      "iterations": 19200
    },
    "single_quantifier_digits": {
      "time_ns": 92499.10750000001,
      "time_ms": 0.09249910750000001,
      "iterations": 5200
    },
    "single_quantifier_alpha": {
      "time_ns": 83254.6325,
      "time_ms": 0.08325463250000001,
      "iterations": 6000
    },
    "dual_quantifiers": {
      "time_ns": 70641.18,
      "time_ms": 0.07064118,
      "iterations": 6450
    },
    "triple_quantifiers": {
      "time_ns": 62759.62,
      "time_ms": 0.06275962,
      "iterations": 8000
    },
    "quad_quantifiers": {
      "time_ns": 77705.09,
      "time_ms": 0.07770508999999999,
      "iterations": 5900
    },
    "range_quantifiers": {
      "time_ns": 74484.79,
      "time_ms": 0.07448479,
      "iterations": 6700
    },
    "mixed_range_quantifiers": {
      "time_ns": 62235.72,
      "time_ms": 0.06223572,
      "iterations": 7275
    },
    "datetime_quantifiers": {
      "time_ns": 58372.2,
      "time_ms": 0.0583722,
      "iterations": 8500
    },
    "flexible_datetime": {
      "time_ns": 77441.93,
      "time_ms": 0.07744192999999999,
      "iterations": 6000
    },
    "dense_quantifiers": {
      "time_ns": 122684.29000000001,
      "time_ms": 0.12268429,
      "iterations": 4100
    },
    "ultra_dense_quantifiers": {
      "time_ns": 207469.52,
      "time_ms": 0.20746952,
      "iterations": 2325
    },
    "grouped_quantifiers": {
      "time_ns": 73841.92,
      "time_ms": 0.07384191999999999,
      "iterations": 6700
    },
    "alternation_quantifiers": {
      "time_ns": 408447.41333333333,
      "time_ms": 0.40844741333333334,
      "iterations": 1275
    },
    "optimize_range_quantifier": {
      "time_ns": 90078.137,
      "time_ms": 0.090078137,
      "iterations": 6000
    },
    "optimize_multiple_quantifiers": {
      "time_ns": 184555.53749999998,
      "time_ms": 0.18455553749999998,
      "iterations": 2800
    },
    "optimize_phone_quantifiers": {
      "time_ns": 114648.42,
      "time_ms": 0.11464842,
      "iterations": 4500
    },
    "optimize_large_quantifiers": {
      "time_ns": 4280.833333333333,
      "time_ms": 0.004280833333333333,
      "iterations": 115800
    },
    "optimize_extreme_quantifiers": {
      "time_ns": 7832.594999999999,
      "time_ms": 0.007832595,
      "iterations": 62000
    },
    "is_match_lowercase": {
      "time_ns": 8764.728,
      "time_ms": 0.008764728,
      "iterations": 55000
    },
    "is_match_digits": {
      "time_ns": 9300.113,
      "time_ms": 0.009300112999999999,
      "iterations": 52000
    },
    "is_match_alphanumeric": {
      "time_ns": 11008.696,
      "time_ms": 0.011008696,
      "iterations": 43000
    },
    "is_match_predefined_digits": {
      "time_ns": 23895.431500000002,
      "time_ms": 0.0238954315,
      "iterations": 20000
    },
    "is_match_predefined_word": {
      "time_ns": 21190.333,
      "time_ms": 0.021190333,
      "iterations": 22000
    },
    "sub_literal": {
      "time_ns": 3765.1133333333332,
      "time_ms": 0.003765113333333333,
      "iterations": 126600
    },