{
  "engine": "python",
  "timestamp": "2026-04-26T16:36:02.625586",
  "results": {
    "literal_match_short": {
      "time_ns": 763.7067499999999,
      "time_ms": 0.00076370675,
      "iterations": 636000
    },
    "literal_match_long": {
      "time_ns": 6517.7185,
      "time_ms": 0.0065177185,
      "iterations": 78000
    },
    "wildcard_match_any": {
      "time_ns": 4788.825,
      "time_ms": 0.004788825,
      "iterations": 100000
    },
    "quantifier_zero_or_more": {
      "time_ns": 234.32437500000003,
      "time_ms": 0.00023432437500000002,
      "iterations": 2072000
    },
    "quantifier_one_or_more": {
      "time_ns": 143.63309999999998,
      "time_ms": 0.00014363309999999998,
      "iterations": 3300000
    },
    "quantifier_zero_or_one": {
      "time_ns": 140.53742857142856,
      "time_ms": 0.00014053742857142858,
      "iterations": 3255000
    },
    "range_lowercase": {
      "time_ns": 10900.124,
      "time_ms": 0.010900124,
      "iterations": 43000
    },
    "range_digits": {
      "time_ns": 94436.0655,
      "time_ms": 0.0944360655,
      "iterations": 6000
    },
    "range_alphanumeric": {
      "time_ns": 11646.746,
      "time_ms": 0.011646746,
      "iterations": 43000
    },
    "predefined_digits": {
      "time_ns": 115104.431,
      "time_ms": 0.115104431,
      "iterations": 5000
    },
    "predefined_word": {
      "time_ns": 36970.639,
      "time_ms": 0.036970639,
      "iterations": 15000
    },
    "anchor_start": {
      "time_ns": 130.3071875,
      "time_ms": 0.0001303071875,
      "iterations": 3808000
    },
    "alternation_simple": {
      "time_ns": 131.95242857142858,
      "time_ms": 0.00013195242857142858,
      "iterations": 3528000
    },
    "group_alternation": {
      "time_ns": 140.62007142857144,
      "time_ms": 0.00014062007142857144,
      "iterations": 2884000
    },
    "large_8_alternations": {
      "time_ns": 633.77075,
      "time_ms": 0.00063377075,
      "iterations": 792000
    },
    "deep_nested_groups_depth4": {
      "time_ns": 146.07158333333334,
      "time_ms": 0.00014607158333333333,
      "iterations": 3036000
    },
    "literal_heavy_alternation": {
      "time_ns": 316.2835,
      "time_ms": 0.0003162835,
      "iterations": 1522000
    },
    "complex_group_5_children": {
      "time_ns": 213.0432,
      "time_ms": 0.00021304320000000001,
      "iterations": 1935000
    },
    "match_all_simple": {
      "time_ns": 16814.855,
      "time_ms": 0.016814855,
      "iterations": 26800
    },
    "match_all_digits": {
      "time_ns": 799236.7424999999,
      "time_ms": 0.7992367425,
      "iterations": 800
    },
    "literal_prefix_short": {
      "time_ns": 154.11217105263157,
      "time_ms": 0.00015411217105263156,
      "iterations": 3055200
    },
    "literal_prefix_long": {
      "time_ns": 31616.966666666664,
      "time_ms": 0.03161696666666666,
      "iterations": 14040
    },
    "required_literal_short": {
      "time_ns": 1315.9276018099547,
      "time_ms": 0.0013159276018099547,
      "iterations": 290173
    },
    "no_literal_baseline": {
      "time_ns": 149.2244614315497,
      "time_ms": 0.0001492244614315497,
      "iterations": 2892390
    },
    "alternation_common_prefix": {
      "time_ns": 141.60701754385966,
      "time_ms": 0.00014160701754385965,
      "iterations": 3019575
    },
    "complex_email": {
      "time_ns": 15865.95,
      "time_ms": 0.01586595,
      "iterations": 28880
    },
    "complex_number": {
      "time_ns": 108116.402,
      "time_ms": 0.108116402,
      "iterations": 4500
    },
    "simple_phone": {
      "time_ns": 937489.84,
      "time_ms": 0.93748984,
      "iterations": 600
    },
    "flexible_phone": {
      "time_ns": 2306924.9,
      "time_ms": 2.3069249,
      "iterations": 300
    },
    "multi_format_phone": {
      "time_ns": 4219298.66,
      "time_ms": 4.21929866,
      "iterations": 150
    },
    "phone_validation": {
      "time_ns": 285.1117142857143,
      "time_ms": 0.0002851117142857143,
      "iterations": 1767500
    },
    "dfa_simple_phone": {
      "time_ns": 1109357.53,
      "time_ms": 1.10935753,
      "iterations": 500
    },
    "dfa_paren_phone": {
      "time_ns": 40164.92,
      "time_ms": 0.04016492,
      "iterations": 10100
    },
    "dfa_dot_phone": {
      "time_ns": 669664.94,
      "time_ms": 0.66966494,
      "iterations": 800
    },
    "dfa_digits_only": {
      "time_ns": 948011.0499999999,
      "time_ms": 0.94801105,
      "iterations": 600
    },
    "national_phone_validation": {
      "time_ns": 902454.95,
      "time_ms": 0.90245495,
      "iterations": 560
    },
    "toll_free_simple": {
      "time_ns": 65115.91499999999,
      "time_ms": 0.065115915,
      "iterations": 8000
    },
    "toll_free_complex": {
      "time_ns": 36363.95,
      "time_ms": 0.03636395,
      "iterations": 12300
    },
    "single_quantifier_digits": {
      "time_ns": 111419.27,
      "time_ms": 0.11141927,
      "iterations": 4600
    },
    "single_quantifier_alpha": {
      "time_ns": 85785.96,
      "time_ms": 0.08578596000000001,
      "iterations": 5400
    },
    "dual_quantifiers": {
      "time_ns": 69760.45,
      "time_ms": 0.06976045,
      "iterations": 7200
    },
    "triple_quantifiers": {
      "time_ns": 75171.20499999999,
      "time_ms": 0.07517120499999999,
      "iterations": 6600
    },
    "quad_quantifiers": {
      "time_ns": 121762.39,
      "time_ms": 0.12176239,
      "iterations": 4300
    },
    "range_quantifiers": {
      "time_ns": 80652.55,
      "time_ms": 0.08065255,
      "iterations": 6100
    },
    "mixed_range_quantifiers": {
      "time_ns": 61606.333333333336,
      "time_ms": 0.06160633333333333,
      "iterations": 8175
    },
    "datetime_quantifiers": {
      "time_ns": 80287.43,
      "time_ms": 0.08028742999999999,
      "iterations": 6300
    },
    "flexible_datetime": {
      "time_ns": 117598.32,
      "time_ms": 0.11759832,
      "iterations": 4500
    },
    "dense_quantifiers": {
      "time_ns": 140920.88,
      "time_ms": 0.14092088,
      "iterations": 3350
    },
    "ultra_dense_quantifiers": {
      "time_ns": 203648.72,
      "time_ms": 0.20364872,
      "iterations": 2250
    },
    "grouped_quantifiers": {
      "time_ns": 138427.59,
      "time_ms": 0.13842759,
      "iterations": 3800
    },
    "alternation_quantifiers": {
      "time_ns": 388321.86666666664,
      "time_ms": 0.3883218666666666,
      "iterations": 1125
    },
    "optimize_range_quantifier": {
      "time_ns": 85662.4245,
      "time_ms": 0.0856624245,
      "iterations": 6000
    },
    "optimize_multiple_quantifiers": {
      "time_ns": 210860.33249999996,
      "time_ms": 0.21086033249999997,
      "iterations": 2400
    },
    "optimize_phone_quantifiers": {
      "time_ns": 168898.23666666666,
      "time_ms": 0.16889823666666667,
      "iterations": 3300
    },
    "optimize_large_quantifiers": {
      "time_ns": 5025.57,
      "time_ms": 0.00502557,
      "iterations": 91000
    },
    "optimize_extreme_quantifiers": {
      "time_ns": 6734.264,
      "time_ms": 0.006734264,
      "iterations": 74000
    },
    "is_match_lowercase": {
      "time_ns": 9394.822,
      "time_ms": 0.009394822,
      "iterations": 51000
    },
    "is_match_digits": {
      "time_ns": 16222.231,
      "time_ms": 0.016222231,
      "iterations": 33000
    },
    "is_match_alphanumeric": {
      "time_ns": 12373.338500000002,
      "time_ms": 0.0123733385,
      "iterations": 38000
    },
    "is_match_predefined_digits": {
      "time_ns": 24571.203,
      "time_ms": 0.024571203,
      "iterations": 20000
    },
    "is_match_predefined_word": {
      "time_ns": 21981.513000000003,
      "time_ms": 0.021981513,
      "iterations": 22000
    },
    "sub_literal": {
      "time_ns": 8043.155,
      "time_ms": 0.008043155,
      "iterations": 64200
    },
    "sub_digits": {
      "time_ns": 1013894.75,
      "time_ms": 1.01389475,