{
  "engine": "python",
  "timestamp": "2026-03-31T00:44:06.898591",
  "results": {
    "literal_match_short": {
      "time_ns": 1511.119,
      "time_ms": 0.001511119,
      "iterations": 370000
    },
    "literal_match_long": {
      "time_ns": 13231.0765,
      "time_ms": 0.0132310765,
      "iterations": 38000
    },
    "wildcard_match_any": {
      "time_ns": 7462.0885,
      "time_ms": 0.0074620885,
      "iterations": 72000
    },
    "quantifier_zero_or_more": {
      "time_ns": 226.19416666666666,
      "time_ms": 0.00022619416666666667,
      "iterations": 1980000
    },
    "quantifier_one_or_more": {
      "time_ns": 291.8895,
      "time_ms": 0.0002918895,
      "iterations": 1610000
    },
    "quantifier_zero_or_one": {
      "time_ns": 247.94675,
      "time_ms": 0.00024794675,
      "iterations": 1972000
    },
    "range_lowercase": {
      "time_ns": 20985.488,
      "time_ms": 0.020985488,
      "iterations": 23000
    },
    "range_digits": {
      "time_ns": 123873.0115,
      "time_ms": 0.12387301149999999,
      "iterations": 4000
    },
    "range_alphanumeric": {
      "time_ns": 28077.281,
      "time_ms": 0.028077281,
      "iterations": 19000
    },
    "predefined_digits": {
      "time_ns": 207255.625,
      "time_ms": 0.207255625,
      "iterations": 3000
    },
    "predefined_word": {
      "time_ns": 53840.46000000001,
      "time_ms": 0.05384046000000001,
      "iterations": 10000
    },
    "anchor_start": {
      "time_ns": 308.14,
      "time_ms": 0.00030814,
      "iterations": 1564000
    },
    "alternation_simple": {
      "time_ns": 246.54425,
      "time_ms": 0.00024654425,
      "iterations": 2100000
    },
    "group_alternation": {
      "time_ns": 271.49966666666666,
      "time_ms": 0.00027149966666666667,
      "iterations": 1710000
    },
    "large_8_alternations": {
      "time_ns": 557.8025,
      "time_ms": 0.0005578025,
      "iterations": 886000
    },
    "deep_nested_groups_depth4": {
      "time_ns": 483.6700000000001,
      "time_ms": 0.00048367000000000006,
      "iterations": 1140000
    },
    "literal_heavy_alternation": {
      "time_ns": 514.81,
      "time_ms": 0.00051481,
      "iterations": 874000
    },
    "complex_group_5_children": {
      "time_ns": 511.85900000000004,
      "time_ms": 0.000511859,
      "iterations": 975000
    },
    "match_all_simple": {
      "time_ns": 23084.09,
      "time_ms": 0.02308409,
      "iterations": 20400
    },
    "match_all_digits": {
      "time_ns": 1956950.5675000001,
      "time_ms": 1.9569505675,
      "iterations": 400
    },
    "literal_prefix_short": {
      "time_ns": 426.2813688212928,
      "time_ms": 0.0004262813688212928,
      "iterations": 1034642
    },
    "literal_prefix_long": {
      "time_ns": 42994.54347826087,
      "time_ms": 0.04299454347826087,
      "iterations": 11776
    },
    "required_literal_short": {
      "time_ns": 3136.3301435406697,
      "time_ms": 0.00313633014354067,
      "iterations": 162184
    },
    "no_literal_baseline": {
      "time_ns": 267.38548387096773,
      "time_ms": 0.00026738548387096774,
      "iterations": 1873020
    },
    "alternation_common_prefix": {
      "time_ns": 281.83527131782944,
      "time_ms": 0.00028183527131782945,
      "iterations": 1489692
    },
    "complex_email": {
      "time_ns": 17805.79375,
      "time_ms": 0.01780579375,
      "iterations": 27520
    },
    "complex_number": {
      "time_ns": 116242.388,
      "time_ms": 0.116242388,
      "iterations": 4000
    },
    "simple_phone": {
      "time_ns": 1884109.66,
      "time_ms": 1.88410966,
      "iterations": 300
    },
    "flexible_phone": {
      "time_ns": 3474112.2249999996,
      "time_ms": 3.474112225,
      "iterations": 200
    },
    "multi_format_phone": {
      "time_ns": 8891770.23,
      "time_ms": 8.89177023,
      "iterations": 100
    },
    "phone_validation": {
      "time_ns": 789.7885,
      "time_ms": 0.0007897885,
      "iterations": 600000
    },
    "dfa_simple_phone": {
      "time_ns": 1107788.78,
      "time_ms": 1.10778878,
      "iterations": 500
    },
    "dfa_paren_phone": {
      "time_ns": 65994.08000000002,
      "time_ms": 0.06599408000000001,
      "iterations": 6800
    },
    "dfa_dot_phone": {
      "time_ns": 1732806.25,
      "time_ms": 1.73280625,
      "iterations": 300
    },
    "dfa_digits_only": {
      "time_ns": 1624591.68,
      "time_ms": 1.62459168,
      "iterations": 300
    },
    "national_phone_validation": {
      "time_ns": 860395.0499999999,
      "time_ms": 0.8603950499999999,
      "iterations": 520
    },
    "toll_free_simple": {
      "time_ns": 83857.975,
      "time_ms": 0.083857975,
      "iterations": 5800
    },
    "toll_free_complex": {
      "time_ns": 62998.840000000004,
      "time_ms": 0.06299884,
      "iterations": 8000
    },
    "single_quantifier_digits": {
      "time_ns": 138936.3675,
      "time_ms": 0.1389363675,
      "iterations": 3600
    },
    "single_quantifier_alpha": {
      "time_ns": 149253.03,
      "time_ms": 0.14925303,
      "iterations": 3400
    },
    "dual_quantifiers": {
      "time_ns": 120905.60666666666,
      "time_ms": 0.12090560666666667,
      "iterations": 3900
    },
    "triple_quantifiers": {
      "time_ns": 121666.94,
      "time_ms": 0.12166694,
      "iterations": 4000
    },
    "quad_quantifiers": {
      "time_ns": 167327.08,
      "time_ms": 0.16732708,
      "iterations": 2900
    },
    "range_quantifiers": {
      "time_ns": 126650.815,
      "time_ms": 0.126650815,
      "iterations": 3600
    },
    "mixed_range_quantifiers": {
      "time_ns": 137383.58666666667,
      "time_ms": 0.13738358666666667,
      "iterations": 3975
    },
    "datetime_quantifiers": {
      "time_ns": 150242.58,
      "time_ms": 0.15024258,
      "iterations": 3100
    },
    "flexible_datetime": {
      "time_ns": 295286.78500000003,
      "time_ms": 0.29528678500000005,
      "iterations": 1800
    },
    "dense_quantifiers": {
      "time_ns": 407476.66,
      "time_ms": 0.40747666,
      "iterations": 1250
    },
    "ultra_dense_quantifiers": {
      "time_ns": 656804.04,
      "time_ms": 0.65680404,
      "iterations": 775
    },
    "grouped_quantifiers": {
      "time_ns": 189334.1,
      "time_ms": 0.1893341,
      "iterations": 2700
    },
    "alternation_quantifiers": {
      "time_ns": 673141.7466666667,
      "time_ms": 0.6731417466666667,
      "iterations": 750
    },
    "optimize_range_quantifier": {
      "time_ns": 177399.20650000003,
      "time_ms": 0.17739920650000002,
      "iterations": 4000
    },
    "optimize_multiple_quantifiers": {
      "time_ns": 559268.6,
      "time_ms": 0.5592686,
      "iterations": 1000
    },
    "optimize_phone_quantifiers": {
      "time_ns": 252160.78166666668,
      "time_ms": 0.25216078166666667,
      "iterations": 2400
    },
    "optimize_large_quantifiers": {
      "time_ns": 6766.245000000001,
      "time_ms": 0.006766245000000001,
      "iterations": 61600
    },
    "optimize_extreme_quantifiers": {
      "time_ns": 14266.293,
      "time_ms": 0.014266293,
      "iterations": 36000
    },
    "is_match_lowercase": {
      "time_ns": 18232.512,
      "time_ms": 0.018232512,
      "iterations": 27000
    },
    "is_match_digits": {
      "time_ns": 12604.591,
      "time_ms": 0.012604591,
      "iterations": 33000
    },
    "is_match_alphanumeric": {
      "time_ns": 25251.5965,
      "time_ms": 0.0252515965,
      "iterations": 20000
    },
    "is_match_predefined_digits": {
      "time_ns": 33749.158,
      "time_ms": 0.033749158,
      "iterations": 15000
    },
    "is_match_predefined_word": {
      "time_ns": 41704.0105,
      "time_ms": 0.0417040105,
      "iterations": 12000
    }
  }
}
