{
  "engine": "python",
  "timestamp": "2026-03-30T09:16:02.656236",
  "results": {
    "literal_match_short": {
      "time_ns": 807.3105,
      "time_ms": 0.0008073105000000001,
      "iterations": 490000
    },
    "literal_match_long": {
      "time_ns": 11796.431,
      "time_ms": 0.011796431000000001,
      "iterations": 42000
    },
    "wildcard_match_any": {
      "time_ns": 3502.691,
      "time_ms": 0.0035026909999999996,
      "iterations": 121000
    },
    "quantifier_zero_or_more": {
      "time_ns": 262.483,
      "time_ms": 0.000262483,
      "iterations": 2009000
    },
    "quantifier_one_or_more": {
      "time_ns": 208.891,
      "time_ms": 0.000208891,
      "iterations": 2332000
    },
    "quantifier_zero_or_one": {
      "time_ns": 269.447625,
      "time_ms": 0.000269447625,
      "iterations": 1824000
    },
    "range_lowercase": {
      "time_ns": 20645.148,
      "time_ms": 0.020645148000000002,
      "iterations": 23000
    },
    "range_digits": {
      "time_ns": 137421.65350000001,
      "time_ms": 0.13742165350000002,
      "iterations": 4000
    },
    "range_alphanumeric": {
      "time_ns": 21627.168500000003,
      "time_ms": 0.021627168500000002,
      "iterations": 20000
    },
    "predefined_digits": {
      "time_ns": 174685.142,
      "time_ms": 0.174685142,
      "iterations": 3000
    },
    "predefined_word": {
      "time_ns": 51751.125499999995,
      "time_ms": 0.051751125499999995,
      "iterations": 10000
    },
    "anchor_start": {
      "time_ns": 212.97816666666668,
      "time_ms": 0.0002129781666666667,
      "iterations": 2298000
    },
    "alternation_simple": {
      "time_ns": 309.68,
      "time_ms": 0.00030968,
      "iterations": 1500000
    },
    "group_alternation": {
      "time_ns": 287.0785,
      "time_ms": 0.0002870785,
      "iterations": 1508000
    },
    "large_8_alternations": {
      "time_ns": 653.4424999999999,
      "time_ms": 0.0006534424999999999,
      "iterations": 696000
    },
    "deep_nested_groups_depth4": {
      "time_ns": 273.417,
      "time_ms": 0.000273417,
      "iterations": 1794000
    },
    "literal_heavy_alternation": {
      "time_ns": 599.52,
      "time_ms": 0.00059952,
      "iterations": 830000
    },
    "complex_group_5_children": {
      "time_ns": 308.13933333333335,
      "time_ms": 0.00030813933333333335,
      "iterations": 1473000
    },
    "match_all_simple": {
      "time_ns": 25526.1725,
      "time_ms": 0.0255261725,
      "iterations": 19600
    },
    "match_all_digits": {
      "time_ns": 1945965.4775,
      "time_ms": 1.9459654775,
      "iterations": 400
    },
    "literal_prefix_short": {
      "time_ns": 310.19314079422384,
      "time_ms": 0.00031019314079422383,
      "iterations": 1562834
    },
    "literal_prefix_long": {
      "time_ns": 43193.0,
      "time_ms": 0.043193,
      "iterations": 10833
    },
    "required_literal_short": {
      "time_ns": 2517.8996415770607,
      "time_ms": 0.0025178996415770607,
      "iterations": 187767
    },
    "no_literal_baseline": {
      "time_ns": 320.270093457944,
      "time_ms": 0.00032027009345794396,
      "iterations": 1510840
    },
    "alternation_common_prefix": {
      "time_ns": 303.61367837338264,
      "time_ms": 0.00030361367837338264,
      "iterations": 1391993
    },
    "complex_email": {
      "time_ns": 32207.0125,
      "time_ms": 0.0322070125,
      "iterations": 15440
    },
    "complex_number": {
      "time_ns": 287440.04199999996,
      "time_ms": 0.28744004199999995,
      "iterations": 2000
    },
    "simple_phone": {
      "time_ns": 2379728.22,
      "time_ms": 2.37972822,
      "iterations": 300
    },
    "flexible_phone": {
      "time_ns": 3006014.425,
      "time_ms": 3.0060144249999996,
      "iterations": 200
    },
    "multi_format_phone": {
      "time_ns": 6824993.299999999,
      "time_ms": 6.824993299999999,
      "iterations": 100
    },
    "phone_validation": {
      "time_ns": 628.1166666666667,
      "time_ms": 0.0006281166666666667,
      "iterations": 750000
    },
    "dfa_simple_phone": {
      "time_ns": 1487157.475,
      "time_ms": 1.487157475,
      "iterations": 400
    },
    "dfa_paren_phone": {
      "time_ns": 62408.425,
      "time_ms": 0.062408425000000003,
      "iterations": 7400
    },
    "dfa_dot_phone": {
      "time_ns": 2695209.1749999993,
      "time_ms": 2.6952091749999996,
      "iterations": 200
    },
    "dfa_digits_only": {
      "time_ns": 1640417.32,
      "time_ms": 1.64041732,
      "iterations": 300
    },
    "national_phone_validation": {
      "time_ns": 1092174.4,
      "time_ms": 1.0921744,
      "iterations": 470
    },
    "toll_free_simple": {
      "time_ns": 161855.46,
      "time_ms": 0.16185545999999998,
      "iterations": 3100
    },
    "toll_free_complex": {
      "time_ns": 77279.505,
      "time_ms": 0.077279505,
      "iterations": 6400
    },
    "single_quantifier_digits": {
      "time_ns": 176282.56749999998,
      "time_ms": 0.1762825675,
      "iterations": 2800
    },
    "single_quantifier_alpha": {
      "time_ns": 214547.19500000004,
      "time_ms": 0.21454719500000002,
      "iterations": 2400
    },
    "dual_quantifiers": {
      "time_ns": 228817.13999999998,
      "time_ms": 0.22881713999999997,
      "iterations": 2400
    },
    "triple_quantifiers": {
      "time_ns": 123326.5,
      "time_ms": 0.1233265,
      "iterations": 4000
    },
    "quad_quantifiers": {
      "time_ns": 124400.84,
      "time_ms": 0.12440084,
      "iterations": 4100
    },
    "range_quantifiers": {
      "time_ns": 183533.29,
      "time_ms": 0.18353329000000002,
      "iterations": 2900
    },
    "mixed_range_quantifiers": {
      "time_ns": 113090.70666666667,
      "time_ms": 0.11309070666666667,
      "iterations": 4425
    },
    "datetime_quantifiers": {
      "time_ns": 137574.56,
      "time_ms": 0.13757455999999998,
      "iterations": 3900
    },
    "flexible_datetime": {
      "time_ns": 111234.39,
      "time_ms": 0.11123439,
      "iterations": 4300
    },
    "dense_quantifiers": {
      "time_ns": 472031.01999999996,
      "time_ms": 0.47203101999999997,
      "iterations": 1100
    },
    "ultra_dense_quantifiers": {
      "time_ns": 612031.44,
      "time_ms": 0.61203144,
      "iterations": 750
    },
    "grouped_quantifiers": {
      "time_ns": 251117.13499999998,
      "time_ms": 0.251117135,
      "iterations": 2000
    },
    "alternation_quantifiers": {
      "time_ns": 660918.1066666667,
      "time_ms": 0.6609181066666667,
      "iterations": 750
    },
    "optimize_range_quantifier": {
      "time_ns": 226987.018,
      "time_ms": 0.226987018,
      "iterations": 3000
    },
    "optimize_multiple_quantifiers": {
      "time_ns": 499413.07749999996,
      "time_ms": 0.49941307749999997,
      "iterations": 1200
    },
    "optimize_phone_quantifiers": {
      "time_ns": 190440.63666666666,
      "time_ms": 0.19044063666666666,
      "iterations": 2700
    },
    "optimize_large_quantifiers": {
      "time_ns": 9337.195,
      "time_ms": 0.009337195,
      "iterations": 54600
    },
    "optimize_extreme_quantifiers": {
      "time_ns": 14009.038,
      "time_ms": 0.014009038,
      "iterations": 34000
    },
    "is_match_lowercase": {
      "time_ns": 23983.287,
      "time_ms": 0.023983287,
      "iterations": 19000
    },
    "is_match_digits": {
      "time_ns": 25208.812,
      "time_ms": 0.025208812,
      "iterations": 19000
    },
    "is_match_alphanumeric": {
      "time_ns": 39890.699,
      "time_ms": 0.039890699,
      "iterations": 13000
    },
    "is_match_predefined_digits": {
      "time_ns": 65787.26849999999,
      "time_ms": 0.0657872685,
      "iterations": 8000
    },
    "is_match_predefined_word": {
      "time_ns": 53804.04349999999,
      "time_ms": 0.053804043499999996,
      "iterations": 10000
    }
  }
}
