{
  "engine": "python",
  "timestamp": "2026-03-30T17:04:44.935601",
  "results": {
    "literal_match_short": {
      "time_ns": 1829.1835,
      "time_ms": 0.0018291835,
      "iterations": 258000
    },
    "literal_match_long": {
      "time_ns": 19179.402,
      "time_ms": 0.019179401999999998,
      "iterations": 30000
    },
    "wildcard_match_any": {
      "time_ns": 11350.062000000002,
      "time_ms": 0.011350062000000001,
      "iterations": 44000
    },
    "quantifier_zero_or_more": {
      "time_ns": 773.388,
      "time_ms": 0.0007733880000000001,
      "iterations": 666000
    },
    "quantifier_one_or_more": {
      "time_ns": 507.2935,
      "time_ms": 0.0005072935,
      "iterations": 1016000
    },
    "quantifier_zero_or_one": {
      "time_ns": 356.7696666666667,
      "time_ms": 0.0003567696666666667,
      "iterations": 1341000
    },
    "range_lowercase": {
      "time_ns": 22813.304,
      "time_ms": 0.022813304,
      "iterations": 23000
    },
    "range_digits": {
      "time_ns": 179738.299,
      "time_ms": 0.179738299,
      "iterations": 3000
    },
    "range_alphanumeric": {
      "time_ns": 24511.581,
      "time_ms": 0.024511580999999998,
      "iterations": 21000
    },
    "predefined_digits": {
      "time_ns": 301450.47599999997,
      "time_ms": 0.30145047599999997,
      "iterations": 2000
    },
    "predefined_word": {
      "time_ns": 55927.477,
      "time_ms": 0.055927476999999996,
      "iterations": 9000
    },
    "anchor_start": {
      "time_ns": 289.272,
      "time_ms": 0.000289272,
      "iterations": 1732000
    },
    "alternation_simple": {
      "time_ns": 287.26375,
      "time_ms": 0.00028726375000000004,
      "iterations": 1556000
    },
    "group_alternation": {
      "time_ns": 261.93449999999996,
      "time_ms": 0.00026193449999999997,
      "iterations": 1872000
    },
    "large_8_alternations": {
      "time_ns": 674.39225,
      "time_ms": 0.00067439225,
      "iterations": 712000
    },
    "deep_nested_groups_depth4": {
      "time_ns": 286.528,
      "time_ms": 0.00028652800000000003,
      "iterations": 1678000
    },
    "literal_heavy_alternation": {
      "time_ns": 745.092,
      "time_ms": 0.0007450919999999999,
      "iterations": 562000
    },
    "complex_group_5_children": {
      "time_ns": 721.743,
      "time_ms": 0.0007217430000000001,
      "iterations": 641000
    },
    "match_all_simple": {
      "time_ns": 46282.08,
      "time_ms": 0.04628208,
      "iterations": 10600
    },
    "match_all_digits": {
      "time_ns": 2520608.175,
      "time_ms": 2.520608175,
      "iterations": 200
    },
    "literal_prefix_short": {
      "time_ns": 507.5029940119761,
      "time_ms": 0.0005075029940119761,
      "iterations": 734967
    },
    "literal_prefix_long": {
      "time_ns": 54445.8,
      "time_ms": 0.0544458,
      "iterations": 8600
    },
    "required_literal_short": {
      "time_ns": 6222.608490566037,
      "time_ms": 0.006222608490566038,
      "iterations": 89676
    },
    "no_literal_baseline": {
      "time_ns": 579.7737430167598,
      "time_ms": 0.0005797737430167598,
      "iterations": 913616
    },
    "alternation_common_prefix": {
      "time_ns": 372.73387096774195,
      "time_ms": 0.000372733870967742,
      "iterations": 1182960
    },
    "complex_email": {
      "time_ns": 25541.225000000002,
      "time_ms": 0.025541225,
      "iterations": 17840
    },
    "complex_number": {
      "time_ns": 144332.816,
      "time_ms": 0.144332816,
      "iterations": 3500
    },
    "simple_phone": {
      "time_ns": 2260044.44,
      "time_ms": 2.26004444,
      "iterations": 300
    },
    "flexible_phone": {
      "time_ns": 3016897.205,
      "time_ms": 3.0168972050000002,
      "iterations": 200
    },
    "multi_format_phone": {
      "time_ns": 8057622.79,
      "time_ms": 8.05762279,
      "iterations": 100
    },
    "phone_validation": {
      "time_ns": 584.1406666666667,
      "time_ms": 0.0005841406666666667,
      "iterations": 790500
    },
    "dfa_simple_phone": {
      "time_ns": 1699212.54,
      "time_ms": 1.69921254,
      "iterations": 300
    },
    "dfa_paren_phone": {
      "time_ns": 110849.36,
      "time_ms": 0.11084936,
      "iterations": 3700
    },
    "dfa_dot_phone": {
      "time_ns": 1782411.92,
      "time_ms": 1.78241192,
      "iterations": 300
    },
    "dfa_digits_only": {
      "time_ns": 1754140.94,
      "time_ms": 1.7541409399999999,
      "iterations": 300
    },
    "national_phone_validation": {
      "time_ns": 2103211.4,
      "time_ms": 2.1032113999999997,
      "iterations": 250
    },
    "toll_free_simple": {
      "time_ns": 188793.49,
      "time_ms": 0.18879348999999998,
      "iterations": 2700
    },
    "toll_free_complex": {
      "time_ns": 108215.36000000002,
      "time_ms": 0.10821536000000001,
      "iterations": 4800
    },
    "single_quantifier_digits": {
      "time_ns": 251316.0625,
      "time_ms": 0.2513160625,
      "iterations": 2000
    },
    "single_quantifier_alpha": {
      "time_ns": 473662.585,
      "time_ms": 0.473662585,
      "iterations": 1200
    },
    "dual_quantifiers": {
      "time_ns": 220794.18666666668,
      "time_ms": 0.22079418666666667,
      "iterations": 2250
    },
    "triple_quantifiers": {
      "time_ns": 170254.27999999997,
      "time_ms": 0.17025427999999998,
      "iterations": 2800
    },
    "quad_quantifiers": {
      "time_ns": 177353.19,
      "time_ms": 0.17735319,
      "iterations": 2700
    },
    "range_quantifiers": {
      "time_ns": 173385.61,
      "time_ms": 0.17338561,
      "iterations": 2900
    },
    "mixed_range_quantifiers": {
      "time_ns": 137471.21333333335,
      "time_ms": 0.13747121333333334,
      "iterations": 3675
    },
    "datetime_quantifiers": {
      "time_ns": 148295.37,
      "time_ms": 0.14829536999999998,
      "iterations": 3300
    },
    "flexible_datetime": {
      "time_ns": 152551.48,
      "time_ms": 0.15255148000000002,
      "iterations": 3200
    },
    "dense_quantifiers": {
      "time_ns": 298820.34,
      "time_ms": 0.29882034,
      "iterations": 1700
    },
    "ultra_dense_quantifiers": {
      "time_ns": 379684.12,
      "time_ms": 0.37968412,
      "iterations": 1275
    },
    "grouped_quantifiers": {
      "time_ns": 194464.315,
      "time_ms": 0.194464315,
      "iterations": 2600
    },
    "alternation_quantifiers": {
      "time_ns": 605675.1066666667,
      "time_ms": 0.6056751066666667,
      "iterations": 825
    },
    "optimize_range_quantifier": {
      "time_ns": 171685.65549999996,
      "time_ms": 0.17168565549999995,
      "iterations": 4000
    },
    "optimize_multiple_quantifiers": {
      "time_ns": 494765.32,
      "time_ms": 0.49476532,
      "iterations": 1000
    },
    "optimize_phone_quantifiers": {
      "time_ns": 304394.7216666666,
      "time_ms": 0.30439472166666665,
      "iterations": 1800
    },
    "optimize_large_quantifiers": {
      "time_ns": 14008.19,
      "time_ms": 0.01400819,
      "iterations": 36100
    },
    "optimize_extreme_quantifiers": {
      "time_ns": 16448.776,
      "time_ms": 0.016448776000000002,
      "iterations": 29500
    },
    "is_match_lowercase": {
      "time_ns": 21923.173,
      "time_ms": 0.021923172999999997,
      "iterations": 23000
    },
    "is_match_digits": {
      "time_ns": 24520.1715,
      "time_ms": 0.0245201715,
      "iterations": 20000
    },
    "is_match_alphanumeric": {
      "time_ns": 49895.684,
      "time_ms": 0.049895684,
      "iterations": 11000
    },
    "is_match_predefined_digits": {
      "time_ns": 93488.219,
      "time_ms": 0.093488219,
      "iterations": 6000
    },
    "is_match_predefined_word": {
      "time_ns": 91434.872,
      "time_ms": 0.091434872,
      "iterations": 6000
    }
  }
}
