{
  "engine": "python",
  "timestamp": "2026-03-26T20:38:44.267776",
  "results": {
    "literal_match_short": {
      "time_ns": 750.3684850746268,
      "time_ms": 0.0007503684850746268,
      "iterations": 134000
    },
    "literal_match_long": {
      "time_ns": 6832.4011875,
      "time_ms": 0.0068324011875,
      "iterations": 16000
    },
    "wildcard_match_any": {
      "time_ns": 7899.472846153846,
      "time_ms": 0.007899472846153846,
      "iterations": 13000
    },
    "quantifier_zero_or_more": {
      "time_ns": 241.9290072463768,
      "time_ms": 0.0002419290072463768,
      "iterations": 414000
    },
    "quantifier_one_or_more": {
      "time_ns": 235.7715576470588,
      "time_ms": 0.0002357715576470588,
      "iterations": 425000
    },
    "quantifier_zero_or_one": {
      "time_ns": 286.9941719197708,
      "time_ms": 0.0002869941719197708,
      "iterations": 349000
    },
    "range_lowercase": {
      "time_ns": 22769.2414,
      "time_ms": 0.022769241399999997,
      "iterations": 5000
    },
    "range_digits": {
      "time_ns": 132665.775,
      "time_ms": 0.13266577499999999,
      "iterations": 1000
    },
    "range_alphanumeric": {
      "time_ns": 21713.5924,
      "time_ms": 0.021713592400000002,
      "iterations": 5000
    },
    "predefined_digits": {
      "time_ns": 141825.568,
      "time_ms": 0.141825568,
      "iterations": 1000
    },
    "predefined_word": {
      "time_ns": 26424.4355,
      "time_ms": 0.0264244355,
      "iterations": 4000
    },
    "anchor_start": {
      "time_ns": 153.22761773700307,
      "time_ms": 0.00015322761773700307,
      "iterations": 654000
    },
    "alternation_simple": {
      "time_ns": 151.55317272727274,
      "time_ms": 0.00015155317272727274,
      "iterations": 660000
    },
    "group_alternation": {
      "time_ns": 144.80502604920406,
      "time_ms": 0.00014480502604920405,
      "iterations": 691000
    },
    "large_8_alternations": {
      "time_ns": 323.84438511326863,
      "time_ms": 0.00032384438511326864,
      "iterations": 309000
    },
    "deep_nested_groups_depth4": {
      "time_ns": 169.44710152284264,
      "time_ms": 0.00016944710152284266,
      "iterations": 591000
    },
    "literal_heavy_alternation": {
      "time_ns": 565.7170393258427,
      "time_ms": 0.0005657170393258427,
      "iterations": 178000
    },
    "complex_group_5_children": {
      "time_ns": 563.7868314606742,
      "time_ms": 0.0005637868314606742,
      "iterations": 178000
    },
    "match_all_simple": {
      "time_ns": 17264.9505,
      "time_ms": 0.017264950499999997,
      "iterations": 6000
    },
    "match_all_digits": {
      "time_ns": 1149142.685,
      "time_ms": 1.1491426850000002,
      "iterations": 200
    },
    "literal_prefix_short": {
      "time_ns": 548.31552,
      "time_ms": 0.0005483155199999999,
      "iterations": 100000
    },
    "literal_prefix_long": {
      "time_ns": 38409.83064516129,
      "time_ms": 0.03840983064516129,
      "iterations": 2604
    },
    "required_literal_short": {
      "time_ns": 3291.765199644491,
      "time_ms": 0.003291765199644491,
      "iterations": 30379
    },
    "no_literal_baseline": {
      "time_ns": 472.74862,
      "time_ms": 0.00047274862,
      "iterations": 100000
    },
    "alternation_common_prefix": {
      "time_ns": 446.74862,
      "time_ms": 0.00044674862000000003,
      "iterations": 100000
    },
    "complex_email": {
      "time_ns": 17287.931379310347,
      "time_ms": 0.017287931379310346,
      "iterations": 5800
    },
    "complex_number": {
      "time_ns": 123989.371,
      "time_ms": 0.123989371,
      "iterations": 1000
    },
    "simple_phone": {
      "time_ns": 1468969.28,
      "time_ms": 1.46896928,
      "iterations": 100
    },
    "flexible_phone": {
      "time_ns": 1825029.47,
      "time_ms": 1.82502947,
      "iterations": 100
    },
    "multi_format_phone": {
      "time_ns": 3688427.32,
      "time_ms": 3.6884273199999997,
      "iterations": 50
    },
    "phone_validation": {
      "time_ns": 303.87950834597876,
      "time_ms": 0.00030387950834597876,
      "iterations": 329500
    },
    "dfa_simple_phone": {
      "time_ns": 762735.765,
      "time_ms": 0.7627357650000001,
      "iterations": 200
    },
    "dfa_paren_phone": {
      "time_ns": 60222.12411764706,
      "time_ms": 0.06022212411764706,
      "iterations": 1700
    },
    "dfa_dot_phone": {
      "time_ns": 906748.15,
      "time_ms": 0.90674815,
      "iterations": 200
    },
    "dfa_digits_only": {
      "time_ns": 1080448.81,
      "time_ms": 1.08044881,
      "iterations": 200
    },
    "national_phone_validation": {
      "time_ns": 766063.4642857143,
      "time_ms": 0.7660634642857144,
      "iterations": 140
    },
    "toll_free_simple": {
      "time_ns": 98604.23727272727,
      "time_ms": 0.09860423727272727,
      "iterations": 1100
    },
    "toll_free_complex": {
      "time_ns": 57387.14666666667,
      "time_ms": 0.057387146666666666,
      "iterations": 1800
    },
    "single_quantifier_digits": {
      "time_ns": 122009.939,
      "time_ms": 0.122009939,
      "iterations": 1000
    },
    "single_quantifier_alpha": {
      "time_ns": 181022.99833333332,
      "time_ms": 0.18102299833333332,
      "iterations": 600
    },
    "dual_quantifiers": {
      "time_ns": 148093.50666666665,
      "time_ms": 0.14809350666666665,
      "iterations": 750
    },
    "triple_quantifiers": {
      "time_ns": 127431.75125,
      "time_ms": 0.12743175125,
      "iterations": 800
    },
    "quad_quantifiers": {
      "time_ns": 112912.83333333333,
      "time_ms": 0.11291283333333332,
      "iterations": 900
    },
    "range_quantifiers": {
      "time_ns": 103678.665,
      "time_ms": 0.10367866499999999,
      "iterations": 1000
    },
    "mixed_range_quantifiers": {
      "time_ns": 95881.96476190476,
      "time_ms": 0.09588196476190476,
      "iterations": 1050
    },
    "datetime_quantifiers": {
      "time_ns": 104940.981,
      "time_ms": 0.104940981,
      "iterations": 1000
    },
    "flexible_datetime": {
      "time_ns": 148135.5042857143,
      "time_ms": 0.1481355042857143,
      "iterations": 700
    },
    "dense_quantifiers": {
      "time_ns": 205270.232,
      "time_ms": 0.205270232,
      "iterations": 500
    },
    "ultra_dense_quantifiers": {
      "time_ns": 226550.9622222222,
      "time_ms": 0.2265509622222222,
      "iterations": 450
    },
    "grouped_quantifiers": {
      "time_ns": 110249.871,
      "time_ms": 0.110249871,
      "iterations": 1000
    },
    "alternation_quantifiers": {
      "time_ns": 464705.4844444444,
      "time_ms": 0.4647054844444444,
      "iterations": 225
    },
    "optimize_range_quantifier": {
      "time_ns": 122503.311,
      "time_ms": 0.122503311,
      "iterations": 1000
    },
    "optimize_multiple_quantifiers": {
      "time_ns": 225951.52333333335,
      "time_ms": 0.22595152333333335,
      "iterations": 600
    },
    "optimize_phone_quantifiers": {
      "time_ns": 162561.63,
      "time_ms": 0.16256163,
      "iterations": 900
    },
    "optimize_large_quantifiers": {
      "time_ns": 10686.18755319149,
      "time_ms": 0.01068618755319149,
      "iterations": 9400
    },
    "optimize_extreme_quantifiers": {
      "time_ns": 20682.669,
      "time_ms": 0.020682669,
      "iterations": 5000
    }
  }
}