{
  "engine": "python",
  "timestamp": "2026-04-14T23:17:02.584568",
  "results": {
    "literal_match_short": {
      "time_ns": 767.82475,
      "time_ms": 0.00076782475,
      "iterations": 640000
    },
    "literal_match_long": {
      "time_ns": 13041.4745,
      "time_ms": 0.0130414745,
      "iterations": 40000
    },
    "wildcard_match_any": {
      "time_ns": 2918.402,
      "time_ms": 0.002918402,
      "iterations": 172000
    },
    "quantifier_zero_or_more": {
      "time_ns": 212.26775,
      "time_ms": 0.00021226775000000002,
      "iterations": 2264000
    },
    "quantifier_one_or_more": {
      "time_ns": 146.26483333333334,
      "time_ms": 0.00014626483333333334,
      "iterations": 3390000
    },
    "quantifier_zero_or_one": {
      "time_ns": 201.39516666666665,
      "time_ms": 0.00020139516666666665,
      "iterations": 2334000
    },
    "range_lowercase": {
      "time_ns": 9068.476,
      "time_ms": 0.009068476,
      "iterations": 55000
    },
    "range_digits": {
      "time_ns": 99222.58,
      "time_ms": 0.09922258,
      "iterations": 5000
    },
    "range_alphanumeric": {
      "time_ns": 13270.007,
      "time_ms": 0.013270007,
      "iterations": 35000
    },
    "predefined_digits": {
      "time_ns": 109818.132,
      "time_ms": 0.109818132,
      "iterations": 5000
    },
    "predefined_word": {
      "time_ns": 37925.40349999999,
      "time_ms": 0.037925403499999996,
      "iterations": 14000
    },
    "anchor_start": {
      "time_ns": 130.41025,
      "time_ms": 0.00013041025,
      "iterations": 3824000
    },
    "alternation_simple": {
      "time_ns": 192.05435714285716,
      "time_ms": 0.00019205435714285716,
      "iterations": 2478000
    },
    "group_alternation": {
      "time_ns": 134.91614285714286,
      "time_ms": 0.00013491614285714287,
      "iterations": 3703000
    },
    "large_8_alternations": {
      "time_ns": 426.7765,
      "time_ms": 0.0004267765,
      "iterations": 1172000
    },
    "deep_nested_groups_depth4": {
      "time_ns": 136.61875,
      "time_ms": 0.00013661875,
      "iterations": 3624000
    },
    "literal_heavy_alternation": {
      "time_ns": 527.4883333333333,
      "time_ms": 0.0005274883333333334,
      "iterations": 933000
    },
    "complex_group_5_children": {
      "time_ns": 431.19379999999995,
      "time_ms": 0.00043119379999999996,
      "iterations": 1200000
    },
    "match_all_simple": {
      "time_ns": 30502.135,
      "time_ms": 0.030502135,
      "iterations": 16600
    },
    "match_all_digits": {
      "time_ns": 858963.3,
      "time_ms": 0.8589633000000001,
      "iterations": 600
    },
    "literal_prefix_short": {
      "time_ns": 156.07993966817497,
      "time_ms": 0.00015607993966817497,
      "iterations": 3110133
    },
    "literal_prefix_long": {
      "time_ns": 19328.89423076923,
      "time_ms": 0.01932889423076923,
      "iterations": 19760
    },
    "required_literal_short": {
      "time_ns": 1301.188940092166,
      "time_ms": 0.001301188940092166,
      "iterations": 353059
    },
    "no_literal_baseline": {
      "time_ns": 143.38885112168592,
      "time_ms": 0.00014338885112168592,
      "iterations": 2702227
    },
    "alternation_common_prefix": {
      "time_ns": 115.75,
      "time_ms": 0.00011575,
      "iterations": 3503724
    },
    "complex_email": {
      "time_ns": 13035.775,
      "time_ms": 0.013035775,
      "iterations": 39600
    },
    "complex_number": {
      "time_ns": 68165.15,
      "time_ms": 0.06816515,
      "iterations": 7500
    },
    "simple_phone": {
      "time_ns": 1093763.15,
      "time_ms": 1.09376315,
      "iterations": 500
    },
    "flexible_phone": {
      "time_ns": 1708413.8900000001,
      "time_ms": 1.70841389,
      "iterations": 400
    },
    "multi_format_phone": {
      "time_ns": 3147873.38,
      "time_ms": 3.14787338,
      "iterations": 200
    },
    "phone_validation": {
      "time_ns": 301.18716666666666,
      "time_ms": 0.00030118716666666665,
      "iterations": 1620000
    },
    "dfa_simple_phone": {
      "time_ns": 883735.7150000001,
      "time_ms": 0.883735715,
      "iterations": 600
    },
    "dfa_paren_phone": {
      "time_ns": 38748.94,
      "time_ms": 0.03874894,
      "iterations": 12700
    },
    "dfa_dot_phone": {
      "time_ns": 849646.4349999999,
      "time_ms": 0.8496464349999999,
      "iterations": 600
    },
    "dfa_digits_only": {
      "time_ns": 640491.0499999999,
      "time_ms": 0.64049105,
      "iterations": 800
    },
    "national_phone_validation": {
      "time_ns": 485502.3,
      "time_ms": 0.4855023,
      "iterations": 940
    },
    "toll_free_simple": {
      "time_ns": 51273.8,
      "time_ms": 0.0512738,
      "iterations": 8100
    },
    "toll_free_complex": {
      "time_ns": 28125.53,
      "time_ms": 0.02812553,
      "iterations": 16300
    },
    "single_quantifier_digits": {
      "time_ns": 61719.71,
      "time_ms": 0.06171971,
      "iterations": 6600
    },
    "single_quantifier_alpha": {
      "time_ns": 85632.88750000001,
      "time_ms": 0.08563288750000002,
      "iterations": 5600
    },
    "dual_quantifiers": {
      "time_ns": 77237.21333333333,
      "time_ms": 0.07723721333333333,
      "iterations": 5550
    },
    "triple_quantifiers": {
      "time_ns": 66789.04,
      "time_ms": 0.06678904,
      "iterations": 7300
    },
    "quad_quantifiers": {
      "time_ns": 85120.275,
      "time_ms": 0.085120275,
      "iterations": 5200
    },
    "range_quantifiers": {
      "time_ns": 70637.18,
      "time_ms": 0.07063718,
      "iterations": 6900
    },
    "mixed_range_quantifiers": {
      "time_ns": 83230.55333333333,
      "time_ms": 0.08323055333333333,
      "iterations": 6000
    },
    "datetime_quantifiers": {
      "time_ns": 64100.49,
      "time_ms": 0.06410049,
      "iterations": 7000
    },
    "flexible_datetime": {
      "time_ns": 92465.76,
      "time_ms": 0.09246576,
      "iterations": 4900
    },
    "dense_quantifiers": {
      "time_ns": 127258.76,
      "time_ms": 0.12725876,
      "iterations": 3950
    },
    "ultra_dense_quantifiers": {
      "time_ns": 278400.18,
      "time_ms": 0.27840018,
      "iterations": 1750
    },
    "grouped_quantifiers": {
      "time_ns": 75564.10500000001,
      "time_ms": 0.075564105,
      "iterations": 6600
    },
    "alternation_quantifiers": {
      "time_ns": 347985.11333333334,
      "time_ms": 0.3479851133333333,
      "iterations": 1350
    },
    "optimize_range_quantifier": {
      "time_ns": 78941.482,
      "time_ms": 0.07894148200000001,
      "iterations": 7000
    },
    "optimize_multiple_quantifiers": {
      "time_ns": 190074.71000000002,
      "time_ms": 0.19007471,
      "iterations": 2400
    },
    "optimize_phone_quantifiers": {
      "time_ns": 103933.545,
      "time_ms": 0.103933545,
      "iterations": 4200
    },
    "optimize_large_quantifiers": {
      "time_ns": 4486.5,
      "time_ms": 0.0044865,
      "iterations": 107800
    },
    "optimize_extreme_quantifiers": {
      "time_ns": 13081.938,
      "time_ms": 0.013081938,
      "iterations": 41500
    },
    "is_match_lowercase": {
      "time_ns": 8908.801,
      "time_ms": 0.008908801,
      "iterations": 53000
    },
    "is_match_digits": {
      "time_ns": 10749.1695,
      "time_ms": 0.010749169499999999,
      "iterations": 42000
    },
    "is_match_alphanumeric": {
      "time_ns": 11301.992,
      "time_ms": 0.011301992,
      "iterations": 44000
    },
    "is_match_predefined_digits": {
      "time_ns": 31868.751,
      "time_ms": 0.031868751,
      "iterations": 15000
    },
    "is_match_predefined_word": {
      "time_ns": 20659.455,
      "time_ms": 0.020659455,
      "iterations": 25000
    },
    "sub_literal": {
      "time_ns": 4622.916666666667,
      "time_ms": 0.004622916666666667,
      "iterations": 96900
    },
    "sub_digits": {
      "time_ns": 828943.8,
      "time_ms": 0.8289438,