{
  "engine": "python",
  "timestamp": "2026-04-17T16:09:52.821676",
  "results": {
    "literal_match_short": {
      "time_ns": 816.364,
      "time_ms": 0.000816364,
      "iterations": 538000
    },
    "literal_match_long": {
      "time_ns": 6767.5472500000005,
      "time_ms": 0.00676754725,
      "iterations": 76000
    },
    "wildcard_match_any": {
      "time_ns": 4381.845,
      "time_ms": 0.0043818450000000005,
      "iterations": 109000
    },
    "quantifier_zero_or_more": {
      "time_ns": 238.550375,
      "time_ms": 0.000238550375,
      "iterations": 2032000
    },
    "quantifier_one_or_more": {
      "time_ns": 145.5535,
      "time_ms": 0.00014555350000000002,
      "iterations": 2972000
    },
    "quantifier_zero_or_one": {
      "time_ns": 153.59949999999998,
      "time_ms": 0.00015359949999999999,
      "iterations": 2926000
    },
    "range_lowercase": {
      "time_ns": 13110.5,
      "time_ms": 0.0131105,
      "iterations": 37000
    },
    "range_digits": {
      "time_ns": 131185.22100000002,
      "time_ms": 0.13118522100000002,
      "iterations": 4000
    },
    "range_alphanumeric": {
      "time_ns": 12774.8985,
      "time_ms": 0.0127748985,
      "iterations": 38000
    },
    "predefined_digits": {
      "time_ns": 165231.54099999997,
      "time_ms": 0.16523154099999998,
      "iterations": 4000
    },
    "predefined_word": {
      "time_ns": 37992.135,
      "time_ms": 0.037992135,
      "iterations": 13000
    },
    "anchor_start": {
      "time_ns": 146.60583333333332,
      "time_ms": 0.0001466058333333333,
      "iterations": 3210000
    },
    "alternation_simple": {
      "time_ns": 146.0025,
      "time_ms": 0.0001460025,
      "iterations": 3336000
    },
    "group_alternation": {
      "time_ns": 163.52908333333332,
      "time_ms": 0.00016352908333333333,
      "iterations": 2820000
    },
    "large_8_alternations": {
      "time_ns": 480.3255,
      "time_ms": 0.0004803255,
      "iterations": 1022000
    },
    "deep_nested_groups_depth4": {
      "time_ns": 154.206375,
      "time_ms": 0.000154206375,
      "iterations": 2984000
    },
    "literal_heavy_alternation": {
      "time_ns": 374.92566666666664,
      "time_ms": 0.00037492566666666666,
      "iterations": 1266000
    },
    "complex_group_5_children": {
      "time_ns": 285.53362500000003,
      "time_ms": 0.00028553362500000003,
      "iterations": 1640000
    },
    "match_all_simple": {
      "time_ns": 24187.56,
      "time_ms": 0.02418756,
      "iterations": 20000
    },
    "match_all_digits": {
      "time_ns": 753054.735,
      "time_ms": 0.753054735,
      "iterations": 800
    },
    "literal_prefix_short": {
      "time_ns": 152.70226730310262,
      "time_ms": 0.00015270226730310262,
      "iterations": 2958140
    },
    "literal_prefix_long": {
      "time_ns": 31537.322580645163,
      "time_ms": 0.031537322580645163,
      "iterations": 15934
    },
    "required_literal_short": {
      "time_ns": 1539.4714285714285,
      "time_ms": 0.0015394714285714285,
      "iterations": 300440
    },
    "no_literal_baseline": {
      "time_ns": 144.3891850723534,
      "time_ms": 0.0001443891850723534,
      "iterations": 3478137
    },
    "alternation_common_prefix": {
      "time_ns": 140.01166407465007,
      "time_ms": 0.00014001166407465006,
      "iterations": 3177706
    },
    "complex_email": {
      "time_ns": 16901.6625,
      "time_ms": 0.016901662499999998,
      "iterations": 28880
    },
    "complex_number": {
      "time_ns": 71042.894,
      "time_ms": 0.071042894,
      "iterations": 6500
    },
    "simple_phone": {
      "time_ns": 836942.565,
      "time_ms": 0.836942565,
      "iterations": 600
    },
    "flexible_phone": {
      "time_ns": 2513744.24,
      "time_ms": 2.5137442400000003,
      "iterations": 300
    },
    "multi_format_phone": {
      "time_ns": 3161836.76,
      "time_ms": 3.16183676,
      "iterations": 200
    },
    "phone_validation": {
      "time_ns": 285.06412500000005,
      "time_ms": 0.00028506412500000006,
      "iterations": 1704000
    },
    "dfa_simple_phone": {
      "time_ns": 1182777.64,
      "time_ms": 1.1827776399999999,
      "iterations": 500
    },
    "dfa_paren_phone": {
      "time_ns": 42212.09,
      "time_ms": 0.042212089999999994,
      "iterations": 10500
    },
    "dfa_dot_phone": {
      "time_ns": 626300.3,
      "time_ms": 0.6263003,
      "iterations": 800
    },
    "dfa_digits_only": {
      "time_ns": 1139163.86,
      "time_ms": 1.13916386,
      "iterations": 500
    },
    "national_phone_validation": {
      "time_ns": 941630.0,
      "time_ms": 0.94163,
      "iterations": 550
    },
    "toll_free_simple": {
      "time_ns": 50270.524999999994,
      "time_ms": 0.050270524999999996,
      "iterations": 10200
    },
    "toll_free_complex": {
      "time_ns": 29009.390000000003,
      "time_ms": 0.029009390000000003,
      "iterations": 16800
    },
    "single_quantifier_digits": {
      "time_ns": 110549.865,
      "time_ms": 0.11054986500000001,
      "iterations": 4600
    },
    "single_quantifier_alpha": {
      "time_ns": 90700.75,
      "time_ms": 0.09070075,
      "iterations": 5000
    },
    "dual_quantifiers": {
      "time_ns": 70895.75000000001,
      "time_ms": 0.07089575000000002,
      "iterations": 7200
    },
    "triple_quantifiers": {
      "time_ns": 70449.26999999999,
      "time_ms": 0.07044927,
      "iterations": 6400
    },
    "quad_quantifiers": {
      "time_ns": 128730.65000000001,
      "time_ms": 0.12873065,
      "iterations": 3800
    },
    "range_quantifiers": {
      "time_ns": 71162.88,
      "time_ms": 0.07116288,
      "iterations": 6100
    },
    "mixed_range_quantifiers": {
      "time_ns": 61904.78666666667,
      "time_ms": 0.06190478666666667,
      "iterations": 8025
    },
    "datetime_quantifiers": {
      "time_ns": 69001.53,
      "time_ms": 0.06900153,
      "iterations": 6500
    },
    "flexible_datetime": {
      "time_ns": 138776.42,
      "time_ms": 0.13877642,
      "iterations": 3700
    },
    "dense_quantifiers": {
      "time_ns": 129514.74000000002,
      "time_ms": 0.12951474000000002,
      "iterations": 3750
    },
    "ultra_dense_quantifiers": {
      "time_ns": 197035.13999999998,
      "time_ms": 0.19703514,
      "iterations": 2450
    },
    "grouped_quantifiers": {
      "time_ns": 97393.16,
      "time_ms": 0.09739316,
      "iterations": 4700
    },
    "alternation_quantifiers": {
      "time_ns": 530771.8933333333,
      "time_ms": 0.5307718933333333,
      "iterations": 975
    },
    "optimize_range_quantifier": {
      "time_ns": 85114.18500000001,
      "time_ms": 0.08511418500000001,
      "iterations": 6000
    },
    "optimize_multiple_quantifiers": {
      "time_ns": 206663.80750000002,
      "time_ms": 0.20666380750000002,
      "iterations": 2400
    },
    "optimize_phone_quantifiers": {
      "time_ns": 178504.97666666665,
      "time_ms": 0.17850497666666665,
      "iterations": 2700
    },
    "optimize_large_quantifiers": {
      "time_ns": 6434.885,
      "time_ms": 0.006434885,
      "iterations": 73400
    },
    "optimize_extreme_quantifiers": {
      "time_ns": 6808.058000000001,
      "time_ms": 0.0068080580000000005,
      "iterations": 73000
    },
    "is_match_lowercase": {
      "time_ns": 9868.528,
      "time_ms": 0.009868528,
      "iterations": 47000
    },
    "is_match_digits": {
      "time_ns": 16261.640000000001,
      "time_ms": 0.01626164,
      "iterations": 31000
    },
    "is_match_alphanumeric": {
      "time_ns": 14021.716,
      "time_ms": 0.014021716,
      "iterations": 34000
    },
    "is_match_predefined_digits": {
      "time_ns": 23916.085,
      "time_ms": 0.023916085,
      "iterations": 21000
    },
    "is_match_predefined_word": {
      "time_ns": 23554.318000000003,
      "time_ms": 0.023554318000000005,
      "iterations": 20000
    },
    "sub_literal": {
      "time_ns": 6681.705,