{
  "engine": "python",
  "timestamp": "2026-04-02T20:56:14.066789",
  "results": {
    "literal_match_short": {
      "time_ns": 2107.1075,
      "time_ms": 0.0021071075,
      "iterations": 242000
    },
    "literal_match_long": {
      "time_ns": 19485.05425,
      "time_ms": 0.01948505425,
      "iterations": 28000
    },
    "wildcard_match_any": {
      "time_ns": 6228.645,
      "time_ms": 0.0062286450000000005,
      "iterations": 71000
    },
    "quantifier_zero_or_more": {
      "time_ns": 365.4309999999999,
      "time_ms": 0.00036543099999999994,
      "iterations": 1348000
    },
    "quantifier_one_or_more": {
      "time_ns": 378.1886666666667,
      "time_ms": 0.0003781886666666667,
      "iterations": 1311000
    },
    "quantifier_zero_or_one": {
      "time_ns": 243.00733333333332,
      "time_ms": 0.00024300733333333332,
      "iterations": 1953000
    },
    "range_lowercase": {
      "time_ns": 15601.7385,
      "time_ms": 0.0156017385,
      "iterations": 34000
    },
    "range_digits": {
      "time_ns": 222088.11,
      "time_ms": 0.22208810999999998,
      "iterations": 3000
    },
    "range_alphanumeric": {
      "time_ns": 31472.2015,
      "time_ms": 0.0314722015,
      "iterations": 16000
    },
    "predefined_digits": {
      "time_ns": 193530.047,
      "time_ms": 0.19353004699999998,
      "iterations": 3000
    },
    "predefined_word": {
      "time_ns": 52021.685,
      "time_ms": 0.052021685,
      "iterations": 10000
    },
    "anchor_start": {
      "time_ns": 284.10525,
      "time_ms": 0.00028410525,
      "iterations": 1916000
    },
    "alternation_simple": {
      "time_ns": 252.948,
      "time_ms": 0.000252948,
      "iterations": 1992000
    },
    "group_alternation": {
      "time_ns": 210.71325,
      "time_ms": 0.00021071325,
      "iterations": 2276000
    },
    "large_8_alternations": {
      "time_ns": 606.1617500000001,
      "time_ms": 0.0006061617500000001,
      "iterations": 836000
    },
    "deep_nested_groups_depth4": {
      "time_ns": 249.98225000000002,
      "time_ms": 0.00024998225,
      "iterations": 2088000
    },
    "literal_heavy_alternation": {
      "time_ns": 535.1537500000001,
      "time_ms": 0.0005351537500000001,
      "iterations": 900000
    },
    "complex_group_5_children": {
      "time_ns": 388.49666666666667,
      "time_ms": 0.00038849666666666664,
      "iterations": 1386000
    },
    "match_all_simple": {
      "time_ns": 29488.1,
      "time_ms": 0.0294881,
      "iterations": 17400
    },
    "match_all_digits": {
      "time_ns": 1736460.0974999997,
      "time_ms": 1.7364600974999997,
      "iterations": 400
    },
    "literal_prefix_short": {
      "time_ns": 343.54589371980677,
      "time_ms": 0.00034354589371980677,
      "iterations": 1372824
    },
    "literal_prefix_long": {
      "time_ns": 40392.44117647059,
      "time_ms": 0.04039244117647059,
      "iterations": 11254
    },
    "required_literal_short": {
      "time_ns": 3395.768888888889,
      "time_ms": 0.0033957688888888887,
      "iterations": 127800
    },
    "no_literal_baseline": {
      "time_ns": 289.7710109622412,
      "time_ms": 0.0002897710109622412,
      "iterations": 1744625
    },
    "alternation_common_prefix": {
      "time_ns": 251.86977886977888,
      "time_ms": 0.0002518697788697789,
      "iterations": 1776962
    },
    "complex_email": {
      "time_ns": 23651.3125,
      "time_ms": 0.0236513125,
      "iterations": 21200
    },
    "complex_number": {
      "time_ns": 155779.668,
      "time_ms": 0.155779668,
      "iterations": 3500
    },
    "simple_phone": {
      "time_ns": 1494623.245,
      "time_ms": 1.494623245,
      "iterations": 400
    },
    "flexible_phone": {
      "time_ns": 3182743.995,
      "time_ms": 3.182743995,
      "iterations": 200
    },
    "multi_format_phone": {
      "time_ns": 6347994.180000001,
      "time_ms": 6.347994180000001,
      "iterations": 100
    },
    "phone_validation": {
      "time_ns": 568.3088,
      "time_ms": 0.0005683088000000001,
      "iterations": 887500
    },
    "dfa_simple_phone": {
      "time_ns": 1742008.61,
      "time_ms": 1.74200861,
      "iterations": 300
    },
    "dfa_paren_phone": {
      "time_ns": 108393.36,
      "time_ms": 0.10839336,
      "iterations": 4100
    },
    "dfa_dot_phone": {
      "time_ns": 1634353.0,
      "time_ms": 1.634353,
      "iterations": 400
    },
    "dfa_digits_only": {
      "time_ns": 1361859.6400000001,
      "time_ms": 1.36185964,
      "iterations": 400
    },
    "national_phone_validation": {
      "time_ns": 1087650.6,
      "time_ms": 1.0876506000000001,
      "iterations": 490
    },
    "toll_free_simple": {
      "time_ns": 92811.26,
      "time_ms": 0.09281125999999999,
      "iterations": 4900
    },
    "toll_free_complex": {
      "time_ns": 62658.950000000004,
      "time_ms": 0.06265895,
      "iterations": 8200
    },
    "single_quantifier_digits": {
      "time_ns": 115214.695,
      "time_ms": 0.115214695,
      "iterations": 4200
    },
    "single_quantifier_alpha": {
      "time_ns": 161256.4,
      "time_ms": 0.1612564,
      "iterations": 3000
    },
    "dual_quantifiers": {
      "time_ns": 131457.59666666668,
      "time_ms": 0.13145759666666668,
      "iterations": 3600
    },
    "triple_quantifiers": {
      "time_ns": 116427.84,
      "time_ms": 0.11642783999999999,
      "iterations": 4100
    },
    "quad_quantifiers": {
      "time_ns": 156693.36000000002,
      "time_ms": 0.15669336,
      "iterations": 3000
    },
    "range_quantifiers": {
      "time_ns": 198247.35,
      "time_ms": 0.19824735000000002,
      "iterations": 2700
    },
    "mixed_range_quantifiers": {
      "time_ns": 148844.64666666667,
      "time_ms": 0.14884464666666666,
      "iterations": 3300
    },
    "datetime_quantifiers": {
      "time_ns": 148516.67,
      "time_ms": 0.14851667000000002,
      "iterations": 3200
    },
    "flexible_datetime": {
      "time_ns": 166611.46,
      "time_ms": 0.16661146,
      "iterations": 3000
    },
    "dense_quantifiers": {
      "time_ns": 218301.69999999998,
      "time_ms": 0.2183017,
      "iterations": 2300
    },
    "ultra_dense_quantifiers": {
      "time_ns": 472838.16000000003,
      "time_ms": 0.47283816,
      "iterations": 1050
    },
    "grouped_quantifiers": {
      "time_ns": 139012.78,
      "time_ms": 0.13901278,
      "iterations": 3500
    },
    "alternation_quantifiers": {
      "time_ns": 493896.29333333333,
      "time_ms": 0.49389629333333335,
      "iterations": 1050
    },
    "optimize_range_quantifier": {
      "time_ns": 186585.564,
      "time_ms": 0.186585564,
      "iterations": 3000
    },
    "optimize_multiple_quantifiers": {
      "time_ns": 344870.125,
      "time_ms": 0.344870125,
      "iterations": 1400
    },
    "optimize_phone_quantifiers": {
      "time_ns": 225203.36,
      "time_ms": 0.22520336,
      "iterations": 2400
    },
    "optimize_large_quantifiers": {
      "time_ns": 7455.755,
      "time_ms": 0.0074557550000000005,
      "iterations": 64200
    },
    "optimize_extreme_quantifiers": {
      "time_ns": 15640.526000000002,
      "time_ms": 0.015640526000000002,
      "iterations": 32000
    },
    "is_match_lowercase": {
      "time_ns": 17567.204,
      "time_ms": 0.017567204000000003,
      "iterations": 27000
    },
    "is_match_digits": {
      "time_ns": 22189.329,
      "time_ms": 0.022189329,
      "iterations": 21000
    },
    "is_match_alphanumeric": {
      "time_ns": 34673.835,
      "time_ms": 0.034673835,
      "iterations": 15000
    },
    "is_match_predefined_digits": {
      "time_ns": 64800.40000000001,
      "time_ms": 0.06480040000000001,
      "iterations": 8000
    },
    "is_match_predefined_word": {
      "time_ns": 47592.65899999999,
      "time_ms": 0.047592658999999995,
      "iterations": 10000
    }
  }
}