{
  "engine": "python",
  "timestamp": "2026-04-12T09:54:07.747916",
  "results": {
    "literal_match_short": {
      "time_ns": 935.2365,
      "time_ms": 0.0009352364999999999,
      "iterations": 514000
    },
    "literal_match_long": {
      "time_ns": 6170.9685,
      "time_ms": 0.0061709685,
      "iterations": 82000
    },
    "wildcard_match_any": {
      "time_ns": 2843.97,
      "time_ms": 0.00284397,
      "iterations": 167000
    },
    "quantifier_zero_or_more": {
      "time_ns": 128.90374999999997,
      "time_ms": 0.00012890374999999997,
      "iterations": 3872000
    },
    "quantifier_one_or_more": {
      "time_ns": 134.16931250000002,
      "time_ms": 0.0001341693125,
      "iterations": 3536000
    },
    "quantifier_zero_or_one": {
      "time_ns": 140.5086,
      "time_ms": 0.0001405086,
      "iterations": 2985000
    },
    "range_lowercase": {
      "time_ns": 8762.4365,
      "time_ms": 0.0087624365,
      "iterations": 54000
    },
    "range_digits": {
      "time_ns": 71435.191,
      "time_ms": 0.07143519100000001,
      "iterations": 7000
    },
    "range_alphanumeric": {
      "time_ns": 11039.851999999999,
      "time_ms": 0.011039852,
      "iterations": 44000
    },
    "predefined_digits": {
      "time_ns": 102452.448,
      "time_ms": 0.102452448,
      "iterations": 5000
    },
    "predefined_word": {
      "time_ns": 20363.63,
      "time_ms": 0.02036363,
      "iterations": 25000
    },
    "anchor_start": {
      "time_ns": 129.3790625,
      "time_ms": 0.0001293790625,
      "iterations": 3744000
    },
    "alternation_simple": {
      "time_ns": 155.5015625,
      "time_ms": 0.0001555015625,
      "iterations": 3360000
    },
    "group_alternation": {
      "time_ns": 151.39633333333336,
      "time_ms": 0.00015139633333333336,
      "iterations": 3204000
    },
    "large_8_alternations": {
      "time_ns": 269.8725,
      "time_ms": 0.0002698725,
      "iterations": 1860000
    },
    "deep_nested_groups_depth4": {
      "time_ns": 136.9063125,
      "time_ms": 0.0001369063125,
      "iterations": 3568000
    },
    "literal_heavy_alternation": {
      "time_ns": 302.14866666666666,
      "time_ms": 0.00030214866666666666,
      "iterations": 1650000
    },
    "complex_group_5_children": {
      "time_ns": 225.18439999999998,
      "time_ms": 0.0002251844,
      "iterations": 2170000
    },
    "match_all_simple": {
      "time_ns": 12057.915,
      "time_ms": 0.012057915,
      "iterations": 41800
    },
    "match_all_digits": {
      "time_ns": 737255.6799999999,
      "time_ms": 0.73725568,
      "iterations": 800
    },
    "literal_prefix_short": {
      "time_ns": 159.78083763625932,
      "time_ms": 0.0001597808376362593,
      "iterations": 3072909
    },
    "literal_prefix_long": {
      "time_ns": 16181.627906976744,
      "time_ms": 0.016181627906976744,
      "iterations": 29498
    },
    "required_literal_short": {
      "time_ns": 1346.4155172413793,
      "time_ms": 0.0013464155172413794,
      "iterations": 336980
    },
    "no_literal_baseline": {
      "time_ns": 127.27111111111113,
      "time_ms": 0.00012727111111111112,
      "iterations": 3889350
    },
    "alternation_common_prefix": {
      "time_ns": 120.91992882562278,
      "time_ms": 0.00012091992882562278,
      "iterations": 3911520
    },
    "complex_email": {
      "time_ns": 11996.804166666667,
      "time_ms": 0.011996804166666666,
      "iterations": 44160
    },
    "complex_number": {
      "time_ns": 77985.9,
      "time_ms": 0.0779859,
      "iterations": 6500
    },
    "simple_phone": {
      "time_ns": 777813.8,
      "time_ms": 0.7778138,
      "iterations": 700
    },
    "flexible_phone": {
      "time_ns": 1345972.47,
      "time_ms": 1.34597247,
      "iterations": 400
    },
    "multi_format_phone": {
      "time_ns": 3206202.6399999997,
      "time_ms": 3.20620264,
      "iterations": 200
    },
    "phone_validation": {
      "time_ns": 249.47325000000004,
      "time_ms": 0.00024947325000000003,
      "iterations": 1972000
    },
    "dfa_simple_phone": {
      "time_ns": 624802.25,
      "time_ms": 0.62480225,
      "iterations": 800
    },
    "dfa_paren_phone": {
      "time_ns": 39772.31,
      "time_ms": 0.03977231,
      "iterations": 12100
    },
    "dfa_dot_phone": {
      "time_ns": 612302.06,
      "time_ms": 0.6123020600000001,
      "iterations": 900
    },
    "dfa_digits_only": {
      "time_ns": 658938.4299999999,
      "time_ms": 0.65893843,
      "iterations": 800
    },
    "national_phone_validation": {
      "time_ns": 453858.6,
      "time_ms": 0.4538586,
      "iterations": 1090
    },
    "toll_free_simple": {
      "time_ns": 55921.94,
      "time_ms": 0.05592194,
      "iterations": 9100
    },
    "toll_free_complex": {
      "time_ns": 31494.919999999995,
      "time_ms": 0.031494919999999996,
      "iterations": 16300
    },
    "single_quantifier_digits": {
      "time_ns": 61401.159999999996,
      "time_ms": 0.061401159999999996,
      "iterations": 8000
    },
    "single_quantifier_alpha": {
      "time_ns": 75076.645,
      "time_ms": 0.075076645,
      "iterations": 6600
    },
    "dual_quantifiers": {
      "time_ns": 67773.48,
      "time_ms": 0.06777348,
      "iterations": 7200
    },
    "triple_quantifiers": {
      "time_ns": 63903.83999999999,
      "time_ms": 0.06390383999999999,
      "iterations": 7800
    },
    "quad_quantifiers": {
      "time_ns": 70692.7,
      "time_ms": 0.0706927,
      "iterations": 6800
    },
    "range_quantifiers": {
      "time_ns": 68277.32,
      "time_ms": 0.06827732,
      "iterations": 7300
    },
    "mixed_range_quantifiers": {
      "time_ns": 60082.013333333336,
      "time_ms": 0.06008201333333334,
      "iterations": 8025
    },
    "datetime_quantifiers": {
      "time_ns": 58472.77,
      "time_ms": 0.05847276999999999,
      "iterations": 8500
    },
    "flexible_datetime": {
      "time_ns": 71863.78500000002,
      "time_ms": 0.07186378500000001,
      "iterations": 6600
    },
    "dense_quantifiers": {
      "time_ns": 124238.7,
      "time_ms": 0.1242387,
      "iterations": 4050
    },
    "ultra_dense_quantifiers": {
      "time_ns": 189591.44,
      "time_ms": 0.18959144,
      "iterations": 2525
    },
    "grouped_quantifiers": {
      "time_ns": 74465.8,
      "time_ms": 0.0744658,
      "iterations": 6500
    },
    "alternation_quantifiers": {
      "time_ns": 388309.3466666666,
      "time_ms": 0.3883093466666666,
      "iterations": 1200
    },
    "optimize_range_quantifier": {
      "time_ns": 84962.1965,
      "time_ms": 0.0849621965,
      "iterations": 6000
    },
    "optimize_multiple_quantifiers": {
      "time_ns": 186340.205,
      "time_ms": 0.18634020499999998,
      "iterations": 2600
    },
    "optimize_phone_quantifiers": {
      "time_ns": 98061.91333333333,
      "time_ms": 0.09806191333333333,
      "iterations": 5400
    },
    "optimize_large_quantifiers": {
      "time_ns": 4859.193333333334,
      "time_ms": 0.0048591933333333335,
      "iterations": 102900
    },
    "optimize_extreme_quantifiers": {
      "time_ns": 6401.66,
      "time_ms": 0.00640166,
      "iterations": 77500
    },
    "is_match_lowercase": {
      "time_ns": 8524.899999999998,
      "time_ms": 0.008524899999999998,
      "iterations": 56000
    },
    "is_match_digits": {
      "time_ns": 8524.4195,
      "time_ms": 0.0085244195,
      "iterations": 58000
    },
    "is_match_alphanumeric": {
      "time_ns": 11323.7435,
      "time_ms": 0.0113237435,
      "iterations": 40000
    },
    "is_match_predefined_digits": {
      "time_ns": 23379.0225,
      "time_ms": 0.0233790225,
      "iterations": 22000
    },
    "is_match_predefined_word": {
      "time_ns": 20921.3005,
      "time_ms": 0.0209213005,
      "iterations": 24000
    },
    "sub_literal": {
      "time_ns": 3786.1966666666667,
      "time_ms": 0.0037861966666666667,
      "iterations": 126900
    },