{
  "engine": "python",
  "timestamp": "2026-04-01T18:55:09.567339",
  "results": {
    "literal_match_short": {
      "time_ns": 956.599,
      "time_ms": 0.000956599,
      "iterations": 496000
    },
    "literal_match_long": {
      "time_ns": 9999.455,
      "time_ms": 0.009999454999999999,
      "iterations": 46000
    },
    "wildcard_match_any": {
      "time_ns": 7596.086,
      "time_ms": 0.007596086,
      "iterations": 66000
    },
    "quantifier_zero_or_more": {
      "time_ns": 376.703,
      "time_ms": 0.000376703,
      "iterations": 1208000
    },
    "quantifier_one_or_more": {
      "time_ns": 296.826,
      "time_ms": 0.00029682600000000003,
      "iterations": 1683000
    },
    "quantifier_zero_or_one": {
      "time_ns": 352.39833333333337,
      "time_ms": 0.00035239833333333334,
      "iterations": 1368000
    },
    "range_lowercase": {
      "time_ns": 20628.2425,
      "time_ms": 0.0206282425,
      "iterations": 24000
    },
    "range_digits": {
      "time_ns": 129625.882,
      "time_ms": 0.129625882,
      "iterations": 5000
    },
    "range_alphanumeric": {
      "time_ns": 19437.804,
      "time_ms": 0.019437804,
      "iterations": 27000
    },
    "predefined_digits": {
      "time_ns": 221948.21,
      "time_ms": 0.22194820999999998,
      "iterations": 3000
    },
    "predefined_word": {
      "time_ns": 52096.68350000001,
      "time_ms": 0.052096683500000004,
      "iterations": 10000
    },
    "anchor_start": {
      "time_ns": 253.71224999999998,
      "time_ms": 0.00025371225,
      "iterations": 1984000
    },
    "alternation_simple": {
      "time_ns": 225.55075000000002,
      "time_ms": 0.00022555075000000002,
      "iterations": 2280000
    },
    "group_alternation": {
      "time_ns": 184.403,
      "time_ms": 0.000184403,
      "iterations": 2615000
    },
    "large_8_alternations": {
      "time_ns": 944.5145,
      "time_ms": 0.0009445145,
      "iterations": 574000
    },
    "deep_nested_groups_depth4": {
      "time_ns": 240.97475,
      "time_ms": 0.00024097475,
      "iterations": 2020000
    },
    "literal_heavy_alternation": {
      "time_ns": 610.3415,
      "time_ms": 0.0006103415,
      "iterations": 786000
    },
    "complex_group_5_children": {
      "time_ns": 381.0083333333333,
      "time_ms": 0.00038100833333333333,
      "iterations": 1101000
    },
    "match_all_simple": {
      "time_ns": 22366.175,
      "time_ms": 0.022366175,
      "iterations": 22200
    },
    "match_all_digits": {
      "time_ns": 1382770.875,
      "time_ms": 1.382770875,
      "iterations": 400
    },
    "literal_prefix_short": {
      "time_ns": 329.108455882353,
      "time_ms": 0.00032910845588235297,
      "iterations": 1434528
    },
    "literal_prefix_long": {
      "time_ns": 37349.583333333336,
      "time_ms": 0.03734958333333334,
      "iterations": 13512
    },
    "required_literal_short": {
      "time_ns": 2787.419708029197,
      "time_ms": 0.002787419708029197,
      "iterations": 166318
    },
    "no_literal_baseline": {
      "time_ns": 307.0525164113786,
      "time_ms": 0.0003070525164113786,
      "iterations": 1431781
    },
    "alternation_common_prefix": {
      "time_ns": 290.71019677996424,
      "time_ms": 0.00029071019677996424,
      "iterations": 1670851
    },
    "complex_email": {
      "time_ns": 16697.256250000002,
      "time_ms": 0.01669725625,
      "iterations": 30080
    },
    "complex_number": {
      "time_ns": 124174.426,
      "time_ms": 0.124174426,
      "iterations": 4500
    },
    "simple_phone": {
      "time_ns": 2131576.99,
      "time_ms": 2.13157699,
      "iterations": 300
    },
    "flexible_phone": {
      "time_ns": 2811042.3099999996,
      "time_ms": 2.8110423099999995,
      "iterations": 200
    },
    "multi_format_phone": {
      "time_ns": 10013607.68,
      "time_ms": 10.01360768,
      "iterations": 50
    },
    "phone_validation": {
      "time_ns": 588.158,
      "time_ms": 0.000588158,
      "iterations": 867000
    },
    "dfa_simple_phone": {
      "time_ns": 1037906.88,
      "time_ms": 1.03790688,
      "iterations": 500
    },
    "dfa_paren_phone": {
      "time_ns": 78942.64,
      "time_ms": 0.07894264,
      "iterations": 6100
    },
    "dfa_dot_phone": {
      "time_ns": 1508441.7449999999,
      "time_ms": 1.5084417449999998,
      "iterations": 400
    },
    "dfa_digits_only": {
      "time_ns": 1145404.64,
      "time_ms": 1.14540464,
      "iterations": 500
    },
    "national_phone_validation": {
      "time_ns": 890129.7,
      "time_ms": 0.8901296999999999,
      "iterations": 570
    },
    "toll_free_simple": {
      "time_ns": 118713.43,
      "time_ms": 0.11871343,
      "iterations": 4100
    },
    "toll_free_complex": {
      "time_ns": 59509.57,
      "time_ms": 0.05950957,
      "iterations": 7900
    },
    "single_quantifier_digits": {
      "time_ns": 103862.06,
      "time_ms": 0.10386205999999999,
      "iterations": 5000
    },
    "single_quantifier_alpha": {
      "time_ns": 198183.00999999998,
      "time_ms": 0.19818301,
      "iterations": 2400
    },
    "dual_quantifiers": {
      "time_ns": 170095.41999999998,
      "time_ms": 0.17009542,
      "iterations": 3000
    },
    "triple_quantifiers": {
      "time_ns": 109751.45999999999,
      "time_ms": 0.10975146,
      "iterations": 4600
    },
    "quad_quantifiers": {
      "time_ns": 113972.52999999998,
      "time_ms": 0.11397252999999999,
      "iterations": 4200
    },
    "range_quantifiers": {
      "time_ns": 140991.15,
      "time_ms": 0.14099114999999998,
      "iterations": 3700
    },
    "mixed_range_quantifiers": {
      "time_ns": 160576.79333333336,
      "time_ms": 0.16057679333333336,
      "iterations": 3150
    },
    "datetime_quantifiers": {
      "time_ns": 199357.645,
      "time_ms": 0.199357645,
      "iterations": 2600
    },
    "flexible_datetime": {
      "time_ns": 239654.57,
      "time_ms": 0.23965457,
      "iterations": 2100
    },
    "dense_quantifiers": {
      "time_ns": 267184.12999999995,
      "time_ms": 0.26718412999999996,
      "iterations": 1900
    },
    "ultra_dense_quantifiers": {
      "time_ns": 289140.12,
      "time_ms": 0.28914012,
      "iterations": 1775
    },
    "grouped_quantifiers": {
      "time_ns": 175814.8,
      "time_ms": 0.1758148,
      "iterations": 2800
    },
    "alternation_quantifiers": {
      "time_ns": 424709.4266666667,
      "time_ms": 0.4247094266666667,
      "iterations": 1200
    },
    "optimize_range_quantifier": {
      "time_ns": 142850.59749999997,
      "time_ms": 0.14285059749999998,
      "iterations": 4000
    },
    "optimize_multiple_quantifiers": {
      "time_ns": 399639.845,
      "time_ms": 0.399639845,
      "iterations": 1400
    },
    "optimize_phone_quantifiers": {
      "time_ns": 171008.73,
      "time_ms": 0.17100873,
      "iterations": 3000
    },
    "optimize_large_quantifiers": {
      "time_ns": 7086.1,
      "time_ms": 0.0070861000000000006,
      "iterations": 67800
    },
    "optimize_extreme_quantifiers": {
      "time_ns": 9992.442000000001,
      "time_ms": 0.009992442,
      "iterations": 47000
    },
    "is_match_lowercase": {
      "time_ns": 20548.363,
      "time_ms": 0.020548363,
      "iterations": 23000
    },
    "is_match_digits": {
      "time_ns": 14217.815,
      "time_ms": 0.014217815,
      "iterations": 36000
    },
    "is_match_alphanumeric": {
      "time_ns": 18642.242,
      "time_ms": 0.018642242,
      "iterations": 27000
    },
    "is_match_predefined_digits": {
      "time_ns": 42197.559499999996,
      "time_ms": 0.042197559499999995,
      "iterations": 12000
    },
    "is_match_predefined_word": {
      "time_ns": 61166.74,
      "time_ms": 0.06116674,
      "iterations": 8000
    }
  }
}
