{
  "engine": "python",
  "timestamp": "2026-03-29T23:46:08.917299",
  "results": {
    "literal_match_short": {
      "time_ns": 1632.2939999999999,
      "time_ms": 0.0016322939999999998,
      "iterations": 312000
    },
    "literal_match_long": {
      "time_ns": 15261.6,
      "time_ms": 0.0152616,
      "iterations": 34000
    },
    "wildcard_match_any": {
      "time_ns": 7258.756,
      "time_ms": 0.007258756,
      "iterations": 67000
    },
    "quantifier_zero_or_more": {
      "time_ns": 549.611,
      "time_ms": 0.000549611,
      "iterations": 852000
    },
    "quantifier_one_or_more": {
      "time_ns": 464.3795,
      "time_ms": 0.0004643795,
      "iterations": 990000
    },
    "quantifier_zero_or_one": {
      "time_ns": 277.39875,
      "time_ms": 0.00027739875000000003,
      "iterations": 1608000
    },
    "range_lowercase": {
      "time_ns": 24642.199,
      "time_ms": 0.024642199,
      "iterations": 17000
    },
    "range_digits": {
      "time_ns": 278710.29850000003,
      "time_ms": 0.2787102985,
      "iterations": 2000
    },
    "range_alphanumeric": {
      "time_ns": 38910.242,
      "time_ms": 0.038910242,
      "iterations": 13000
    },
    "predefined_digits": {
      "time_ns": 286987.95300000004,
      "time_ms": 0.286987953,
      "iterations": 2000
    },
    "predefined_word": {
      "time_ns": 76915.77699999999,
      "time_ms": 0.07691577699999999,
      "iterations": 8000
    },
    "anchor_start": {
      "time_ns": 351.967,
      "time_ms": 0.00035196699999999996,
      "iterations": 1274000
    },
    "alternation_simple": {
      "time_ns": 318.2905,
      "time_ms": 0.0003182905,
      "iterations": 1386000
    },
    "group_alternation": {
      "time_ns": 298.879,
      "time_ms": 0.000298879,
      "iterations": 1545000
    },
    "large_8_alternations": {
      "time_ns": 604.272,
      "time_ms": 0.0006042720000000001,
      "iterations": 754000
    },
    "deep_nested_groups_depth4": {
      "time_ns": 323.0055,
      "time_ms": 0.00032300549999999997,
      "iterations": 1338000
    },
    "literal_heavy_alternation": {
      "time_ns": 788.1992499999999,
      "time_ms": 0.0007881992499999999,
      "iterations": 576000
    },
    "complex_group_5_children": {
      "time_ns": 547.849,
      "time_ms": 0.000547849,
      "iterations": 860000
    },
    "match_all_simple": {
      "time_ns": 51201.86,
      "time_ms": 0.05120186,
      "iterations": 9600
    },
    "match_all_digits": {
      "time_ns": 2342552.5025000004,
      "time_ms": 2.3425525025000002,
      "iterations": 400
    },
    "literal_prefix_short": {
      "time_ns": 773.4198369565216,
      "time_ms": 0.0007734198369565217,
      "iterations": 642528
    },
    "literal_prefix_long": {
      "time_ns": 61089.04545454545,
      "time_ms": 0.06108904545454545,
      "iterations": 7766
    },
    "required_literal_short": {
      "time_ns": 5101.736263736263,
      "time_ms": 0.005101736263736263,
      "iterations": 99008
    },
    "no_literal_baseline": {
      "time_ns": 509.2421052631579,
      "time_ms": 0.0005092421052631579,
      "iterations": 1038825
    },
    "alternation_common_prefix": {
      "time_ns": 351.57872340425536,
      "time_ms": 0.00035157872340425535,
      "iterations": 1290150
    },
    "complex_email": {
      "time_ns": 43764.325,
      "time_ms": 0.043764325,
      "iterations": 11640
    },
    "complex_number": {
      "time_ns": 221668.638,
      "time_ms": 0.221668638,
      "iterations": 2500
    },
    "simple_phone": {
      "time_ns": 2191208.85,
      "time_ms": 2.19120885,
      "iterations": 300
    },
    "flexible_phone": {
      "time_ns": 3056359.31,
      "time_ms": 3.05635931,
      "iterations": 200
    },
    "multi_format_phone": {
      "time_ns": 7266511.54,
      "time_ms": 7.26651154,
      "iterations": 100
    },
    "phone_validation": {
      "time_ns": 513.4766666666667,
      "time_ms": 0.0005134766666666667,
      "iterations": 958500
    },
    "dfa_simple_phone": {
      "time_ns": 2456374.42,
      "time_ms": 2.45637442,
      "iterations": 300
    },
    "dfa_paren_phone": {
      "time_ns": 138182.11,
      "time_ms": 0.13818211,
      "iterations": 3300
    },
    "dfa_dot_phone": {
      "time_ns": 1494379.8450000002,
      "time_ms": 1.494379845,
      "iterations": 400
    },
    "dfa_digits_only": {
      "time_ns": 1487715.565,
      "time_ms": 1.487715565,
      "iterations": 400
    },
    "national_phone_validation": {
      "time_ns": 1137118.1,
      "time_ms": 1.1371181000000001,
      "iterations": 430
    },
    "toll_free_simple": {
      "time_ns": 99351.405,
      "time_ms": 0.099351405,
      "iterations": 5000
    },
    "toll_free_complex": {
      "time_ns": 66348.59,
      "time_ms": 0.06634859,
      "iterations": 6700
    },
    "single_quantifier_digits": {
      "time_ns": 123945.595,
      "time_ms": 0.123945595,
      "iterations": 4000
    },
    "single_quantifier_alpha": {
      "time_ns": 187824.335,
      "time_ms": 0.18782433499999998,
      "iterations": 2600
    },
    "dual_quantifiers": {
      "time_ns": 154074.25333333336,
      "time_ms": 0.15407425333333336,
      "iterations": 3300
    },
    "triple_quantifiers": {
      "time_ns": 177521.83,
      "time_ms": 0.17752183,
      "iterations": 2900
    },
    "quad_quantifiers": {
      "time_ns": 233679.65,
      "time_ms": 0.23367965,
      "iterations": 2100
    },
    "range_quantifiers": {
      "time_ns": 137477.73,
      "time_ms": 0.13747773000000002,
      "iterations": 3500
    },
    "mixed_range_quantifiers": {
      "time_ns": 121014.58666666667,
      "time_ms": 0.12101458666666667,
      "iterations": 3975
    },
    "datetime_quantifiers": {
      "time_ns": 149839.69,
      "time_ms": 0.14983969,
      "iterations": 2900
    },
    "flexible_datetime": {
      "time_ns": 156743.505,
      "time_ms": 0.156743505,
      "iterations": 3200
    },
    "dense_quantifiers": {
      "time_ns": 302620.47000000003,
      "time_ms": 0.30262047000000003,
      "iterations": 1700
    },
    "ultra_dense_quantifiers": {
      "time_ns": 431872.3,
      "time_ms": 0.4318723,
      "iterations": 1150
    },
    "grouped_quantifiers": {
      "time_ns": 269455.27,
      "time_ms": 0.26945527,
      "iterations": 1900
    },
    "alternation_quantifiers": {
      "time_ns": 1043740.5733333334,
      "time_ms": 1.0437405733333334,
      "iterations": 525
    },
    "optimize_range_quantifier": {
      "time_ns": 158377.81149999998,
      "time_ms": 0.1583778115,
      "iterations": 4000
    },
    "optimize_multiple_quantifiers": {
      "time_ns": 449855.4975,
      "time_ms": 0.4498554975,
      "iterations": 1200
    },
    "optimize_phone_quantifiers": {
      "time_ns": 194889.48,
      "time_ms": 0.19488948,
      "iterations": 2700
    },
    "optimize_large_quantifiers": {
      "time_ns": 7558.425,
      "time_ms": 0.0075584250000000006,
      "iterations": 56400
    },
    "optimize_extreme_quantifiers": {
      "time_ns": 14468.824,
      "time_ms": 0.014468824,
      "iterations": 35500
    }
  }
}