{
  "engine": "python",
  "timestamp": "2026-04-02T21:56:15.364724",
  "results": {
    "literal_match_short": {
      "time_ns": 1917.4155,
      "time_ms": 0.0019174155,
      "iterations": 260000
    },
    "literal_match_long": {
      "time_ns": 9688.497,
      "time_ms": 0.009688496999999999,
      "iterations": 50000
    },
    "wildcard_match_any": {
      "time_ns": 6335.73,
      "time_ms": 0.0063357299999999995,
      "iterations": 79000
    },
    "quantifier_zero_or_more": {
      "time_ns": 204.0567,
      "time_ms": 0.0002040567,
      "iterations": 2330000
    },
    "quantifier_one_or_more": {
      "time_ns": 388.114,
      "time_ms": 0.00038811399999999995,
      "iterations": 1245000
    },
    "quantifier_zero_or_one": {
      "time_ns": 389.95300000000003,
      "time_ms": 0.000389953,
      "iterations": 1140000
    },
    "range_lowercase": {
      "time_ns": 17170.711,
      "time_ms": 0.017170710999999998,
      "iterations": 27000
    },
    "range_digits": {
      "time_ns": 124569.758,
      "time_ms": 0.124569758,
      "iterations": 5000
    },
    "range_alphanumeric": {
      "time_ns": 17999.095,
      "time_ms": 0.017999095,
      "iterations": 25000
    },
    "predefined_digits": {
      "time_ns": 199526.076,
      "time_ms": 0.199526076,
      "iterations": 3000
    },
    "predefined_word": {
      "time_ns": 37937.626,
      "time_ms": 0.037937625999999995,
      "iterations": 13000
    },
    "anchor_start": {
      "time_ns": 238.759,
      "time_ms": 0.00023875899999999998,
      "iterations": 2012000
    },
    "alternation_simple": {
      "time_ns": 215.8212,
      "time_ms": 0.0002158212,
      "iterations": 2285000
    },
    "group_alternation": {
      "time_ns": 240.27375,
      "time_ms": 0.00024027375,
      "iterations": 1952000
    },
    "large_8_alternations": {
      "time_ns": 452.35475,
      "time_ms": 0.00045235475,
      "iterations": 1080000
    },
    "deep_nested_groups_depth4": {
      "time_ns": 268.83975,
      "time_ms": 0.00026883975,
      "iterations": 1876000
    },
    "literal_heavy_alternation": {
      "time_ns": 538.842,
      "time_ms": 0.000538842,
      "iterations": 950000
    },
    "complex_group_5_children": {
      "time_ns": 535.09,
      "time_ms": 0.00053509,
      "iterations": 922000
    },
    "match_all_simple": {
      "time_ns": 28152.685,
      "time_ms": 0.028152685,
      "iterations": 16600
    },
    "match_all_digits": {
      "time_ns": 1156175.475,
      "time_ms": 1.1561754750000002,
      "iterations": 600
    },
    "literal_prefix_short": {
      "time_ns": 364.93439363817095,
      "time_ms": 0.00036493439363817097,
      "iterations": 1526102
    },
    "literal_prefix_long": {
      "time_ns": 28644.212499999998,
      "time_ms": 0.0286442125,
      "iterations": 13920
    },
    "required_literal_short": {
      "time_ns": 2636.336257309941,
      "time_ms": 0.002636336257309941,
      "iterations": 180234
    },
    "no_literal_baseline": {
      "time_ns": 199.07237936772046,
      "time_ms": 0.00019907237936772046,
      "iterations": 2194852
    },
    "alternation_common_prefix": {
      "time_ns": 205.37621832358676,
      "time_ms": 0.00020537621832358676,
      "iterations": 2293623
    },
    "complex_email": {
      "time_ns": 15000.95,
      "time_ms": 0.01500095,
      "iterations": 32280
    },
    "complex_number": {
      "time_ns": 96041.788,
      "time_ms": 0.096041788,
      "iterations": 4500
    },
    "simple_phone": {
      "time_ns": 1967729.94,
      "time_ms": 1.96772994,
      "iterations": 300
    },
    "flexible_phone": {
      "time_ns": 2587828.975,
      "time_ms": 2.5878289750000003,
      "iterations": 200
    },
    "multi_format_phone": {
      "time_ns": 6741780.0200000005,
      "time_ms": 6.74178002,
      "iterations": 100
    },
    "phone_validation": {
      "time_ns": 377.38219999999995,
      "time_ms": 0.00037738219999999996,
      "iterations": 1300000
    },
    "dfa_simple_phone": {
      "time_ns": 1397189.215,
      "time_ms": 1.397189215,
      "iterations": 400
    },
    "dfa_paren_phone": {
      "time_ns": 54192.314999999995,
      "time_ms": 0.054192315,
      "iterations": 8600
    },
    "dfa_dot_phone": {
      "time_ns": 1028099.07,
      "time_ms": 1.02809907,
      "iterations": 500
    },
    "dfa_digits_only": {
      "time_ns": 1366023.66,
      "time_ms": 1.36602366,
      "iterations": 400
    },
    "national_phone_validation": {
      "time_ns": 705109.1000000001,
      "time_ms": 0.7051091,
      "iterations": 680
    },
    "toll_free_simple": {
      "time_ns": 110092.51,
      "time_ms": 0.11009250999999999,
      "iterations": 4500
    },
    "toll_free_complex": {
      "time_ns": 37971.64,
      "time_ms": 0.03797164,
      "iterations": 12500
    },
    "single_quantifier_digits": {
      "time_ns": 114150.885,
      "time_ms": 0.114150885,
      "iterations": 4200
    },
    "single_quantifier_alpha": {
      "time_ns": 150911.52,
      "time_ms": 0.15091152,
      "iterations": 3400
    },
    "dual_quantifiers": {
      "time_ns": 153833.12666666665,
      "time_ms": 0.15383312666666665,
      "iterations": 3300
    },
    "triple_quantifiers": {
      "time_ns": 193417.91000000003,
      "time_ms": 0.19341791000000003,
      "iterations": 2800
    },
    "quad_quantifiers": {
      "time_ns": 96664.32,
      "time_ms": 0.09666432000000001,
      "iterations": 4300
    },
    "range_quantifiers": {
      "time_ns": 178140.31,
      "time_ms": 0.17814031,
      "iterations": 2900
    },
    "mixed_range_quantifiers": {
      "time_ns": 83791.92,
      "time_ms": 0.08379191999999999,
      "iterations": 5625
    },
    "datetime_quantifiers": {
      "time_ns": 149279.06,
      "time_ms": 0.14927906,
      "iterations": 3400
    },
    "flexible_datetime": {
      "time_ns": 125663.43500000001,
      "time_ms": 0.12566343500000002,
      "iterations": 4000
    },
    "dense_quantifiers": {
      "time_ns": 277012.23,
      "time_ms": 0.27701222999999997,
      "iterations": 1800
    },
    "ultra_dense_quantifiers": {
      "time_ns": 318297.0,
      "time_ms": 0.318297,
      "iterations": 1475
    },
    "grouped_quantifiers": {
      "time_ns": 177343.88,
      "time_ms": 0.17734388,
      "iterations": 2900
    },
    "alternation_quantifiers": {
      "time_ns": 548115.9066666666,
      "time_ms": 0.5481159066666667,
      "iterations": 975
    },
    "optimize_range_quantifier": {
      "time_ns": 186627.191,
      "time_ms": 0.186627191,
      "iterations": 3000
    },
    "optimize_multiple_quantifiers": {
      "time_ns": 537967.15,
      "time_ms": 0.5379671500000001,
      "iterations": 1000
    },
    "optimize_phone_quantifiers": {
      "time_ns": 194557.86666666667,
      "time_ms": 0.19455786666666666,
      "iterations": 2700
    },
    "optimize_large_quantifiers": {
      "time_ns": 8836.44,
      "time_ms": 0.008836440000000001,
      "iterations": 57000
    },
    "optimize_extreme_quantifiers": {
      "time_ns": 11433.294,
      "time_ms": 0.011433294,
      "iterations": 43500
    },
    "is_match_lowercase": {
      "time_ns": 23235.361,
      "time_ms": 0.023235361,
      "iterations": 23000
    },
    "is_match_digits": {
      "time_ns": 18364.084,
      "time_ms": 0.018364084,
      "iterations": 26000
    },
    "is_match_alphanumeric": {
      "time_ns": 22975.457499999997,
      "time_ms": 0.022975457499999997,
      "iterations": 22000
    },
    "is_match_predefined_digits": {
      "time_ns": 39575.18,
      "time_ms": 0.03957518,
      "iterations": 12000
    },
    "is_match_predefined_word": {
      "time_ns": 41490.995,
      "time_ms": 0.041490995,
      "iterations": 13000
    }
  }
}
