{
  "engine": "python",
  "timestamp": "2026-03-24T01:10:33.521274",
  "results": {
    "literal_match_short": {
      "time_ns": 1694.19375,
      "time_ms": 0.00169419375,
      "iterations": 60000
    },
    "literal_match_long": {
      "time_ns": 14416.51725,
      "time_ms": 0.01441651725,
      "iterations": 8000
    },
    "wildcard_match_any": {
      "time_ns": 2484.3195853658535,
      "time_ms": 0.0024843195853658535,
      "iterations": 41000
    },
    "quantifier_zero_or_more": {
      "time_ns": 122.45685434516523,
      "time_ms": 0.00012245685434516523,
      "iterations": 817000
    },
    "quantifier_one_or_more": {
      "time_ns": 244.79199022004886,
      "time_ms": 0.00024479199022004887,
      "iterations": 409000
    },
    "quantifier_zero_or_one": {
      "time_ns": 325.73694788273616,
      "time_ms": 0.00032573694788273614,
      "iterations": 307000
    },
    "range_lowercase": {
      "time_ns": 21389.7188,
      "time_ms": 0.0213897188,
      "iterations": 5000
    },
    "range_digits": {
      "time_ns": 108943.125,
      "time_ms": 0.108943125,
      "iterations": 1000
    },
    "range_alphanumeric": {
      "time_ns": 15006.221714285713,
      "time_ms": 0.015006221714285714,
      "iterations": 7000
    },
    "predefined_digits": {
      "time_ns": 150854.836,
      "time_ms": 0.15085483600000002,
      "iterations": 1000
    },
    "predefined_word": {
      "time_ns": 35023.17366666667,
      "time_ms": 0.03502317366666667,
      "iterations": 3000
    },
    "anchor_start": {
      "time_ns": 284.63655397727274,
      "time_ms": 0.00028463655397727275,
      "iterations": 352000
    },
    "alternation_simple": {
      "time_ns": 166.85910833333332,
      "time_ms": 0.00016685910833333332,
      "iterations": 600000
    },
    "group_alternation": {
      "time_ns": 201.27363782696176,
      "time_ms": 0.00020127363782696176,
      "iterations": 497000
    },
    "large_8_alternations": {
      "time_ns": 564.1969157303371,
      "time_ms": 0.000564196915730337,
      "iterations": 178000
    },
    "deep_nested_groups_depth4": {
      "time_ns": 301.00524624624626,
      "time_ms": 0.00030100524624624624,
      "iterations": 333000
    },
    "literal_heavy_alternation": {
      "time_ns": 715.8006428571429,
      "time_ms": 0.0007158006428571429,
      "iterations": 140000
    },
    "complex_group_5_children": {
      "time_ns": 235.21303286384978,
      "time_ms": 0.00023521303286384978,
      "iterations": 426000
    },
    "match_all_simple": {
      "time_ns": 12943.50576923077,
      "time_ms": 0.012943505769230769,
      "iterations": 7800
    },
    "match_all_digits": {
      "time_ns": 780193.18,
      "time_ms": 0.78019318,
      "iterations": 200
    },
    "literal_prefix_short": {
      "time_ns": 307.35246,
      "time_ms": 0.00030735246,
      "iterations": 100000
    },
    "literal_prefix_long": {
      "time_ns": 18686.09062032885,
      "time_ms": 0.01868609062032885,
      "iterations": 5352
    },
    "required_literal_short": {
      "time_ns": 1651.0263831332861,
      "time_ms": 0.001651026383133286,
      "iterations": 60569
    },
    "no_literal_baseline": {
      "time_ns": 387.19641,
      "time_ms": 0.00038719641,
      "iterations": 100000
    },
    "alternation_common_prefix": {
      "time_ns": 518.99986,
      "time_ms": 0.0005189998600000001,
      "iterations": 100000
    },
    "complex_email": {
      "time_ns": 17834.772872340425,
      "time_ms": 0.017834772872340424,
      "iterations": 5640
    },
    "complex_number": {
      "time_ns": 86565.15933333333,
      "time_ms": 0.08656515933333334,
      "iterations": 1500
    },
    "simple_phone": {
      "time_ns": 887109.87,
      "time_ms": 0.88710987,
      "iterations": 200
    },
    "flexible_phone": {
      "time_ns": 1743989.36,
      "time_ms": 1.74398936,
      "iterations": 100
    },
    "multi_format_phone": {
      "time_ns": 3841894.12,
      "time_ms": 3.84189412,
      "iterations": 50
    },
    "phone_validation": {
      "time_ns": 360.029071942446,
      "time_ms": 0.000360029071942446,
      "iterations": 278000
    },
    "dfa_simple_phone": {
      "time_ns": 1769613.96,
      "time_ms": 1.76961396,
      "iterations": 100
    },
    "dfa_paren_phone": {
      "time_ns": 101931.708,
      "time_ms": 0.101931708,
      "iterations": 1000
    },
    "dfa_dot_phone": {
      "time_ns": 1374895.41,
      "time_ms": 1.37489541,
      "iterations": 100
    },
    "dfa_digits_only": {
      "time_ns": 1111381.57,
      "time_ms": 1.11138157,
      "iterations": 200
    },
    "national_phone_validation": {
      "time_ns": 771610.7214285714,
      "time_ms": 0.7716107214285713,
      "iterations": 140
    },
    "toll_free_simple": {
      "time_ns": 83772.59666666666,
      "time_ms": 0.08377259666666667,
      "iterations": 1200
    },
    "toll_free_complex": {
      "time_ns": 24345.316744186046,
      "time_ms": 0.024345316744186045,
      "iterations": 4300
    },
    "single_quantifier_digits": {
      "time_ns": 197732.71333333335,
      "time_ms": 0.19773271333333334,
      "iterations": 600
    },
    "single_quantifier_alpha": {
      "time_ns": 217977.50166666668,
      "time_ms": 0.21797750166666668,
      "iterations": 600
    },
    "dual_quantifiers": {
      "time_ns": 154609.29466666665,
      "time_ms": 0.15460929466666665,
      "iterations": 750
    },
    "triple_quantifiers": {
      "time_ns": 52906.65631578947,
      "time_ms": 0.05290665631578947,
      "iterations": 1900
    },
    "quad_quantifiers": {
      "time_ns": 71938.546,
      "time_ms": 0.071938546,
      "iterations": 1500
    },
    "range_quantifiers": {
      "time_ns": 99338.49818181818,
      "time_ms": 0.09933849818181818,
      "iterations": 1100
    },
    "mixed_range_quantifiers": {
      "time_ns": 69287.24266666667,
      "time_ms": 0.06928724266666668,
      "iterations": 1500
    },
    "datetime_quantifiers": {
      "time_ns": 72875.91857142857,
      "time_ms": 0.07287591857142857,
      "iterations": 1400
    },
    "flexible_datetime": {
      "time_ns": 84357.315,
      "time_ms": 0.084357315,
      "iterations": 1200
    },
    "dense_quantifiers": {
      "time_ns": 211844.61,
      "time_ms": 0.21184461,
      "iterations": 500
    },
    "ultra_dense_quantifiers": {
      "time_ns": 404459.67272727273,
      "time_ms": 0.40445967272727273,
      "iterations": 275
    },
    "grouped_quantifiers": {
      "time_ns": 181053.24666666667,
      "time_ms": 0.18105324666666667,
      "iterations": 600
    },
    "alternation_quantifiers": {
      "time_ns": 611071.0622222222,
      "time_ms": 0.6110710622222222,
      "iterations": 225
    },
    "optimize_range_quantifier": {
      "time_ns": 197601.574,
      "time_ms": 0.197601574,
      "iterations": 1000
    },
    "optimize_multiple_quantifiers": {
      "time_ns": 178185.375,
      "time_ms": 0.178185375,
      "iterations": 600
    },
    "optimize_phone_quantifiers": {
      "time_ns": 105485.45666666667,
      "time_ms": 0.10548545666666667,
      "iterations": 1200
    },
    "optimize_large_quantifiers": {
      "time_ns": 4858.4389320388345,
      "time_ms": 0.004858438932038835,
      "iterations": 20600
    },
    "optimize_extreme_quantifiers": {
      "time_ns": 10685.911263157896,
      "time_ms": 0.010685911263157896,
      "iterations": 9500
    }
  }
}