{
  "engine": "python",
  "timestamp": "2026-03-31T23:12:53.592053",
  "results": {
    "literal_match_short": {
      "time_ns": 1496.935,
      "time_ms": 0.001496935,
      "iterations": 318000
    },
    "literal_match_long": {
      "time_ns": 8317.2925,
      "time_ms": 0.0083172925,
      "iterations": 54000
    },
    "wildcard_match_any": {
      "time_ns": 7072.669,
      "time_ms": 0.007072669,
      "iterations": 74000
    },
    "quantifier_zero_or_more": {
      "time_ns": 183.6368,
      "time_ms": 0.0001836368,
      "iterations": 2715000
    },
    "quantifier_one_or_more": {
      "time_ns": 298.941,
      "time_ms": 0.000298941,
      "iterations": 1565000
    },
    "quantifier_zero_or_one": {
      "time_ns": 223.48725,
      "time_ms": 0.00022348725,
      "iterations": 2188000
    },
    "range_lowercase": {
      "time_ns": 22440.806,
      "time_ms": 0.022440806,
      "iterations": 22000
    },
    "range_digits": {
      "time_ns": 145597.3365,
      "time_ms": 0.1455973365,
      "iterations": 4000
    },
    "range_alphanumeric": {
      "time_ns": 33376.247,
      "time_ms": 0.033376247000000005,
      "iterations": 15000
    },
    "predefined_digits": {
      "time_ns": 318177.30600000004,
      "time_ms": 0.31817730600000005,
      "iterations": 2000
    },
    "predefined_word": {
      "time_ns": 56481.3215,
      "time_ms": 0.0564813215,
      "iterations": 8000
    },
    "anchor_start": {
      "time_ns": 546.3460000000001,
      "time_ms": 0.0005463460000000001,
      "iterations": 1000000
    },
    "alternation_simple": {
      "time_ns": 469.9316666666667,
      "time_ms": 0.0004699316666666667,
      "iterations": 960000
    },
    "group_alternation": {
      "time_ns": 640.5233333333332,
      "time_ms": 0.0006405233333333332,
      "iterations": 810000
    },
    "large_8_alternations": {
      "time_ns": 1254.509,
      "time_ms": 0.001254509,
      "iterations": 400000
    },
    "deep_nested_groups_depth4": {
      "time_ns": 366.64900000000006,
      "time_ms": 0.00036664900000000003,
      "iterations": 1264000
    },
    "literal_heavy_alternation": {
      "time_ns": 944.102,
      "time_ms": 0.0009441019999999999,
      "iterations": 526000
    },
    "complex_group_5_children": {
      "time_ns": 534.13325,
      "time_ms": 0.00053413325,
      "iterations": 852000
    },
    "match_all_simple": {
      "time_ns": 31814.090000000004,
      "time_ms": 0.03181409,
      "iterations": 15400
    },
    "match_all_digits": {
      "time_ns": 1645279.435,
      "time_ms": 1.645279435,
      "iterations": 400
    },
    "literal_prefix_short": {
      "time_ns": 295.52849002849,
      "time_ms": 0.00029552849002849,
      "iterations": 1630044
    },
    "literal_prefix_long": {
      "time_ns": 46223.07692307692,
      "time_ms": 0.04622307692307692,
      "iterations": 11232
    },
    "required_literal_short": {
      "time_ns": 2221.883333333333,
      "time_ms": 0.002221883333333333,
      "iterations": 205020
    },
    "no_literal_baseline": {
      "time_ns": 296.3496932515337,
      "time_ms": 0.0002963496932515337,
      "iterations": 1530570
    },
    "alternation_common_prefix": {
      "time_ns": 201.20289855072465,
      "time_ms": 0.00020120289855072465,
      "iterations": 2280312
    },
    "complex_email": {
      "time_ns": 21841.63125,
      "time_ms": 0.02184163125,
      "iterations": 23200
    },
    "complex_number": {
      "time_ns": 128423.662,
      "time_ms": 0.128423662,
      "iterations": 4500
    },
    "simple_phone": {
      "time_ns": 1210649.3399999999,
      "time_ms": 1.2106493399999998,
      "iterations": 400
    },
    "flexible_phone": {
      "time_ns": 6296932.0,
      "time_ms": 6.296932,
      "iterations": 100
    },
    "multi_format_phone": {
      "time_ns": 15569855.08,
      "time_ms": 15.56985508,
      "iterations": 50
    },
    "phone_validation": {
      "time_ns": 716.334,
      "time_ms": 0.0007163339999999999,
      "iterations": 607500
    },
    "dfa_simple_phone": {
      "time_ns": 1087723.61,
      "time_ms": 1.08772361,
      "iterations": 500
    },
    "dfa_paren_phone": {
      "time_ns": 96219.4,
      "time_ms": 0.0962194,
      "iterations": 5200
    },
    "dfa_dot_phone": {
      "time_ns": 1188182.72,
      "time_ms": 1.18818272,
      "iterations": 500
    },
    "dfa_digits_only": {
      "time_ns": 1126631.12,
      "time_ms": 1.12663112,
      "iterations": 500
    },
    "national_phone_validation": {
      "time_ns": 1085897.7,
      "time_ms": 1.0858976999999999,
      "iterations": 470
    },
    "toll_free_simple": {
      "time_ns": 84631.03499999999,
      "time_ms": 0.084631035,
      "iterations": 5800
    },
    "toll_free_complex": {
      "time_ns": 63439.72000000001,
      "time_ms": 0.06343972,
      "iterations": 7500
    },
    "single_quantifier_digits": {
      "time_ns": 92103.22,
      "time_ms": 0.09210322,
      "iterations": 5000
    },
    "single_quantifier_alpha": {
      "time_ns": 206329.83,
      "time_ms": 0.20632983,
      "iterations": 2600
    },
    "dual_quantifiers": {
      "time_ns": 116246.86,
      "time_ms": 0.11624686000000001,
      "iterations": 4050
    },
    "triple_quantifiers": {
      "time_ns": 113011.69,
      "time_ms": 0.11301169,
      "iterations": 4200
    },
    "quad_quantifiers": {
      "time_ns": 119350.955,
      "time_ms": 0.11935095500000001,
      "iterations": 3600
    },
    "range_quantifiers": {
      "time_ns": 130728.41000000002,
      "time_ms": 0.13072841000000002,
      "iterations": 3500
    },
    "mixed_range_quantifiers": {
      "time_ns": 128854.88666666667,
      "time_ms": 0.12885488666666667,
      "iterations": 3750
    },
    "datetime_quantifiers": {
      "time_ns": 109366.74,
      "time_ms": 0.10936674,
      "iterations": 4300
    },
    "flexible_datetime": {
      "time_ns": 199841.65999999997,
      "time_ms": 0.19984165999999998,
      "iterations": 2800
    },
    "dense_quantifiers": {
      "time_ns": 305797.41,
      "time_ms": 0.30579741,
      "iterations": 1600
    },
    "ultra_dense_quantifiers": {
      "time_ns": 502452.9600000001,
      "time_ms": 0.5024529600000001,
      "iterations": 925
    },
    "grouped_quantifiers": {
      "time_ns": 189197.46999999997,
      "time_ms": 0.18919746999999998,
      "iterations": 2600
    },
    "alternation_quantifiers": {
      "time_ns": 753004.0866666667,
      "time_ms": 0.7530040866666666,
      "iterations": 600
    },
    "optimize_range_quantifier": {
      "time_ns": 201834.298,
      "time_ms": 0.20183429800000002,
      "iterations": 3000
    },
    "optimize_multiple_quantifiers": {
      "time_ns": 325351.62500000006,
      "time_ms": 0.32535162500000003,
      "iterations": 1600
    },
    "optimize_phone_quantifiers": {
      "time_ns": 225437.69000000003,
      "time_ms": 0.22543769000000002,
      "iterations": 2400
    },
    "optimize_large_quantifiers": {
      "time_ns": 7134.455,
      "time_ms": 0.007134455,
      "iterations": 68400
    },
    "optimize_extreme_quantifiers": {
      "time_ns": 14848.481,
      "time_ms": 0.014848481,
      "iterations": 34000
    },
    "is_match_lowercase": {
      "time_ns": 16358.077,
      "time_ms": 0.016358077,
      "iterations": 31000
    },
    "is_match_digits": {
      "time_ns": 22319.9025,
      "time_ms": 0.0223199025,
      "iterations": 18000
    },
    "is_match_alphanumeric": {
      "time_ns": 25733.086,
      "time_ms": 0.025733086,
      "iterations": 20000
    },
    "is_match_predefined_digits": {
      "time_ns": 44015.031,
      "time_ms": 0.044015031,
      "iterations": 11000
    },
    "is_match_predefined_word": {
      "time_ns": 53299.932,
      "time_ms": 0.053299932,
      "iterations": 10000
    }
  }
}
