{
  "engine": "rust",
  "timestamp": "2026-03-30T15:06:23.592211490+00:00",
  "results": {
    "anchor_start": {
      "time_ns": 57.343555555555554,
      "time_ms": 0.000057343555555555555,
      "iterations": 8442000
    },
    "optimize_phone_quantifiers": {
      "time_ns": 53231.78666666667,
      "time_ms": 0.05323178666666666,
      "iterations": 9300
    },
    "is_match_predefined_word": {
      "time_ns": 17.104838235294118,
      "time_ms": 0.000017104838235294118,
      "iterations": 23732000
    },
    "group_quantified": {
      "time_ns": 50280.876,
      "time_ms": 0.050280876,
      "iterations": 11000
    },
    "literal_match_short": {
      "time_ns": 392.579,
      "time_ms": 0.000392579,
      "iterations": 1158000
    },
    "match_all_simple": {
      "time_ns": 9059.0275,
      "time_ms": 0.0090590275,
      "iterations": 53200
    },
    "dfa_dot_phone": {
      "time_ns": 44693.075,
      "time_ms": 0.044693075,
      "iterations": 11000
    },
    "single_quantifier_alpha": {
      "time_ns": 45664.43,
      "time_ms": 0.04566443,
      "iterations": 11000
    },
    "national_phone_validation": {
      "time_ns": 70097.15,
      "time_ms": 0.07009715,
      "iterations": 7400
    },
    "complex_email_extraction": {
      "time_ns": 500.0672413793103,
      "time_ms": 0.0005000672413793103,
      "iterations": 986000
    },
    "literal_match_long": {
      "time_ns": 6251.483,
      "time_ms": 0.006251483,
      "iterations": 84000
    },
    "quad_quantifiers": {
      "time_ns": 14865.17,
      "time_ms": 0.01486517,
      "iterations": 32300
    },
    "simd_alphanumeric_large": {
      "time_ns": 119.13046875,
      "time_ms": 0.00011913046874999999,
      "iterations": 3257600
    },
    "is_match_predefined_digits": {
      "time_ns": 18.704483870967742,
      "time_ms": 0.000018704483870967744,
      "iterations": 23622000
    },
    "simd_alphanumeric_xlarge": {
      "time_ns": 136.11911764705883,
      "time_ms": 0.00013611911764705882,
      "iterations": 3536000
    },
    "dual_quantifiers": {
      "time_ns": 21629.42,
      "time_ms": 0.02162942,
      "iterations": 23550
    },
    "literal_heavy_alternation": {
      "time_ns": 76.42360714285715,
      "time_ms": 0.00007642360714285715,
      "iterations": 6440000
    },
    "single_quantifier_digits": {
      "time_ns": 17445.605,
      "time_ms": 0.017445605,
      "iterations": 27400
    },
    "range_lowercase": {
      "time_ns": 72.94305882352941,
      "time_ms": 0.00007294305882352942,
      "iterations": 6647000
    },
    "large_8_alternations": {
      "time_ns": 84.27664285714286,
      "time_ms": 0.00008427664285714286,
      "iterations": 5712000
    },
    "alternation_simple": {
      "time_ns": 29.220125,
      "time_ms": 0.000029220125,
      "iterations": 15792000
    },
    "no_literal_baseline": {
      "time_ns": 7675.4486486486485,
      "time_ms": 0.007675448648648648,
      "iterations": 61975
    },
    "multi_format_phone": {
      "time_ns": 204055.36,
      "time_ms": 0.20405536000000002,
      "iterations": 2450
    },
    "optimize_extreme_quantifiers": {
      "time_ns": 262.03144444444445,
      "time_ms": 0.00026203144444444444,
      "iterations": 1935000
    },
    "quantifier_zero_or_one": {
      "time_ns": 61.81741176470589,
      "time_ms": 0.00006181741176470589,
      "iterations": 8024000
    },
    "range_alphanumeric": {
      "time_ns": 80781.852,
      "time_ms": 0.080781852,
      "iterations": 6000
    },
    "flexible_phone": {
      "time_ns": 216442.6,
      "time_ms": 0.21644259999999999,
      "iterations": 2300
    },
    "datetime_quantifiers": {
      "time_ns": 54140.16,
      "time_ms": 0.05414016,
      "iterations": 8700
    },
    "optimize_range_quantifier": {
      "time_ns": 35835.3945,
      "time_ms": 0.0358353945,
      "iterations": 14000
    },
    "literal_prefix_medium": {
      "time_ns": 3163.266932270916,
      "time_ms": 0.0031632669322709164,
      "iterations": 143321
    },
    "mixed_range_quantifiers": {
      "time_ns": 9674.453333333333,
      "time_ms": 0.009674453333333333,
      "iterations": 54300
    },
    "optimize_multiple_quantifiers": {
      "time_ns": 18563.2825,
      "time_ms": 0.0185632825,
      "iterations": 26000
    },
    "simd_negated_alphanumeric": {
      "time_ns": 68.18283582089552,
      "time_ms": 0.00006818283582089552,
      "iterations": 7169000
    },
    "complex_number_extraction": {
      "time_ns": 87557.622,
      "time_ms": 0.087557622,
      "iterations": 5500
    },
    "grouped_quantifiers": {
      "time_ns": 10367.255,
      "time_ms": 0.010367254999999999,
      "iterations": 43600
    },
    "alternation_quantifiers": {
      "time_ns": 79182.99333333333,
      "time_ms": 0.07918299333333334,
      "iterations": 6300
    },
    "required_literal_short": {
      "time_ns": 323.77346805736636,
      "time_ms": 0.0003237734680573664,
      "iterations": 1445028
    },
    "required_literal_long": {
      "time_ns": 1166.8740384615385,
      "time_ms": 0.0011668740384615385,
      "iterations": 414960
    },
    "is_match_digits": {
      "time_ns": 35.093267857142855,
      "time_ms": 0.000035093267857142856,
      "iterations": 14224000
    },
    "predefined_digits": {
      "time_ns": 61.12117647058824,
      "time_ms": 0.00006112117647058824,
      "iterations": 7871000
    },
    "is_match_alphanumeric": {
      "time_ns": 16.23054761904762,
      "time_ms": 0.000016230547619047618,
      "iterations": 28938000
    },
    "dfa_paren_phone": {
      "time_ns": 14836.73,
      "time_ms": 0.01483673,
      "iterations": 33500
    },
    "flexible_datetime": {
      "time_ns": 32883.965,
      "time_ms": 0.032883965,
      "iterations": 14000
    },
    "wildcard_match_any": {
      "time_ns": 123158.7165,
      "time_ms": 0.1231587165,
      "iterations": 4000
    },
    "range_digits": {
      "time_ns": 85.10207692307692,
      "time_ms": 0.00008510207692307692,
      "iterations": 5395000
    },
    "quantifier_zero_or_more": {
      "time_ns": 55.95804347826086,
      "time_ms": 0.00005595804347826087,
      "iterations": 8510000
    },
    "dense_quantifiers": {
      "time_ns": 19523.79,
      "time_ms": 0.01952379,
      "iterations": 22000
    },
    "predefined_word": {
      "time_ns": 123179.797,
      "time_ms": 0.123179797,
      "iterations": 5000
    },
    "deep_nested_groups_depth4": {
      "time_ns": 29.520260869565217,
      "time_ms": 0.000029520260869565216,
      "iterations": 16422000
    },
    "ultra_dense_quantifiers": {
      "time_ns": 46692.5,
      "time_ms": 0.0466925,
      "iterations": 10750
    },
    "alternation_common_prefix": {
      "time_ns": 3046.064189189189,
      "time_ms": 0.0030460641891891893,
      "iterations": 166648
    },
    "dfa_simple_phone": {
      "time_ns": 80248.435,
      "time_ms": 0.08024843499999999,
      "iterations": 5400
    },
    "group_alternation": {
      "time_ns": 67.91135294117647,
      "time_ms": 0.00006791135294117648,
      "iterations": 7157000
    },
    "literal_prefix_short": {
      "time_ns": 503.51935483870966,
      "time_ms": 0.0005035193548387096,
      "iterations": 980840
    },
    "range_quantifiers": {
      "time_ns": 62733.19,
      "time_ms": 0.06273319,
      "iterations": 7500
    },
    "literal_prefix_long": {
      "time_ns": 26760.397959183676,
      "time_ms": 0.026760397959183675,
      "iterations": 19306
    },
    "match_all_pattern": {
      "time_ns": 57486.075,
      "time_ms": 0.057486075000000005,
      "iterations": 8800
    },
    "is_match_lowercase": {
      "time_ns": 18.873883928571427,
      "time_ms": 0.000018873883928571428,
      "iterations": 25760000
    },
    "anchor_end": {
      "time_ns": 41.799324999999996,
      "time_ms": 0.000041799325,
      "iterations": 11720000
    },
    "optimize_large_quantifiers": {
      "time_ns": 13157.47,
      "time_ms": 0.01315747,