{
  "engine": "rust",
  "timestamp": "2026-04-26T19:57:17.233835556+00:00",
  "results": {
    "literal_prefix_short": {
      "time_ns": 379.09808760024674,
      "time_ms": 0.00037909808760024674,
      "iterations": 1238444
    },
    "simple_phone": {
      "time_ns": 202574.55,
      "time_ms": 0.20257455,
      "iterations": 2500
    },
    "sub_digits": {
      "time_ns": 156545.3,
      "time_ms": 0.1565453,
      "iterations": 3000
    },
    "group_alternation": {
      "time_ns": 70.04552777777778,
      "time_ms": 0.00007004552777777778,
      "iterations": 6876000
    },
    "range_alphanumeric": {
      "time_ns": 68005.821,
      "time_ms": 0.068005821,
      "iterations": 7000
    },
    "deep_nested_groups_depth4": {
      "time_ns": 47.60448,
      "time_ms": 0.00004760448000000001,
      "iterations": 10225000
    },
    "dfa_digits_only": {
      "time_ns": 63869.55,
      "time_ms": 0.06386955,
      "iterations": 7200
    },
    "single_quantifier_digits": {
      "time_ns": 17409.4875,
      "time_ms": 0.0174094875,
      "iterations": 27200
    },
    "range_lowercase": {
      "time_ns": 64.32323684210527,
      "time_ms": 0.00006432323684210527,
      "iterations": 7448000
    },
    "is_match_predefined_word": {
      "time_ns": 22.566603773584905,
      "time_ms": 0.000022566603773584904,
      "iterations": 21995000
    },
    "sub_limited_count": {
      "time_ns": 10405.1375,
      "time_ms": 0.0104051375,
      "iterations": 46400
    },
    "sub_group_word_swap": {
      "time_ns": 35657.575,
      "time_ms": 0.035657575000000004,
      "iterations": 13400
    },
    "alternation_simple": {
      "time_ns": 27.123679487179484,
      "time_ms": 0.000027123679487179485,
      "iterations": 18408000
    },
    "single_quantifier_alpha": {
      "time_ns": 47437.785,
      "time_ms": 0.047437785,
      "iterations": 10800
    },
    "is_match_digits": {
      "time_ns": 50.56796153846154,
      "time_ms": 0.00005056796153846154,
      "iterations": 9958000
    },
    "dual_quantifiers": {
      "time_ns": 19158.673333333332,
      "time_ms": 0.01915867333333333,
      "iterations": 25800
    },
    "group_quantified": {
      "time_ns": 50728.382,
      "time_ms": 0.050728382,
      "iterations": 10000
    },
    "sub_group_phone_fmt": {
      "time_ns": 48232.35,
      "time_ms": 0.04823235,
      "iterations": 9820
    },
    "sparse_phone_search": {
      "time_ns": 2901.5636363636363,
      "time_ms": 0.0029015636363636365,
      "iterations": 173250
    },
    "optimize_large_quantifiers": {
      "time_ns": 13190.38,
      "time_ms": 0.01319038,
      "iterations": 34100
    },
    "sub_literal": {
      "time_ns": 1541.6035714285713,
      "time_ms": 0.0015416035714285715,
      "iterations": 322000
    },
    "nanpa_findall": {
      "time_ns": 23210.75,
      "time_ms": 0.02321075,
      "iterations": 21264
    },
    "literal_prefix_medium": {
      "time_ns": 4171.771739130435,
      "time_ms": 0.004171771739130435,
      "iterations": 118956
    },
    "no_literal_baseline": {
      "time_ns": 7587.267973856209,
      "time_ms": 0.007587267973856209,
      "iterations": 58905
    },
    "predefined_word": {
      "time_ns": 56520.2,
      "time_ms": 0.0565202,
      "iterations": 9000
    },
    "is_match_alphanumeric": {
      "time_ns": 20.164162162162164,
      "time_ms": 0.000020164162162162166,
      "iterations": 23495000
    },
    "literal_match_long": {
      "time_ns": 3678.8725,
      "time_ms": 0.0036788725000000003,
      "iterations": 138000
    },
    "sub_group_date_fmt": {
      "time_ns": 46653.7,
      "time_ms": 0.0466537,
      "iterations": 10560
    },
    "required_literal_short": {
      "time_ns": 303.51345029239764,
      "time_ms": 0.00030351345029239765,
      "iterations": 1387665
    },
    "is_match_lowercase": {
      "time_ns": 20.13266129032258,
      "time_ms": 0.000020132661290322577,
      "iterations": 25854000
    },
    "simd_alphanumeric_large": {
      "time_ns": 97.50221153846154,
      "time_ms": 0.00009750221153846154,
      "iterations": 4856800
    },
    "national_phone_validation": {
      "time_ns": 57596.85,
      "time_ms": 0.05759685,
      "iterations": 7700
    },
    "optimize_multiple_quantifiers": {
      "time_ns": 18658.29,
      "time_ms": 0.01865829,
      "iterations": 25600
    },
    "wildcard_match_any": {
      "time_ns": 51429.759,
      "time_ms": 0.051429759,
      "iterations": 9000
    },
    "match_all_simple": {
      "time_ns": 7588.445,
      "time_ms": 0.007588445,
      "iterations": 66400
    },
    "literal_prefix_long": {
      "time_ns": 29968.666666666668,
      "time_ms": 0.029968666666666668,
      "iterations": 15351
    },
    "complex_group_5_children": {
      "time_ns": 77.74972727272727,
      "time_ms": 0.00007774972727272726,
      "iterations": 6314000
    },
    "optimize_phone_quantifiers": {
      "time_ns": 68857.95833333333,
      "time_ms": 0.06885795833333333,
      "iterations": 7200
    },
    "phone_validation": {
      "time_ns": 31.958296703296703,
      "time_ms": 0.000031958296703296705,
      "iterations": 15470000
    },
    "quad_quantifiers": {
      "time_ns": 12405.75,
      "time_ms": 0.01240575,
      "iterations": 40100
    },
    "flexible_phone": {
      "time_ns": 193999.05,
      "time_ms": 0.19399905,
      "iterations": 2300
    },
    "ultra_dense_quantifiers": {
      "time_ns": 56856.64,
      "time_ms": 0.05685664,
      "iterations": 8875
    },
    "optimize_range_quantifier": {
      "time_ns": 44237.453,
      "time_ms": 0.044237453,
      "iterations": 11000
    },
    "range_quantifiers": {
      "time_ns": 44865.665,
      "time_ms": 0.044865665000000006,
      "iterations": 10800
    },
    "literal_heavy_alternation": {
      "time_ns": 128.20457142857143,
      "time_ms": 0.00012820457142857143,
      "iterations": 4067000
    },
    "alternation_quantifiers": {
      "time_ns": 89413.97333333333,
      "time_ms": 0.08941397333333333,
      "iterations": 5475
    },
    "sparse_phone_findall": {
      "time_ns": 3928.564912280702,
      "time_ms": 0.003928564912280702,
      "iterations": 128250
    },
    "dfa_simple_phone": {
      "time_ns": 79016.45,
      "time_ms": 0.07901645,
      "iterations": 6300
    },
    "quantifier_zero_or_one": {
      "time_ns": 58.091300000000004,
      "time_ms": 0.000058091300000000004,
      "iterations": 8190000
    },
    "flexible_datetime": {
      "time_ns": 60012.18,
      "time_ms": 0.06001218,
      "iterations": 7900
    },
    "anchor_end": {
      "time_ns": 28.326964285714286,
      "time_ms": 0.000028326964285714286,
      "iterations": 17612000
    },
    "alternation_common_prefix": {
      "time_ns": 2623.091254752852,
      "time_ms": 0.0026230912547528518,
      "iterations": 180681
    },
    "dfa_paren_phone": {
      "time_ns": 27187.965,
      "time_ms": 0.027187964999999998,
      "iterations": 18800
    },
    "simd_alphanumeric_xlarge": {
      "time_ns": 82.63827586206897,
      "time_ms": 0.00008263827586206896,
      "iterations": 6090000
    },
    "is_match_predefined_digits": {
      "time_ns": 25.839120370370374,
      "time_ms": 0.000025839120370370373,
      "iterations": 20304000
    },
    "sub_char_class": {
      "time_ns": 315988.15,
      "time_ms": 0.31598815,
      "iterations": 1520
    },
    "sub_whitespace": {
      "time_ns": 34937.16,
      "time_ms": 0.03493716,
      "iterations": 14150
    },
    "grouped_quantifiers": {
      "time_ns": 11392.56,
      "time_ms": 0.011392560000000001,
      "iterations": 40600
    },
    "datetime_quantifiers": {
      "time_ns": 73236.87,
      "time_ms": 0.07323687,
      "iterations": 6800
    },
    "sparse_email_findall": {
      "time_ns": 2539.8558139534885,
      "time_ms": 0.0025398558139534885,
      "iterations": 182320
    },
    "quantifier_zero_or_more": {
      "time_ns": 53.52842857142857,
      "time_ms": 0.000053528428571428576,