{
  "engine": "rust",
  "timestamp": "2026-04-17T14:11:59.765503388+00:00",
  "results": {
    "optimize_large_quantifiers": {
      "time_ns": 8367.81,
      "time_ms": 0.00836781,
      "iterations": 57300
    },
    "sub_limited_count": {
      "time_ns": 8689.565,
      "time_ms": 0.008689565,
      "iterations": 58400
    },
    "national_phone_validation": {
      "time_ns": 69340.36666666667,
      "time_ms": 0.06934036666666667,
      "iterations": 7050
    },
    "sparse_phone_search": {
      "time_ns": 1247.472,
      "time_ms": 0.001247472,
      "iterations": 368250
    },
    "group_quantified": {
      "time_ns": 60241.45,
      "time_ms": 0.06024145,
      "iterations": 9000
    },
    "range_quantifiers": {
      "time_ns": 44021.65,
      "time_ms": 0.04402165,
      "iterations": 11300
    },
    "is_match_predefined_word": {
      "time_ns": 12.59024193548387,
      "time_ms": 0.00001259024193548387,
      "iterations": 38378000
    },
    "required_literal_long": {
      "time_ns": 876.1358325219085,
      "time_ms": 0.0008761358325219085,
      "iterations": 523770
    },
    "no_literal_baseline": {
      "time_ns": 8363.22033898305,
      "time_ms": 0.008363220338983051,
      "iterations": 61478
    },
    "simd_alphanumeric_xlarge": {
      "time_ns": 82.67040983606557,
      "time_ms": 0.00008267040983606558,
      "iterations": 6258600
    },
    "phone_validation": {
      "time_ns": 32.02531081081081,
      "time_ms": 0.00003202531081081081,
      "iterations": 14874000
    },
    "quad_quantifiers": {
      "time_ns": 9368.22,
      "time_ms": 0.00936822,
      "iterations": 49100
    },
    "sub_char_class": {
      "time_ns": 296922.4,
      "time_ms": 0.29692240000000003,
      "iterations": 1720
    },
    "sub_group_phone_fmt": {
      "time_ns": 44134.86666666667,
      "time_ms": 0.04413486666666667,
      "iterations": 10770
    },
    "sub_group_word_swap": {
      "time_ns": 27262.425,
      "time_ms": 0.027262425,
      "iterations": 17000
    },
    "simd_negated_alphanumeric": {
      "time_ns": 40.32879310344828,
      "time_ms": 0.000040328793103448276,
      "iterations": 11437600
    },
    "single_quantifier_digits": {
      "time_ns": 13780.655,
      "time_ms": 0.013780655,
      "iterations": 36200
    },
    "match_all_pattern": {
      "time_ns": 41887.36,
      "time_ms": 0.04188736,
      "iterations": 10600
    },
    "range_alphanumeric": {
      "time_ns": 62707.995,
      "time_ms": 0.062707995,
      "iterations": 7000
    },
    "literal_match_long": {
      "time_ns": 2990.08,
      "time_ms": 0.00299008,
      "iterations": 154000
    },
    "predefined_word": {
      "time_ns": 56146.191,
      "time_ms": 0.056146191000000005,
      "iterations": 9000
    },
    "datetime_quantifiers": {
      "time_ns": 58311.55,
      "time_ms": 0.05831155,
      "iterations": 8000
    },
    "is_match_lowercase": {
      "time_ns": 12.103415384615385,
      "time_ms": 0.000012103415384615384,
      "iterations": 39845000
    },
    "flexible_phone": {
      "time_ns": 250518.83,
      "time_ms": 0.25051883,
      "iterations": 2100
    },
    "large_8_alternations": {
      "time_ns": 81.17192307692308,
      "time_ms": 0.00008117192307692307,
      "iterations": 6604000
    },
    "optimize_multiple_quantifiers": {
      "time_ns": 14065.6925,
      "time_ms": 0.0140656925,
      "iterations": 32400
    },
    "sub_digits": {
      "time_ns": 111554.4,
      "time_ms": 0.11155440000000001,
      "iterations": 4310
    },
    "sub_whitespace": {
      "time_ns": 25679.09,
      "time_ms": 0.02567909,
      "iterations": 18500
    },
    "literal_heavy_alternation": {
      "time_ns": 88.71908333333333,
      "time_ms": 0.00008871908333333332,
      "iterations": 5604000
    },
    "complex_number_extraction": {
      "time_ns": 90805.362,
      "time_ms": 0.090805362,
      "iterations": 5500
    },
    "nanpa_match_first": {
      "time_ns": 59.88093548387097,
      "time_ms": 0.000059880935483870966,
      "iterations": 8494000
    },
    "range_digits": {
      "time_ns": 53.984,
      "time_ms": 0.000053984,
      "iterations": 6941000
    },
    "deep_nested_groups_depth4": {
      "time_ns": 20.81065909090909,
      "time_ms": 0.00002081065909090909,
      "iterations": 22792000
    },
    "sparse_email_findall": {
      "time_ns": 1468.4806722689077,
      "time_ms": 0.0014684806722689077,
      "iterations": 336175
    },
    "sub_group_date_fmt": {
      "time_ns": 45235.475,
      "time_ms": 0.045235475000000004,
      "iterations": 11560
    },
    "complex_group_5_children": {
      "time_ns": 63.67893333333333,
      "time_ms": 0.00006367893333333334,
      "iterations": 7605000
    },
    "literal_prefix_medium": {
      "time_ns": 3299.019305019305,
      "time_ms": 0.003299019305019305,
      "iterations": 150479
    },
    "alternation_common_prefix": {
      "time_ns": 2039.0685840707965,
      "time_ms": 0.0020390685840707967,
      "iterations": 231876
    },
    "grouped_quantifiers": {
      "time_ns": 8524.99,
      "time_ms": 0.00852499,
      "iterations": 47100
    },
    "dense_quantifiers": {
      "time_ns": 15047.83,
      "time_ms": 0.01504783,
      "iterations": 26200
    },
    "range_lowercase": {
      "time_ns": 43.139199999999995,
      "time_ms": 0.000043139199999999995,
      "iterations": 9800000
    },
    "quantifier_one_or_more": {
      "time_ns": 43.579860000000004,
      "time_ms": 0.000043579859999999996,
      "iterations": 9800000
    },
    "dual_quantifiers": {
      "time_ns": 14490.273333333333,
      "time_ms": 0.014490273333333335,
      "iterations": 32700
    },
    "required_literal_short": {
      "time_ns": 278.58925979680697,
      "time_ms": 0.000278589259796807,
      "iterations": 1688739
    },
    "mixed_range_quantifiers": {
      "time_ns": 3970.8116666666665,
      "time_ms": 0.003970811666666667,
      "iterations": 112800
    },
    "anchor_start": {
      "time_ns": 29.21823611111111,
      "time_ms": 0.000029218236111111108,
      "iterations": 15696000
    },
    "match_all_simple": {
      "time_ns": 8140.425,
      "time_ms": 0.008140425,
      "iterations": 63000
    },
    "simple_phone": {
      "time_ns": 110750.22,
      "time_ms": 0.11075022000000001,
      "iterations": 3900
    },
    "single_quantifier_alpha": {
      "time_ns": 50589.17,
      "time_ms": 0.05058917,
      "iterations": 10600
    },
    "is_match_alphanumeric": {
      "time_ns": 12.419220588235294,
      "time_ms": 0.000012419220588235294,
      "iterations": 39508000
    },
    "sparse_phone_findall": {
      "time_ns": 2392.451666666667,
      "time_ms": 0.0023924516666666666,
      "iterations": 202200
    },
    "literal_match_short": {
      "time_ns": 442.97925,
      "time_ms": 0.00044297925,
      "iterations": 1132000
    },
    "optimize_phone_quantifiers": {
      "time_ns": 68276.74166666667,
      "time_ms": 0.06827674166666667,
      "iterations": 7200
    },
    "is_match_digits": {
      "time_ns": 37.13654411764706,
      "time_ms": 0.00003713654411764707,
      "iterations": 13668000
    },
    "dfa_dot_phone": {
      "time_ns": 36481.72,
      "time_ms": 0.03648172,
      "iterations": 12900
    },
    "quantifier_zero_or_more": {
      "time_ns": 49.204,
      "time_ms": 0.000049204,
      "iterations": 9086000
    },
    "optimize_extreme_quantifiers": {
      "time_ns": 253.6817,
      "time_ms": 0.00025368170000000003,
      "iterations": 1940000
    },
    "literal_prefix_short": {
      "time_ns": 231.03384119542926,
      "time_ms": 0.00023103384119542927,
      "iterations": 2013670
    },
    "simd_multi_char_class": {
      "time_ns": 72.99338028169014,
      "time_ms": 0.00007299338028169014,
      "iterations": 6915400
    },
    "dfa_paren_phone": {
      "time_ns": 14930.53,
      "time_ms": 0.01493053,
      "iterations": 32600
    },
    "is_match_predefined_digits": {
      "time_ns": 19.0499375,