{
  "engine": "rust",
  "timestamp": "2026-03-31T15:45:26.323903456+00:00",
  "results": {
    "flexible_datetime": {
      "time_ns": 54559.555,
      "time_ms": 0.054559555,
      "iterations": 9400
    },
    "literal_match_long": {
      "time_ns": 3968.1585,
      "time_ms": 0.0039681585,
      "iterations": 98000
    },
    "predefined_word": {
      "time_ns": 110993.433,
      "time_ms": 0.110993433,
      "iterations": 5000
    },
    "quantifier_zero_or_one": {
      "time_ns": 116.99384615384615,
      "time_ms": 0.00011699384615384615,
      "iterations": 4173000
    },
    "is_match_digits": {
      "time_ns": 43.3550625,
      "time_ms": 0.0000433550625,
      "iterations": 10736000
    },
    "dfa_paren_phone": {
      "time_ns": 17003.7,
      "time_ms": 0.0170037,
      "iterations": 30600
    },
    "literal_prefix_short": {
      "time_ns": 399.18703384968444,
      "time_ms": 0.00039918703384968446,
      "iterations": 1180011
    },
    "simple_phone": {
      "time_ns": 259924.77,
      "time_ms": 0.25992477,
      "iterations": 1900
    },
    "optimize_extreme_quantifiers": {
      "time_ns": 475.6715,
      "time_ms": 0.0004756715,
      "iterations": 1106000
    },
    "no_literal_baseline": {
      "time_ns": 7995.273684210526,
      "time_ms": 0.007995273684210526,
      "iterations": 62415
    },
    "range_alphanumeric": {
      "time_ns": 80049.746,
      "time_ms": 0.080049746,
      "iterations": 7000
    },
    "match_all_pattern": {
      "time_ns": 62042.3125,
      "time_ms": 0.0620423125,
      "iterations": 7200
    },
    "large_8_alternations": {
      "time_ns": 103.21461111111111,
      "time_ms": 0.0001032146111111111,
      "iterations": 4194000
    },
    "predefined_digits": {
      "time_ns": 50.60013888888889,
      "time_ms": 0.00005060013888888889,
      "iterations": 8676000
    },
    "complex_group_5_children": {
      "time_ns": 72.39966666666668,
      "time_ms": 0.00007239966666666666,
      "iterations": 6684000
    },
    "alternation_words": {
      "time_ns": 36.76952631578947,
      "time_ms": 0.000036769526315789474,
      "iterations": 13015000
    },
    "multi_format_phone": {
      "time_ns": 380595.68,
      "time_ms": 0.38059568,
      "iterations": 1250
    },
    "complex_number_extraction": {
      "time_ns": 88873.088,
      "time_ms": 0.08887308799999999,
      "iterations": 5500
    },
    "dfa_dot_phone": {
      "time_ns": 51540.075,
      "time_ms": 0.051540075,
      "iterations": 9400
    },
    "literal_heavy_alternation": {
      "time_ns": 126.13983333333334,
      "time_ms": 0.00012613983333333335,
      "iterations": 4086000
    },
    "match_all_simple": {
      "time_ns": 11737.5575,
      "time_ms": 0.0117375575,
      "iterations": 44400
    },
    "single_quantifier_alpha": {
      "time_ns": 106957.8725,
      "time_ms": 0.10695787250000001,
      "iterations": 4400
    },
    "quad_quantifiers": {
      "time_ns": 14519.095,
      "time_ms": 0.014519095,
      "iterations": 29600
    },
    "ultra_dense_quantifiers": {
      "time_ns": 54808.68,
      "time_ms": 0.05480868,
      "iterations": 8750
    },
    "dual_quantifiers": {
      "time_ns": 39643.03333333333,
      "time_ms": 0.039643033333333334,
      "iterations": 13350
    },
    "quantifier_zero_or_more": {
      "time_ns": 78.37752631578948,
      "time_ms": 0.00007837752631578948,
      "iterations": 5833000
    },
    "complex_email_extraction": {
      "time_ns": 872.3409482758619,
      "time_ms": 0.0008723409482758619,
      "iterations": 540560
    },
    "alternation_common_prefix": {
      "time_ns": 2139.282560706402,
      "time_ms": 0.002139282560706402,
      "iterations": 189354
    },
    "is_match_lowercase": {
      "time_ns": 31.080635135135132,
      "time_ms": 0.00003108063513513513,
      "iterations": 15022000
    },
    "anchor_start": {
      "time_ns": 65.60457142857143,
      "time_ms": 0.00006560457142857143,
      "iterations": 7966000
    },
    "optimize_phone_quantifiers": {
      "time_ns": 51104.636666666665,
      "time_ms": 0.05110463666666667,
      "iterations": 9900
    },
    "is_match_alphanumeric": {
      "time_ns": 16.20122033898305,
      "time_ms": 0.000016201220338983048,
      "iterations": 25901000
    },
    "optimize_range_quantifier": {
      "time_ns": 49869.406,
      "time_ms": 0.049869406,
      "iterations": 10000
    },
    "is_match_predefined_word": {
      "time_ns": 21.085214285714283,
      "time_ms": 0.000021085214285714284,
      "iterations": 20832000
    },
    "single_quantifier_digits": {
      "time_ns": 25991.615,
      "time_ms": 0.025991615000000003,
      "iterations": 18200
    },
    "group_alternation": {
      "time_ns": 89.91760000000001,
      "time_ms": 0.0000899176,
      "iterations": 5250000
    },
    "literal_prefix_medium": {
      "time_ns": 3619.2340425531916,
      "time_ms": 0.0036192340425531917,
      "iterations": 122764
    },
    "simd_alphanumeric_large": {
      "time_ns": 107.8035294117647,
      "time_ms": 0.0001078035294117647,
      "iterations": 4528800
    },
    "national_phone_validation": {
      "time_ns": 133041.55,
      "time_ms": 0.13304155,
      "iterations": 3560
    },
    "anchor_end": {
      "time_ns": 31.61879411764706,
      "time_ms": 0.000031618794117647055,
      "iterations": 15606000
    },
    "optimize_multiple_quantifiers": {
      "time_ns": 22723.78,
      "time_ms": 0.02272378,
      "iterations": 20200
    },
    "is_match_predefined_digits": {
      "time_ns": 15.102755555555555,
      "time_ms": 0.000015102755555555555,
      "iterations": 29835000
    },
    "wildcard_match_any": {
      "time_ns": 67481.192,
      "time_ms": 0.067481192,
      "iterations": 7000
    },
    "triple_quantifiers": {
      "time_ns": 15724.33,
      "time_ms": 0.015724329999999998,
      "iterations": 31700
    },
    "dense_quantifiers": {
      "time_ns": 18301.14,
      "time_ms": 0.01830114,
      "iterations": 20850
    },
    "literal_prefix_long": {
      "time_ns": 29887.612903225807,
      "time_ms": 0.029887612903225808,
      "iterations": 14973
    },
    "dfa_digits_only": {
      "time_ns": 105264.47,
      "time_ms": 0.10526447,
      "iterations": 4700
    },
    "range_quantifiers": {
      "time_ns": 56352.59,
      "time_ms": 0.056352589999999994,
      "iterations": 8500
    },
    "range_lowercase": {
      "time_ns": 87.64014285714285,
      "time_ms": 0.00008764014285714286,
      "iterations": 5586000
    },
    "simd_multi_char_class": {
      "time_ns": 81.02216666666666,
      "time_ms": 0.00008102216666666667,
      "iterations": 5826000
    },
    "quantifier_one_or_more": {
      "time_ns": 92.50713636363635,
      "time_ms": 0.00009250713636363635,
      "iterations": 5434000
    },
    "mixed_range_quantifiers": {
      "time_ns": 8144.34,
      "time_ms": 0.00814434,
      "iterations": 47850
    },
    "simd_negated_alphanumeric": {
      "time_ns": 44.75396396396396,
      "time_ms": 0.00004475396396396396,
      "iterations": 8391600
    },
    "flexible_phone": {
      "time_ns": 344188.82,
      "time_ms": 0.34418882000000006,
      "iterations": 1500
    },
    "datetime_quantifiers": {
      "time_ns": 89002.575,
      "time_ms": 0.089002575,
      "iterations": 5600
    },
    "phone_validation": {
      "time_ns": 30.63548051948052,
      "time_ms": 0.00003063548051948052,
      "iterations": 16016000
    },
    "simd_alphanumeric_xlarge": {
      "time_ns": 67.54780487804878,
      "time_ms": 0.00006754780487804878,
      "iterations": 6469800
    },
    "literal_match_short": {
      "time_ns": 1028.551,
      "time_ms": 0.001028551,
      "iterations": 498000
    },
    "dfa_simple_phone": {
      "time_ns": 98367.44,
      "time_ms": 0.09836744,
      "iterations": 4500
    },
    "optimize_large_quantifiers": {
      "time_ns": 18357.08,
      "time_ms": 0.018357079999999998,
      "iterations": 23700
    },