{
  "engine": "rust",
  "timestamp": "2026-03-26T19:39:37.123240587+00:00",
  "results": {
    "simd_multi_char_class": {
      "time_ns": 27.78262543757293,
      "time_ms": 0.000027782625437572927,
      "iterations": 3599400
    },
    "required_literal_short": {
      "time_ns": 364.15537,
      "time_ms": 0.00036415537,
      "iterations": 100000
    },
    "predefined_word": {
      "time_ns": 16.868521841794568,
      "time_ms": 0.00001686852184179457,
      "iterations": 5929000
    },
    "literal_match_long": {
      "time_ns": 8192.312285714286,
      "time_ms": 0.008192312285714286,
      "iterations": 14000
    },
    "simd_alphanumeric_xlarge": {
      "time_ns": 20.054030000401077,
      "time_ms": 0.000020054030000401074,
      "iterations": 4986600
    },
    "alternation_simple": {
      "time_ns": 20.593564868204286,
      "time_ms": 0.000020593564868204285,
      "iterations": 4856000
    },
    "grouped_quantifiers": {
      "time_ns": 8425.819159663866,
      "time_ms": 0.008425819159663865,
      "iterations": 11900
    },
    "required_literal_long": {
      "time_ns": 1201.0178710831942,
      "time_ms": 0.0012010178710831943,
      "iterations": 83263
    },
    "literal_prefix_long": {
      "time_ns": 35386.912597310686,
      "time_ms": 0.03538691259731069,
      "iterations": 2826
    },
    "optimize_phone_quantifiers": {
      "time_ns": 40216.69296296296,
      "time_ms": 0.04021669296296296,
      "iterations": 2700
    },
    "quantifier_one_or_more": {
      "time_ns": 26.2112889703956,
      "time_ms": 0.0000262112889703956,
      "iterations": 3817000
    },
    "literal_match_short": {
      "time_ns": 635.928993670886,
      "time_ms": 0.000635928993670886,
      "iterations": 158000
    },
    "range_alphanumeric": {
      "time_ns": 18.442918679697584,
      "time_ms": 0.000018442918679697586,
      "iterations": 5423000
    },
    "range_digits": {
      "time_ns": 31.63459108159393,
      "time_ms": 0.00003163459108159393,
      "iterations": 3162000
    },
    "dfa_paren_phone": {
      "time_ns": 13031.1812987013,
      "time_ms": 0.013031181298701299,
      "iterations": 7700
    },
    "national_phone_validation": {
      "time_ns": 45135.077477477476,
      "time_ms": 0.045135077477477484,
      "iterations": 2220
    },
    "no_literal_baseline": {
      "time_ns": 5353.050800278358,
      "time_ms": 0.005353050800278358,
      "iterations": 18681
    },
    "alternation_common_prefix": {
      "time_ns": 1897.8198052872299,
      "time_ms": 0.00189781980528723,
      "iterations": 52693
    },
    "optimize_large_quantifiers": {
      "time_ns": 9426.662897196262,
      "time_ms": 0.009426662897196262,
      "iterations": 10700
    },
    "group_alternation": {
      "time_ns": 64.9175652173913,
      "time_ms": 0.00006491756521739131,
      "iterations": 1541000
    },
    "complex_group_5_children": {
      "time_ns": 140.78859493670888,
      "time_ms": 0.00014078859493670887,
      "iterations": 711000
    },
    "alternation_words": {
      "time_ns": 24.506335456995835,
      "time_ms": 0.000024506335456995836,
      "iterations": 4081000
    },
    "simd_negated_alphanumeric": {
      "time_ns": 29.521216790648246,
      "time_ms": 0.000029521216790648246,
      "iterations": 3387600
    },
    "phone_validation": {
      "time_ns": 14.512838836078659,
      "time_ms": 0.00001451283883607866,
      "iterations": 6890500
    },
    "triple_quantifiers": {
      "time_ns": 13296.01052631579,
      "time_ms": 0.013296010526315788,
      "iterations": 7600
    },
    "predefined_digits": {
      "time_ns": 49.77876505724241,
      "time_ms": 0.00004977876505724241,
      "iterations": 2009000
    },
    "flexible_phone": {
      "time_ns": 175171.67666666667,
      "time_ms": 0.1751716766666667,
      "iterations": 600
    },
    "quantifier_zero_or_one": {
      "time_ns": 36.882747418879056,
      "time_ms": 0.00003688274741887906,
      "iterations": 2712000
    },
    "literal_prefix_short": {
      "time_ns": 531.17901,
      "time_ms": 0.00053117901,
      "iterations": 100000
    },
    "flexible_datetime": {
      "time_ns": 47113.68454545454,
      "time_ms": 0.04711368454545454,
      "iterations": 2200
    },
    "literal_heavy_alternation": {
      "time_ns": 174.1198452173913,
      "time_ms": 0.0001741198452173913,
      "iterations": 575000
    },
    "complex_number_extraction": {
      "time_ns": 133752.863,
      "time_ms": 0.133752863,
      "iterations": 1000
    },
    "dfa_simple_phone": {
      "time_ns": 80499.34538461539,
      "time_ms": 0.0804993453846154,
      "iterations": 1300
    },
    "anchor_end": {
      "time_ns": 26.4269529846804,
      "time_ms": 0.0000264269529846804,
      "iterations": 3786000
    },
    "datetime_quantifiers": {
      "time_ns": 74798.04285714285,
      "time_ms": 0.07479804285714285,
      "iterations": 1400
    },
    "group_quantified": {
      "time_ns": 54643.14,
      "time_ms": 0.05464314,
      "iterations": 2000
    },
    "single_quantifier_digits": {
      "time_ns": 18543.533571428572,
      "time_ms": 0.01854353357142857,
      "iterations": 5600
    },
    "mixed_range_quantifiers": {
      "time_ns": 6373.054031746032,
      "time_ms": 0.0063730540317460315,
      "iterations": 15750
    },
    "alternation_quantifiers": {
      "time_ns": 76108.0237037037,
      "time_ms": 0.07610802370370372,
      "iterations": 1350
    },
    "match_all_pattern": {
      "time_ns": 70032.5925,
      "time_ms": 0.0700325925,
      "iterations": 1600
    },
    "large_8_alternations": {
      "time_ns": 84.48563513513513,
      "time_ms": 0.00008448563513513513,
      "iterations": 1184000
    },
    "dense_quantifiers": {
      "time_ns": 19506.981553398058,
      "time_ms": 0.01950698155339806,
      "iterations": 5150
    },
    "simple_phone": {
      "time_ns": 113908.13444444444,
      "time_ms": 0.11390813444444443,
      "iterations": 900
    },
    "wildcard_match_any": {
      "time_ns": 46.108758414015675,
      "time_ms": 0.00004610875841401568,
      "iterations": 2169000
    },
    "dfa_digits_only": {
      "time_ns": 47836.80571428572,
      "time_ms": 0.04783680571428572,
      "iterations": 2100
    },
    "quantifier_zero_or_more": {
      "time_ns": 14.639784804567412,
      "time_ms": 0.000014639784804567412,
      "iterations": 6831000
    },
    "quad_quantifiers": {
      "time_ns": 16502.7237704918,
      "time_ms": 0.016502723770491803,
      "iterations": 6100
    },
    "optimize_extreme_quantifiers": {
      "time_ns": 257.5256885456885,
      "time_ms": 0.00025752568854568855,
      "iterations": 388500
    },
    "optimize_range_quantifier": {
      "time_ns": 30155.1075,
      "time_ms": 0.0301551075,
      "iterations": 4000
    },
    "optimize_multiple_quantifiers": {
      "time_ns": 15152.534696969697,
      "time_ms": 0.015152534696969698,
      "iterations": 6600
    },
    "complex_email_extraction": {
      "time_ns": 692.5023608418721,
      "time_ms": 0.000692502360841872,
      "iterations": 144440
    },
    "dual_quantifiers": {
      "time_ns": 25089.60098765432,
      "time_ms": 0.025089600987654323,
      "iterations": 4050
    },
    "simd_alphanumeric_large": {
      "time_ns": 11.502586785985416,
      "time_ms": 0.000011502586785985417,
      "iterations": 8693800
    },
    "anchor_start": {
      "time_ns": 23.18441655076495,
      "time_ms": 0.000023184416550764954,
      "iterations": 4314000
    },
    "match_all_simple": {
      "time_ns": 9981.206764705881,
      "time_ms": 0.009981206764705881,
      "iterations": 10200
    },
    "multi_format_phone": {
      "time_ns": 170865.10166666668,
      "time_ms": 0.17086510166666666,
      "iterations": 600
    },
    "literal_prefix_medium": {
      "time_ns": 4028.4632210763775,
      "time_ms": 0.004028463221076377,
      "iterations": 24824
    },
    "range_quantifiers": {
      "time_ns": 47170.93818181819,