{
  "engine": "rust",
  "timestamp": "2026-04-02T19:58:16.764152183+00:00",
  "results": {
    "alternation_common_prefix": {
      "time_ns": 5127.088082901555,
      "time_ms": 0.005127088082901555,
      "iterations": 99202
    },
    "literal_prefix_short": {
      "time_ns": 570.3324697754749,
      "time_ms": 0.0005703324697754749,
      "iterations": 830286
    },
    "literal_match_short": {
      "time_ns": 536.661,
      "time_ms": 0.000536661,
      "iterations": 870000
    },
    "simd_alphanumeric_xlarge": {
      "time_ns": 110.5301818181818,
      "time_ms": 0.00011053018181818182,
      "iterations": 4532000
    },
    "predefined_word": {
      "time_ns": 108575.756,
      "time_ms": 0.108575756,
      "iterations": 5000
    },
    "dual_quantifiers": {
      "time_ns": 40894.96,
      "time_ms": 0.04089496,
      "iterations": 12750
    },
    "optimize_extreme_quantifiers": {
      "time_ns": 330.5493333333333,
      "time_ms": 0.0003305493333333333,
      "iterations": 1437000
    },
    "quantifier_zero_or_one": {
      "time_ns": 81.70055555555557,
      "time_ms": 0.00008170055555555557,
      "iterations": 5571000
    },
    "dfa_dot_phone": {
      "time_ns": 60144.61,
      "time_ms": 0.06014461,
      "iterations": 8700
    },
    "range_lowercase": {
      "time_ns": 96.79233333333333,
      "time_ms": 0.00009679233333333332,
      "iterations": 4923000
    },
    "literal_match_long": {
      "time_ns": 5808.167,
      "time_ms": 0.005808167,
      "iterations": 86000
    },
    "is_match_predefined_digits": {
      "time_ns": 33.30896774193548,
      "time_ms": 0.00003330896774193549,
      "iterations": 14446000
    },
    "literal_prefix_long": {
      "time_ns": 40046.63636363636,
      "time_ms": 0.04004663636363636,
      "iterations": 12298
    },
    "range_quantifiers": {
      "time_ns": 53388.12,
      "time_ms": 0.05338812,
      "iterations": 9400
    },
    "dfa_simple_phone": {
      "time_ns": 181451.595,
      "time_ms": 0.181451595,
      "iterations": 2800
    },
    "required_literal_long": {
      "time_ns": 1447.6530612244899,
      "time_ms": 0.0014476530612244898,
      "iterations": 352506
    },
    "predefined_digits": {
      "time_ns": 71.985,
      "time_ms": 0.000071985,
      "iterations": 6511000
    },
    "simd_alphanumeric_large": {
      "time_ns": 88.29577586206896,
      "time_ms": 0.00008829577586206898,
      "iterations": 5649200
    },
    "required_literal_short": {
      "time_ns": 454.3155877342419,
      "time_ms": 0.00045431558773424187,
      "iterations": 1110604
    },
    "complex_number_extraction": {
      "time_ns": 136848.593,
      "time_ms": 0.136848593,
      "iterations": 4000
    },
    "optimize_phone_quantifiers": {
      "time_ns": 81101.31666666667,
      "time_ms": 0.08110131666666666,
      "iterations": 6600
    },
    "phone_validation": {
      "time_ns": 30.764375,
      "time_ms": 0.000030764375,
      "iterations": 15312000
    },
    "mixed_range_quantifiers": {
      "time_ns": 9129.34,
      "time_ms": 0.009129340000000001,
      "iterations": 55650
    },
    "flexible_datetime": {
      "time_ns": 83581.38,
      "time_ms": 0.08358138,
      "iterations": 5900
    },
    "alternation_quantifiers": {
      "time_ns": 95182.64,
      "time_ms": 0.09518264,
      "iterations": 5175
    },
    "match_all_simple": {
      "time_ns": 8906.835,
      "time_ms": 0.008906835,
      "iterations": 57200
    },
    "dfa_paren_phone": {
      "time_ns": 31633.35,
      "time_ms": 0.03163335,
      "iterations": 14700
    },
    "group_alternation": {
      "time_ns": 124.566625,
      "time_ms": 0.000124566625,
      "iterations": 3528000
    },
    "simd_multi_char_class": {
      "time_ns": 118.572,
      "time_ms": 0.000118572,
      "iterations": 4090000
    },
    "no_literal_baseline": {
      "time_ns": 12977.208695652174,
      "time_ms": 0.012977208695652174,
      "iterations": 41515
    },
    "simple_phone": {
      "time_ns": 193952.5,
      "time_ms": 0.1939525,
      "iterations": 2600
    },
    "anchor_end": {
      "time_ns": 50.40715,
      "time_ms": 0.000050407150000000004,
      "iterations": 10340000
    },
    "literal_heavy_alternation": {
      "time_ns": 103.07088888888889,
      "time_ms": 0.00010307088888888889,
      "iterations": 4554000
    },
    "quantifier_one_or_more": {
      "time_ns": 94.00025,
      "time_ms": 0.00009400025,
      "iterations": 5152000
    },
    "quad_quantifiers": {
      "time_ns": 24786.3,
      "time_ms": 0.024786299999999997,
      "iterations": 20800
    },
    "complex_email_extraction": {
      "time_ns": 776.4192567567568,
      "time_ms": 0.0007764192567567567,
      "iterations": 651200
    },
    "alternation_words": {
      "time_ns": 51.51056666666666,
      "time_ms": 0.00005151056666666667,
      "iterations": 9630000
    },
    "is_match_lowercase": {
      "time_ns": 26.018478260869564,
      "time_ms": 0.000026018478260869564,
      "iterations": 21206000
    },
    "group_quantified": {
      "time_ns": 87986.506,
      "time_ms": 0.087986506,
      "iterations": 6000
    },
    "simd_negated_alphanumeric": {
      "time_ns": 89.54386029411766,
      "time_ms": 0.00008954386029411766,
      "iterations": 5739200
    },
    "flexible_phone": {
      "time_ns": 387202.04,
      "time_ms": 0.38720204,
      "iterations": 1400
    },
    "multi_format_phone": {
      "time_ns": 322537.76,
      "time_ms": 0.32253776,
      "iterations": 1400
    },
    "grouped_quantifiers": {
      "time_ns": 20123.075,
      "time_ms": 0.020123075,
      "iterations": 25400
    },
    "optimize_range_quantifier": {
      "time_ns": 50007.916,
      "time_ms": 0.050007916,
      "iterations": 11000
    },
    "deep_nested_groups_depth4": {
      "time_ns": 45.02609523809524,
      "time_ms": 0.00004502609523809524,
      "iterations": 11214000
    },
    "ultra_dense_quantifiers": {
      "time_ns": 60434.84,
      "time_ms": 0.060434840000000004,
      "iterations": 7625
    },
    "complex_group_5_children": {
      "time_ns": 137.789625,
      "time_ms": 0.000137789625,
      "iterations": 3656000
    },
    "range_digits": {
      "time_ns": 114.13327777777778,
      "time_ms": 0.00011413327777777778,
      "iterations": 4356000
    },
    "datetime_quantifiers": {
      "time_ns": 77047.01,
      "time_ms": 0.07704701,
      "iterations": 5900
    },
    "dense_quantifiers": {
      "time_ns": 42586.84,
      "time_ms": 0.042586839999999994,
      "iterations": 10950
    },
    "large_8_alternations": {
      "time_ns": 111.03377777777779,
      "time_ms": 0.00011103377777777779,
      "iterations": 4689000
    },
    "wildcard_match_any": {
      "time_ns": 106996.998,
      "time_ms": 0.10699699800000001,
      "iterations": 5000
    },
    "literal_prefix_medium": {
      "time_ns": 4516.183486238532,
      "time_ms": 0.004516183486238532,
      "iterations": 112488
    },
    "is_match_predefined_word": {
      "time_ns": 26.83191304347826,
      "time_ms": 0.00002683191304347826,
      "iterations": 17020000
    },
    "national_phone_validation": {
      "time_ns": 94977.3,
      "time_ms": 0.0949773,
      "iterations": 4930
    },
    "single_quantifier_digits": {
      "time_ns": 23967.2925,
      "time_ms": 0.0239672925,
      "iterations": 20400
    },
    "optimize_multiple_quantifiers": {
      "time_ns": 31855.295,
      "time_ms": 0.031855295,
      "iterations": 15800
    },
    "dfa_digits_only": {
      "time_ns": 79091.285,
      "time_ms": 0.079091285,
      "iterations": 6000
    },
    "optimize_large_quantifiers": {
      "time_ns": 19387.89,
      "time_ms": 0.01938789,
      "iterations": 28900
    },
    "single_quantifier_alpha": {
      "time_ns": 53067.16,
      "time_ms": 0.053067159999999995,
      "iterations": 8800
    },
    "is_match_digits": {
      "time_ns": 86.82541666666667,
      "time_ms": 0.00008682541666666667,
      "iterations": 5892000
    },