{
  "engine": "rust",
  "timestamp": "2026-03-30T07:17:36.369087633+00:00",
  "results": {
    "optimize_large_quantifiers": {
      "time_ns": 19756.54,
      "time_ms": 0.01975654,
      "iterations": 24700
    },
    "quantifier_zero_or_more": {
      "time_ns": 58.9425,
      "time_ms": 0.0000589425,
      "iterations": 8556000
    },
    "grouped_quantifiers": {
      "time_ns": 17688.59,
      "time_ms": 0.01768859,
      "iterations": 27500
    },
    "predefined_word": {
      "time_ns": 50236.778,
      "time_ms": 0.050236778,
      "iterations": 10000
    },
    "range_alphanumeric": {
      "time_ns": 49837.75,
      "time_ms": 0.04983775,
      "iterations": 11000
    },
    "is_match_digits": {
      "time_ns": 65.20021052631579,
      "time_ms": 0.0000652002105263158,
      "iterations": 6764000
    },
    "datetime_quantifiers": {
      "time_ns": 98027.56,
      "time_ms": 0.09802756,
      "iterations": 5200
    },
    "simd_alphanumeric_xlarge": {
      "time_ns": 101.4518,
      "time_ms": 0.0001014518,
      "iterations": 4990000
    },
    "literal_heavy_alternation": {
      "time_ns": 98.87983333333334,
      "time_ms": 0.00009887983333333334,
      "iterations": 4776000
    },
    "match_all_pattern": {
      "time_ns": 60332.22,
      "time_ms": 0.060332220000000006,
      "iterations": 9000
    },
    "range_lowercase": {
      "time_ns": 60.05696428571429,
      "time_ms": 0.00006005696428571429,
      "iterations": 7224000
    },
    "match_all_simple": {
      "time_ns": 6594.28,
      "time_ms": 0.00659428,
      "iterations": 68800
    },
    "flexible_datetime": {
      "time_ns": 35800.81,
      "time_ms": 0.035800809999999995,
      "iterations": 14100
    },
    "literal_match_short": {
      "time_ns": 682.1275,
      "time_ms": 0.0006821275,
      "iterations": 720000
    },
    "mixed_range_quantifiers": {
      "time_ns": 9096.568888888889,
      "time_ms": 0.009096568888888889,
      "iterations": 52875
    },
    "alternation_quantifiers": {
      "time_ns": 116148.54666666666,
      "time_ms": 0.11614854666666666,
      "iterations": 4125
    },
    "phone_validation": {
      "time_ns": 21.550244444444445,
      "time_ms": 0.000021550244444444445,
      "iterations": 22815000
    },
    "optimize_range_quantifier": {
      "time_ns": 55558.288,
      "time_ms": 0.055558288,
      "iterations": 10000
    },
    "literal_prefix_medium": {
      "time_ns": 6104.7474999999995,
      "time_ms": 0.0061047474999999995,
      "iterations": 84000
    },
    "range_quantifiers": {
      "time_ns": 38188.34,
      "time_ms": 0.03818834,
      "iterations": 13200
    },
    "optimize_multiple_quantifiers": {
      "time_ns": 33377.22,
      "time_ms": 0.03337722,
      "iterations": 14400
    },
    "national_phone_validation": {
      "time_ns": 96035.9,
      "time_ms": 0.0960359,
      "iterations": 5400
    },
    "quantifier_zero_or_one": {
      "time_ns": 85.05490909090909,
      "time_ms": 0.00008505490909090908,
      "iterations": 5709000
    },
    "single_quantifier_digits": {
      "time_ns": 29725.625,
      "time_ms": 0.029725625,
      "iterations": 17400
    },
    "alternation_words": {
      "time_ns": 25.277428571428572,
      "time_ms": 0.00002527742857142857,
      "iterations": 17325000
    },
    "dual_quantifiers": {
      "time_ns": 29408.1,
      "time_ms": 0.029408100000000003,
      "iterations": 16950
    },
    "dfa_digits_only": {
      "time_ns": 61480.75,
      "time_ms": 0.06148075,
      "iterations": 8100
    },
    "dfa_simple_phone": {
      "time_ns": 93541.3,
      "time_ms": 0.0935413,
      "iterations": 5300
    },
    "required_literal_long": {
      "time_ns": 1119.7250237868695,
      "time_ms": 0.0011197250237868696,
      "iterations": 415145
    },
    "literal_match_long": {
      "time_ns": 4794.61525,
      "time_ms": 0.004794615249999999,
      "iterations": 104000
    },
    "literal_prefix_short": {
      "time_ns": 369.982245681382,
      "time_ms": 0.00036998224568138196,
      "iterations": 1381692
    },
    "no_literal_baseline": {
      "time_ns": 10582.0,
      "time_ms": 0.010582,
      "iterations": 45144
    },
    "dfa_dot_phone": {
      "time_ns": 38510.74,
      "time_ms": 0.03851074,
      "iterations": 11700
    },
    "group_alternation": {
      "time_ns": 89.20833333333334,
      "time_ms": 0.00008920833333333335,
      "iterations": 5448000
    },
    "complex_number_extraction": {
      "time_ns": 69194.354,
      "time_ms": 0.069194354,
      "iterations": 7000
    },
    "simd_alphanumeric_large": {
      "time_ns": 72.64818584070797,
      "time_ms": 0.00007264818584070796,
      "iterations": 6870400
    },
    "multi_format_phone": {
      "time_ns": 306816.8,
      "time_ms": 0.3068168,
      "iterations": 1650
    },
    "single_quantifier_alpha": {
      "time_ns": 57746.6525,
      "time_ms": 0.0577466525,
      "iterations": 8800
    },
    "dense_quantifiers": {
      "time_ns": 18314.57,
      "time_ms": 0.01831457,
      "iterations": 24900
    },
    "ultra_dense_quantifiers": {
      "time_ns": 72900.64,
      "time_ms": 0.07290064,
      "iterations": 6300
    },
    "alternation_simple": {
      "time_ns": 42.00646428571429,
      "time_ms": 0.000042006464285714296,
      "iterations": 11368000
    },
    "optimize_extreme_quantifiers": {
      "time_ns": 310.493,
      "time_ms": 0.000310493,
      "iterations": 1572000
    },
    "predefined_digits": {
      "time_ns": 46.49068181818182,
      "time_ms": 0.00004649068181818181,
      "iterations": 8734000
    },
    "literal_prefix_long": {
      "time_ns": 45972.529411764706,
      "time_ms": 0.045972529411764704,
      "iterations": 10302
    },
    "anchor_start": {
      "time_ns": 41.70751315789473,
      "time_ms": 0.000041707513157894736,
      "iterations": 12388000
    },
    "complex_email_extraction": {
      "time_ns": 665.9714285714285,
      "time_ms": 0.0006659714285714286,
      "iterations": 746760
    },
    "deep_nested_groups_depth4": {
      "time_ns": 22.981238636363635,
      "time_ms": 0.000022981238636363636,
      "iterations": 19888000
    },
    "flexible_phone": {
      "time_ns": 301298.71,
      "time_ms": 0.30129871,
      "iterations": 1700
    },
    "quad_quantifiers": {
      "time_ns": 11519.875,
      "time_ms": 0.011519874999999999,
      "iterations": 37000
    },
    "quantifier_one_or_more": {
      "time_ns": 88.1391875,
      "time_ms": 0.00008813918749999999,
      "iterations": 5888000
    },
    "required_literal_short": {
      "time_ns": 235.96923076923076,
      "time_ms": 0.00023596923076923075,
      "iterations": 2021760
    },
    "simd_multi_char_class": {
      "time_ns": 49.119081632653064,
      "time_ms": 0.00004911908163265306,
      "iterations": 9937200
    },
    "simple_phone": {
      "time_ns": 131964.09,
      "time_ms": 0.13196408999999998,
      "iterations": 3900
    },
    "is_match_lowercase": {
      "time_ns": 20.010458333333332,
      "time_ms": 0.000020010458333333332,
      "iterations": 24336000
    },
    "range_digits": {
      "time_ns": 60.806,
      "time_ms": 0.000060806,
      "iterations": 7584000
    },
    "is_match_alphanumeric": {
      "time_ns": 22.4089358974359,
      "time_ms": 0.000022408935897435898,
      "iterations": 21606000
    },
    "anchor_end": {
      "time_ns": 44.3845,
      "time_ms": 0.0000443845,
      "iterations": 11550000
    },
    "is_match_predefined_word": {
      "time_ns": 19.27409259259259,
      "time_ms": 0.000019274092592592592,
      "iterations": 23220000
    },
    "triple_quantifiers": {
      "time_ns": 16563.74,
      "time_ms": 0.01656374,
      "iterations": 29800
    },
    "complex_group_5_children": {
      "time_ns": 117.3427142857143,
      "time_ms": 0.00011734271428571429,
      "iterations": 4207000
    },
    "dfa_paren_phone": {
      "time_ns": 19756.825,
      "time_ms": 0.019756825,
      "iterations": 25400
    },