{
  "engine": "rust",
  "timestamp": "2026-04-02T20:05:34.403489292+00:00",
  "results": {
    "dfa_simple_phone": {
      "time_ns": 62035.205,
      "time_ms": 0.062035204999999996,
      "iterations": 8000
    },
    "optimize_multiple_quantifiers": {
      "time_ns": 18045.375,
      "time_ms": 0.018045375,
      "iterations": 27400
    },
    "optimize_range_quantifier": {
      "time_ns": 27580.766,
      "time_ms": 0.027580766,
      "iterations": 18000
    },
    "flexible_phone": {
      "time_ns": 165092.82,
      "time_ms": 0.16509282,
      "iterations": 3100
    },
    "literal_prefix_medium": {
      "time_ns": 2541.1509971509972,
      "time_ms": 0.002541150997150997,
      "iterations": 192699
    },
    "group_quantified": {
      "time_ns": 37758.441,
      "time_ms": 0.037758441,
      "iterations": 13000
    },
    "optimize_extreme_quantifiers": {
      "time_ns": 187.07523076923079,
      "time_ms": 0.00018707523076923077,
      "iterations": 2632500
    },
    "is_match_predefined_word": {
      "time_ns": 18.220402777777778,
      "time_ms": 0.000018220402777777776,
      "iterations": 28512000
    },
    "single_quantifier_digits": {
      "time_ns": 21230.4925,
      "time_ms": 0.021230492500000003,
      "iterations": 23600
    },
    "ultra_dense_quantifiers": {
      "time_ns": 40502.42,
      "time_ms": 0.04050242,
      "iterations": 12050
    },
    "deep_nested_groups_depth4": {
      "time_ns": 21.70997142857143,
      "time_ms": 0.00002170997142857143,
      "iterations": 22680000
    },
    "is_match_lowercase": {
      "time_ns": 15.673743243243244,
      "time_ms": 0.00001567374324324324,
      "iterations": 31894000
    },
    "is_match_alphanumeric": {
      "time_ns": 12.882514285714285,
      "time_ms": 0.000012882514285714285,
      "iterations": 38850000
    },
    "match_all_simple": {
      "time_ns": 6089.56,
      "time_ms": 0.006089560000000001,
      "iterations": 79800
    },
    "dense_quantifiers": {
      "time_ns": 20186.1,
      "time_ms": 0.0201861,
      "iterations": 25300
    },
    "mixed_range_quantifiers": {
      "time_ns": 4233.598333333333,
      "time_ms": 0.004233598333333333,
      "iterations": 117600
    },
    "flexible_datetime": {
      "time_ns": 34418.77,
      "time_ms": 0.03441877,
      "iterations": 13900
    },
    "match_all_pattern": {
      "time_ns": 63115.38,
      "time_ms": 0.06311538,
      "iterations": 7800
    },
    "simd_alphanumeric_large": {
      "time_ns": 57.91683035714286,
      "time_ms": 0.00005791683035714285,
      "iterations": 8400000
    },
    "range_alphanumeric": {
      "time_ns": 47641.155,
      "time_ms": 0.047641155,
      "iterations": 11000
    },
    "required_literal_long": {
      "time_ns": 1112.2791741472172,
      "time_ms": 0.0011122791741472171,
      "iterations": 431118
    },
    "alternation_common_prefix": {
      "time_ns": 2762.9442970822283,
      "time_ms": 0.0027629442970822284,
      "iterations": 182468
    },
    "national_phone_validation": {
      "time_ns": 67209.025,
      "time_ms": 0.067209025,
      "iterations": 7520
    },
    "group_alternation": {
      "time_ns": 61.96038095238095,
      "time_ms": 0.00006196038095238095,
      "iterations": 8274000
    },
    "is_match_digits": {
      "time_ns": 27.753108108108105,
      "time_ms": 0.000027753108108108108,
      "iterations": 17501000
    },
    "alternation_simple": {
      "time_ns": 21.7033488372093,
      "time_ms": 0.000021703348837209304,
      "iterations": 23521000
    },
    "alternation_words": {
      "time_ns": 24.657966666666667,
      "time_ms": 0.000024657966666666667,
      "iterations": 18990000
    },
    "simd_multi_char_class": {
      "time_ns": 50.30402298850575,
      "time_ms": 0.00005030402298850575,
      "iterations": 9987600
    },
    "predefined_digits": {
      "time_ns": 47.073791666666665,
      "time_ms": 0.000047073791666666665,
      "iterations": 10656000
    },
    "anchor_end": {
      "time_ns": 22.9848625,
      "time_ms": 0.000022984862499999998,
      "iterations": 20640000
    },
    "range_digits": {
      "time_ns": 56.90173684210526,
      "time_ms": 0.000056901736842105265,
      "iterations": 8683000
    },
    "complex_group_5_children": {
      "time_ns": 80.14191666666667,
      "time_ms": 0.00008014191666666668,
      "iterations": 6180000
    },
    "literal_prefix_long": {
      "time_ns": 32223.696969696968,
      "time_ms": 0.03222369696969697,
      "iterations": 15939
    },
    "quad_quantifiers": {
      "time_ns": 10803.555,
      "time_ms": 0.010803555,
      "iterations": 43400
    },
    "literal_match_short": {
      "time_ns": 308.59,
      "time_ms": 0.00030858999999999997,
      "iterations": 1512000
    },
    "quantifier_one_or_more": {
      "time_ns": 50.309568181818186,
      "time_ms": 0.000050309568181818186,
      "iterations": 8844000
    },
    "complex_email_extraction": {
      "time_ns": 460.88888888888886,
      "time_ms": 0.0004608888888888889,
      "iterations": 1002240
    },
    "dual_quantifiers": {
      "time_ns": 18107.426666666666,
      "time_ms": 0.01810742666666667,
      "iterations": 26250
    },
    "complex_number_extraction": {
      "time_ns": 74416.979,
      "time_ms": 0.074416979,
      "iterations": 7000
    },
    "grouped_quantifiers": {
      "time_ns": 16152.61,
      "time_ms": 0.01615261,
      "iterations": 30900
    },
    "quantifier_zero_or_one": {
      "time_ns": 47.48955,
      "time_ms": 0.000047489550000000003,
      "iterations": 10420000
    },
    "literal_match_long": {
      "time_ns": 3099.7095,
      "time_ms": 0.0030997094999999997,
      "iterations": 134000
    },
    "no_literal_baseline": {
      "time_ns": 7527.44262295082,
      "time_ms": 0.00752744262295082,
      "iterations": 64050
    },
    "datetime_quantifiers": {
      "time_ns": 63635.63,
      "time_ms": 0.06363563,
      "iterations": 8200
    },
    "triple_quantifiers": {
      "time_ns": 8678.0175,
      "time_ms": 0.008678017500000001,
      "iterations": 55200
    },
    "dfa_dot_phone": {
      "time_ns": 38331.685,
      "time_ms": 0.038331685000000004,
      "iterations": 12200
    },
    "literal_heavy_alternation": {
      "time_ns": 69.48444444444443,
      "time_ms": 0.00006948444444444444,
      "iterations": 7128000
    },
    "wildcard_match_any": {
      "time_ns": 51336.07,
      "time_ms": 0.05133607,
      "iterations": 10000
    },
    "predefined_word": {
      "time_ns": 46293.045,
      "time_ms": 0.046293045,
      "iterations": 10000
    },
    "literal_prefix_short": {
      "time_ns": 248.11214310285519,
      "time_ms": 0.0002481121431028552,
      "iterations": 1962225
    },
    "multi_format_phone": {
      "time_ns": 304143.6,
      "time_ms": 0.30414359999999996,
      "iterations": 1750
    },
    "large_8_alternations": {
      "time_ns": 59.50683333333333,
      "time_ms": 0.00005950683333333334,
      "iterations": 8442000
    },
    "simd_alphanumeric_xlarge": {
      "time_ns": 61.24095890410959,
      "time_ms": 0.00006124095890410959,
      "iterations": 8132200
    },
    "dfa_paren_phone": {
      "time_ns": 12261.35,
      "time_ms": 0.012261349999999999,
      "iterations": 32400
    },
    "phone_validation": {
      "time_ns": 24.317919999999997,
      "time_ms": 0.00002431792,
      "iterations": 17650000
    },
    "quantifier_zero_or_more": {
      "time_ns": 47.447782608695654,
      "time_ms": 0.00004744778260869566,
      "iterations": 10465000
    },
    "required_literal_short": {
      "time_ns": 226.76156116759594,
      "time_ms": 0.00022676156116759595,
      "iterations": 2204427
    },
    "range_quantifiers": {
      "time_ns": 36654.35,
      "time_ms": 0.03665435,
      "iterations": 13500
    },
    "alternation_quantifiers": {
      "time_ns": 77938.47333333333,
      "time_ms": 0.07793847333333333,
      "iterations": 6150
    },
    "anchor_start": {
      "time_ns": 47.816222222222216,