{
  "engine": "rust",
  "timestamp": "2026-03-31T16:01:48.825513504+00:00",
  "results": {
    "phone_validation": {
      "time_ns": 28.571571428571428,
      "time_ms": 0.000028571571428571427,
      "iterations": 16905000
    },
    "quantifier_one_or_more": {
      "time_ns": 57.107454545454544,
      "time_ms": 0.000057107454545454546,
      "iterations": 7920000
    },
    "literal_prefix_long": {
      "time_ns": 27799.68,
      "time_ms": 0.02779968,
      "iterations": 17350
    },
    "no_literal_baseline": {
      "time_ns": 8754.645061728395,
      "time_ms": 0.008754645061728395,
      "iterations": 57024
    },
    "range_alphanumeric": {
      "time_ns": 88036.434,
      "time_ms": 0.088036434,
      "iterations": 7000
    },
    "group_alternation": {
      "time_ns": 76.1975,
      "time_ms": 0.0000761975,
      "iterations": 5320000
    },
    "quad_quantifiers": {
      "time_ns": 11939.125,
      "time_ms": 0.011939125,
      "iterations": 34400
    },
    "dfa_paren_phone": {
      "time_ns": 16574.0,
      "time_ms": 0.016574,
      "iterations": 27100
    },
    "simd_alphanumeric_xlarge": {
      "time_ns": 109.6321186440678,
      "time_ms": 0.00010963211864406779,
      "iterations": 3658000
    },
    "literal_prefix_medium": {
      "time_ns": 4047.2623853211007,
      "time_ms": 0.004047262385321101,
      "iterations": 118810
    },
    "optimize_phone_quantifiers": {
      "time_ns": 60280.943333333336,
      "time_ms": 0.06028094333333333,
      "iterations": 7800
    },
    "datetime_quantifiers": {
      "time_ns": 64708.56,
      "time_ms": 0.06470856,
      "iterations": 7500
    },
    "grouped_quantifiers": {
      "time_ns": 13022.68,
      "time_ms": 0.01302268,
      "iterations": 37500
    },
    "is_match_digits": {
      "time_ns": 28.190549999999998,
      "time_ms": 0.000028190549999999997,
      "iterations": 15560000
    },
    "triple_quantifiers": {
      "time_ns": 9120.77,
      "time_ms": 0.00912077,
      "iterations": 45100
    },
    "dense_quantifiers": {
      "time_ns": 22123.82,
      "time_ms": 0.02212382,
      "iterations": 20850
    },
    "optimize_multiple_quantifiers": {
      "time_ns": 32802.5525,
      "time_ms": 0.0328025525,
      "iterations": 15600
    },
    "quantifier_zero_or_one": {
      "time_ns": 47.226,
      "time_ms": 0.000047226,
      "iterations": 9024000
    },
    "multi_format_phone": {
      "time_ns": 275550.08,
      "time_ms": 0.27555008000000003,
      "iterations": 1950
    },
    "single_quantifier_alpha": {
      "time_ns": 39495.97,
      "time_ms": 0.03949597,
      "iterations": 11000
    },
    "is_match_predefined_word": {
      "time_ns": 15.025514705882353,
      "time_ms": 0.000015025514705882352,
      "iterations": 25228000
    },
    "alternation_simple": {
      "time_ns": 30.8945,
      "time_ms": 0.0000308945,
      "iterations": 16096000
    },
    "complex_group_5_children": {
      "time_ns": 78.12975,
      "time_ms": 0.00007812975,
      "iterations": 5776000
    },
    "dual_quantifiers": {
      "time_ns": 19186.736666666668,
      "time_ms": 0.019186736666666666,
      "iterations": 22800
    },
    "is_match_lowercase": {
      "time_ns": 13.97827027027027,
      "time_ms": 0.000013978270270270271,
      "iterations": 30044000
    },
    "simd_multi_char_class": {
      "time_ns": 92.83740909090909,
      "time_ms": 0.00009283740909090909,
      "iterations": 5984000
    },
    "national_phone_validation": {
      "time_ns": 108255.9,
      "time_ms": 0.1082559,
      "iterations": 4700
    },
    "flexible_datetime": {
      "time_ns": 50689.295,
      "time_ms": 0.050689295,
      "iterations": 9600
    },
    "dfa_digits_only": {
      "time_ns": 62070.715,
      "time_ms": 0.062070715,
      "iterations": 7400
    },
    "complex_number_extraction": {
      "time_ns": 139907.173,
      "time_ms": 0.139907173,
      "iterations": 4000
    },
    "range_lowercase": {
      "time_ns": 63.458619047619045,
      "time_ms": 0.00006345861904761903,
      "iterations": 7035000
    },
    "predefined_word": {
      "time_ns": 51642.848,
      "time_ms": 0.051642848,
      "iterations": 8000
    },
    "required_literal_long": {
      "time_ns": 940.828193832599,
      "time_ms": 0.0009408281938325991,
      "iterations": 510296
    },
    "match_all_simple": {
      "time_ns": 7556.15,
      "time_ms": 0.00755615,
      "iterations": 57400
    },
    "anchor_start": {
      "time_ns": 51.559145833333325,
      "time_ms": 0.00005155914583333333,
      "iterations": 10128000
    },
    "alternation_words": {
      "time_ns": 25.51618604651163,
      "time_ms": 0.000025516186046511633,
      "iterations": 18533000
    },
    "complex_email_extraction": {
      "time_ns": 612.901024590164,
      "time_ms": 0.000612901024590164,
      "iterations": 824720
    },
    "dfa_simple_phone": {
      "time_ns": 81207.27,
      "time_ms": 0.08120727,
      "iterations": 5300
    },
    "alternation_common_prefix": {
      "time_ns": 1945.0014836795253,
      "time_ms": 0.0019450014836795253,
      "iterations": 206918
    },
    "required_literal_short": {
      "time_ns": 411.75591246028944,
      "time_ms": 0.00041175591246028943,
      "iterations": 1252186
    },
    "simple_phone": {
      "time_ns": 130251.515,
      "time_ms": 0.13025151499999998,
      "iterations": 3000
    },
    "literal_match_short": {
      "time_ns": 515.483,
      "time_ms": 0.0005154830000000001,
      "iterations": 858000
    },
    "is_match_predefined_digits": {
      "time_ns": 13.376602564102564,
      "time_ms": 0.000013376602564102564,
      "iterations": 32526000
    },
    "predefined_digits": {
      "time_ns": 67.39007142857142,
      "time_ms": 0.00006739007142857142,
      "iterations": 5684000
    },
    "mixed_range_quantifiers": {
      "time_ns": 6566.662222222222,
      "time_ms": 0.006566662222222222,
      "iterations": 63900
    },
    "alternation_quantifiers": {
      "time_ns": 156193.28,
      "time_ms": 0.15619328000000002,
      "iterations": 3375
    },
    "flexible_phone": {
      "time_ns": 358704.865,
      "time_ms": 0.358704865,
      "iterations": 1400
    },
    "anchor_end": {
      "time_ns": 19.705321428571427,
      "time_ms": 0.000019705321428571427,
      "iterations": 25144000
    },
    "literal_heavy_alternation": {
      "time_ns": 70.03739999999999,
      "time_ms": 0.0000700374,
      "iterations": 6345000
    },
    "single_quantifier_digits": {
      "time_ns": 32348.3,
      "time_ms": 0.0323483,
      "iterations": 18200
    },
    "wildcard_match_any": {
      "time_ns": 53638.973,
      "time_ms": 0.053638973,
      "iterations": 10000
    },
    "simd_alphanumeric_large": {
      "time_ns": 67.78254385964912,
      "time_ms": 0.00006778254385964912,
      "iterations": 7330200
    },
    "match_all_pattern": {
      "time_ns": 61324.92,
      "time_ms": 0.06132492,
      "iterations": 7600
    },
    "group_quantified": {
      "time_ns": 45865.383,
      "time_ms": 0.045865383,
      "iterations": 10000
    },
    "large_8_alternations": {
      "time_ns": 60.5965,
      "time_ms": 0.000060596499999999995,
      "iterations": 7300000
    },
    "literal_match_long": {
      "time_ns": 3532.29375,
      "time_ms": 0.00353229375,
      "iterations": 140000
    },
    "ultra_dense_quantifiers": {
      "time_ns": 76197.76,
      "time_ms": 0.07619776,
      "iterations": 6375
    },
    "is_match_alphanumeric": {
      "time_ns": 15.08154054054054,
      "time_ms": 0.00001508154054054054,
      "iterations": 27528000
    },
    "range_quantifiers": {
      "time_ns": 36320.14,
      "time_ms": 0.03632014,
      "iterations": 12700
    },
    "quantifier_zero_or_more": {
      "time_ns": 47.644625,
      "time_ms": 0.000047644625,
      "iterations": 9240000
    },
    "optimize_large_quantifiers": {
      "time_ns": 12057.15,
      "time_ms": 0.01205715,
      "iterations": 33700
    },