{
  "engine": "rust",
  "timestamp": "2026-04-14T21:19:30.399605802+00:00",
  "results": {
    "quad_quantifiers": {
      "time_ns": 9605.87,
      "time_ms": 0.009605869999999999,
      "iterations": 43900
    },
    "simd_multi_char_class": {
      "time_ns": 43.10891304347826,
      "time_ms": 0.00004310891304347826,
      "iterations": 9315000
    },
    "is_match_predefined_digits": {
      "time_ns": 11.658188235294118,
      "time_ms": 0.000011658188235294118,
      "iterations": 41990000
    },
    "complex_number_extraction": {
      "time_ns": 57560.312,
      "time_ms": 0.057560312,
      "iterations": 7500
    },
    "predefined_word": {
      "time_ns": 39410.0305,
      "time_ms": 0.0394100305,
      "iterations": 12000
    },
    "range_digits": {
      "time_ns": 63.828,
      "time_ms": 0.000063828,
      "iterations": 7014000
    },
    "alternation_words": {
      "time_ns": 20.70254807692308,
      "time_ms": 0.000020702548076923075,
      "iterations": 21944000
    },
    "sub_literal": {
      "time_ns": 1212.3557142857144,
      "time_ms": 0.0012123557142857144,
      "iterations": 390600
    },
    "nanpa_findall": {
      "time_ns": 8545.657534246575,
      "time_ms": 0.008545657534246576,
      "iterations": 51538
    },
    "datetime_quantifiers": {
      "time_ns": 43838.74,
      "time_ms": 0.043838739999999994,
      "iterations": 8900
    },
    "complex_group_5_children": {
      "time_ns": 64.345,
      "time_ms": 0.000064345,
      "iterations": 6606000
    },
    "is_match_alphanumeric": {
      "time_ns": 13.688074074074073,
      "time_ms": 0.000013688074074074072,
      "iterations": 32508000
    },
    "national_phone_validation": {
      "time_ns": 41503.9,
      "time_ms": 0.041503899999999996,
      "iterations": 11700
    },
    "nanpa_search": {
      "time_ns": 48.41240566037735,
      "time_ms": 0.00004841240566037735,
      "iterations": 9031200
    },
    "alternation_simple": {
      "time_ns": 17.2404375,
      "time_ms": 0.0000172404375,
      "iterations": 24992000
    },
    "range_lowercase": {
      "time_ns": 40.9259,
      "time_ms": 0.0000409259,
      "iterations": 11850000
    },
    "match_all_pattern": {
      "time_ns": 40268.7375,
      "time_ms": 0.0402687375,
      "iterations": 12000
    },
    "dfa_simple_phone": {
      "time_ns": 56369.8,
      "time_ms": 0.056369800000000005,
      "iterations": 8500
    },
    "triple_quantifiers": {
      "time_ns": 9555.335,
      "time_ms": 0.009555335,
      "iterations": 49000
    },
    "sparse_phone_search": {
      "time_ns": 1406.7219512195122,
      "time_ms": 0.0014067219512195121,
      "iterations": 321030
    },
    "group_quantified": {
      "time_ns": 33474.9355,
      "time_ms": 0.033474935500000004,
      "iterations": 14000
    },
    "simd_negated_alphanumeric": {
      "time_ns": 40.559295774647886,
      "time_ms": 0.000040559295774647886,
      "iterations": 11260600
    },
    "dfa_dot_phone": {
      "time_ns": 29617.04,
      "time_ms": 0.02961704,
      "iterations": 16500
    },
    "flexible_datetime": {
      "time_ns": 31029.07,
      "time_ms": 0.031029070000000002,
      "iterations": 15900
    },
    "alternation_quantifiers": {
      "time_ns": 54475.253333333334,
      "time_ms": 0.054475253333333334,
      "iterations": 9225
    },
    "dfa_digits_only": {
      "time_ns": 101473.425,
      "time_ms": 0.101473425,
      "iterations": 5600
    },
    "anchor_start": {
      "time_ns": 30.382555555555555,
      "time_ms": 0.000030382555555555554,
      "iterations": 13914000
    },
    "nanpa_match_first": {
      "time_ns": 40.35418,
      "time_ms": 0.000040354180000000006,
      "iterations": 10700000
    },
    "literal_prefix_long": {
      "time_ns": 21574.260000000002,
      "time_ms": 0.02157426,
      "iterations": 20900
    },
    "sub_limited_count": {
      "time_ns": 5316.655,
      "time_ms": 0.005316655,
      "iterations": 85000
    },
    "literal_heavy_alternation": {
      "time_ns": 55.77752631578947,
      "time_ms": 0.00005577752631578947,
      "iterations": 8132000
    },
    "no_literal_baseline": {
      "time_ns": 5116.034562211981,
      "time_ms": 0.005116034562211981,
      "iterations": 79856
    },
    "sub_char_class": {
      "time_ns": 185061.1,
      "time_ms": 0.1850611,
      "iterations": 2550
    },
    "wildcard_match_any": {
      "time_ns": 39112.07,
      "time_ms": 0.039112070000000006,
      "iterations": 13000
    },
    "ultra_dense_quantifiers": {
      "time_ns": 34667.24,
      "time_ms": 0.03466724,
      "iterations": 14075
    },
    "anchor_end": {
      "time_ns": 19.505961538461538,
      "time_ms": 0.000019505961538461537,
      "iterations": 23348000
    },
    "simple_phone": {
      "time_ns": 134603.76,
      "time_ms": 0.13460376,
      "iterations": 3400
    },
    "mixed_range_quantifiers": {
      "time_ns": 4170.386666666666,
      "time_ms": 0.004170386666666666,
      "iterations": 108450
    },
    "grouped_quantifiers": {
      "time_ns": 9724.8225,
      "time_ms": 0.0097248225,
      "iterations": 42400
    },
    "dfa_paren_phone": {
      "time_ns": 13293.19,
      "time_ms": 0.01329319,
      "iterations": 34800
    },
    "literal_match_short": {
      "time_ns": 378.725,
      "time_ms": 0.000378725,
      "iterations": 1274000
    },
    "single_quantifier_alpha": {
      "time_ns": 31051.5425,
      "time_ms": 0.0310515425,
      "iterations": 15600
    },
    "deep_nested_groups_depth4": {
      "time_ns": 21.342239999999997,
      "time_ms": 0.00002134224,
      "iterations": 19900000
    },
    "quantifier_zero_or_more": {
      "time_ns": 51.34722222222222,
      "time_ms": 0.00005134722222222222,
      "iterations": 8640000
    },
    "range_alphanumeric": {
      "time_ns": 48901.877,
      "time_ms": 0.048901876999999996,
      "iterations": 9000
    },
    "large_8_alternations": {
      "time_ns": 48.47902272727273,
      "time_ms": 0.00004847902272727272,
      "iterations": 9284000
    },
    "group_alternation": {
      "time_ns": 47.85845833333333,
      "time_ms": 0.000047858458333333324,
      "iterations": 8880000
    },
    "literal_prefix_medium": {
      "time_ns": 2195.311320754717,
      "time_ms": 0.002195311320754717,
      "iterations": 183592
    },
    "phone_validation": {
      "time_ns": 17.37487878787879,
      "time_ms": 0.000017374878787878787,
      "iterations": 23694000
    },
    "dual_quantifiers": {
      "time_ns": 14819.633333333333,
      "time_ms": 0.014819633333333334,
      "iterations": 28650
    },
    "optimize_large_quantifiers": {
      "time_ns": 9354.83,
      "time_ms": 0.00935483,
      "iterations": 45400
    },
    "flexible_phone": {
      "time_ns": 144388.33,
      "time_ms": 0.14438833,
      "iterations": 3500
    },
    "optimize_extreme_quantifiers": {
      "time_ns": 146.15457142857142,
      "time_ms": 0.0001461545714285714,
      "iterations": 3017000
    },
    "is_match_digits": {
      "time_ns": 22.640409090909092,
      "time_ms": 0.000022640409090909094,
      "iterations": 21604000
    },
    "alternation_common_prefix": {
      "time_ns": 1883.5415162454874,
      "time_ms": 0.0018835415162454874,
      "iterations": 240159
    },
    "literal_prefix_short": {
      "time_ns": 227.38929798723612,
      "time_ms": 0.0002273892979872361,
      "iterations": 2002371
    },
    "sparse_flex_phone_findall": {
      "time_ns": 29383.375,
      "time_ms": 0.029383375,
      "iterations": 14384
    },
    "single_quantifier_digits": {
      "time_ns": 18005.455,
      "time_ms": 0.018005455,
      "iterations": 25800
    },
    "quantifier_one_or_more": {
      "time_ns": 41.188919999999996,
      "time_ms": 0.000041188919999999996,
      "iterations": 12000000
    },
    "simd_alphanumeric_xlarge": {
      "time_ns": 52.03682291666666,
      "time_ms": 0.00005203682291666666,
      "iterations": 7872000
    },