{
  "engine": "rust",
  "timestamp": "2026-04-12T07:55:00.771051005+00:00",
  "results": {
    "wildcard_match_any": {
      "time_ns": 38585.656,
      "time_ms": 0.038585656,
      "iterations": 13000
    },
    "is_match_predefined_digits": {
      "time_ns": 11.171150537634409,
      "time_ms": 0.00001117115053763441,
      "iterations": 42501000
    },
    "group_quantified": {
      "time_ns": 33966.239,
      "time_ms": 0.033966239,
      "iterations": 15000
    },
    "quantifier_one_or_more": {
      "time_ns": 40.442166666666665,
      "time_ms": 0.000040442166666666664,
      "iterations": 11856000
    },
    "range_digits": {
      "time_ns": 47.42759090909091,
      "time_ms": 0.00004742759090909091,
      "iterations": 9988000
    },
    "anchor_end": {
      "time_ns": 14.313013157894737,
      "time_ms": 0.000014313013157894736,
      "iterations": 34504000
    },
    "multi_format_phone": {
      "time_ns": 144826.27,
      "time_ms": 0.14482627,
      "iterations": 3400
    },
    "optimize_large_quantifiers": {
      "time_ns": 8252.95,
      "time_ms": 0.00825295,
      "iterations": 59200
    },
    "sub_literal": {
      "time_ns": 1271.674375,
      "time_ms": 0.001271674375,
      "iterations": 374400
    },
    "grouped_quantifiers": {
      "time_ns": 7708.7975,
      "time_ms": 0.0077087975,
      "iterations": 64000
    },
    "flexible_datetime": {
      "time_ns": 23809.58,
      "time_ms": 0.02380958,
      "iterations": 20700
    },
    "range_alphanumeric": {
      "time_ns": 38783.039,
      "time_ms": 0.038783039000000005,
      "iterations": 13000
    },
    "sub_digits": {
      "time_ns": 102391.3,
      "time_ms": 0.1023913,
      "iterations": 4850
    },
    "sub_whitespace": {
      "time_ns": 27612.07,
      "time_ms": 0.027612070000000002,
      "iterations": 17200
    },
    "optimize_extreme_quantifiers": {
      "time_ns": 149.32085714285714,
      "time_ms": 0.00014932085714285714,
      "iterations": 3171000
    },
    "alternation_simple": {
      "time_ns": 16.54585593220339,
      "time_ms": 0.000016545855932203388,
      "iterations": 28674000
    },
    "literal_prefix_medium": {
      "time_ns": 2133.364406779661,
      "time_ms": 0.0021333644067796607,
      "iterations": 229864
    },
    "dfa_dot_phone": {
      "time_ns": 31899.11,
      "time_ms": 0.03189911,
      "iterations": 15700
    },
    "optimize_multiple_quantifiers": {
      "time_ns": 14632.175,
      "time_ms": 0.014632175,
      "iterations": 26000
    },
    "is_match_lowercase": {
      "time_ns": 11.19921875,
      "time_ms": 0.00001119921875,
      "iterations": 44320000
    },
    "is_match_alphanumeric": {
      "time_ns": 11.098487804878049,
      "time_ms": 0.000011098487804878049,
      "iterations": 42066000
    },
    "phone_validation": {
      "time_ns": 14.912167741935484,
      "time_ms": 0.000014912167741935483,
      "iterations": 31542500
    },
    "dense_quantifiers": {
      "time_ns": 14112.325,
      "time_ms": 0.014112324999999998,
      "iterations": 34800
    },
    "literal_match_short": {
      "time_ns": 278.799,
      "time_ms": 0.00027879900000000004,
      "iterations": 1780000
    },
    "single_quantifier_alpha": {
      "time_ns": 40815.165,
      "time_ms": 0.040815165,
      "iterations": 11800
    },
    "datetime_quantifiers": {
      "time_ns": 44098.425,
      "time_ms": 0.044098425,
      "iterations": 11000
    },
    "simd_alphanumeric_xlarge": {
      "time_ns": 50.242525252525255,
      "time_ms": 0.000050242525252525255,
      "iterations": 9999000
    },
    "optimize_range_quantifier": {
      "time_ns": 34392.1375,
      "time_ms": 0.034392137499999996,
      "iterations": 16000
    },
    "optimize_phone_quantifiers": {
      "time_ns": 28751.306666666667,
      "time_ms": 0.028751306666666667,
      "iterations": 17100
    },
    "simd_alphanumeric_large": {
      "time_ns": 50.16821428571429,
      "time_ms": 0.00005016821428571429,
      "iterations": 9842000
    },
    "simd_negated_alphanumeric": {
      "time_ns": 36.40833333333333,
      "time_ms": 0.000036408333333333335,
      "iterations": 12987000
    },
    "dfa_paren_phone": {
      "time_ns": 9973.27,
      "time_ms": 0.00997327,
      "iterations": 48200
    },
    "alternation_common_prefix": {
      "time_ns": 1782.0243243243244,
      "time_ms": 0.0017820243243243244,
      "iterations": 267880
    },
    "range_lowercase": {
      "time_ns": 39.228625,
      "time_ms": 0.000039228625,
      "iterations": 12576000
    },
    "range_quantifiers": {
      "time_ns": 30403.91,
      "time_ms": 0.03040391,
      "iterations": 16100
    },
    "flexible_phone": {
      "time_ns": 143454.44,
      "time_ms": 0.14345444000000002,
      "iterations": 3500
    },
    "dfa_simple_phone": {
      "time_ns": 53074.115,
      "time_ms": 0.053074115,
      "iterations": 9400
    },
    "dual_quantifiers": {
      "time_ns": 13765.243333333334,
      "time_ms": 0.013765243333333333,
      "iterations": 35700
    },
    "single_quantifier_digits": {
      "time_ns": 12904.9775,
      "time_ms": 0.012904977500000001,
      "iterations": 39200
    },
    "complex_number_extraction": {
      "time_ns": 57938.932,
      "time_ms": 0.057938932,
      "iterations": 8500
    },
    "match_all_pattern": {
      "time_ns": 41365.285,
      "time_ms": 0.041365285,
      "iterations": 11400
    },
    "mixed_range_quantifiers": {
      "time_ns": 4236.35,
      "time_ms": 0.00423635,
      "iterations": 118500
    },
    "ultra_dense_quantifiers": {
      "time_ns": 33579.6,
      "time_ms": 0.0335796,
      "iterations": 14450
    },
    "dfa_digits_only": {
      "time_ns": 45611.7,
      "time_ms": 0.0456117,
      "iterations": 11000
    },
    "predefined_word": {
      "time_ns": 39093.148,
      "time_ms": 0.039093148,
      "iterations": 13000
    },
    "quantifier_zero_or_one": {
      "time_ns": 41.648666666666664,
      "time_ms": 0.000041648666666666666,
      "iterations": 11616000
    },
    "no_literal_baseline": {
      "time_ns": 7168.037974683544,
      "time_ms": 0.007168037974683544,
      "iterations": 64622
    },
    "large_8_alternations": {
      "time_ns": 47.03028571428571,
      "time_ms": 0.000047030285714285715,
      "iterations": 10584000
    },
    "national_phone_validation": {
      "time_ns": 41474.46666666667,
      "time_ms": 0.04147446666666667,
      "iterations": 11610
    },
    "anchor_start": {
      "time_ns": 26.571952380952382,
      "time_ms": 0.00002657195238095238,
      "iterations": 17976000
    },
    "is_match_digits": {
      "time_ns": 22.09632608695652,
      "time_ms": 0.000022096326086956523,
      "iterations": 21298000
    },
    "literal_prefix_long": {
      "time_ns": 20971.81081081081,
      "time_ms": 0.02097181081081081,
      "iterations": 22829
    },
    "quantifier_zero_or_more": {
      "time_ns": 40.177428571428564,
      "time_ms": 0.00004017742857142857,
      "iterations": 11984000
    },
    "literal_heavy_alternation": {
      "time_ns": 52.9285,
      "time_ms": 0.00005292850000000001,
      "iterations": 9340000
    },
    "group_alternation": {
      "time_ns": 42.317482142857145,
      "time_ms": 0.00004231748214285715,
      "iterations": 11312000
    },
    "alternation_words": {
      "time_ns": 19.79876923076923,
      "time_ms": 0.00001979876923076923,
      "iterations": 25064000
    },
    "quad_quantifiers": {
      "time_ns": 8222.025,
      "time_ms": 0.008222024999999999,
      "iterations": 58800
    },
    "simd_multi_char_class": {
      "time_ns": 41.343503937007874,
      "time_ms": 0.00004134350393700787,
      "iterations": 11963400
    },
    "complex_email_extraction": {
      "time_ns": 315.1915697674418,
      "time_ms": 0.00031519156976744187,
      "iterations": 1582400
    },
    "complex_group_5_children": {
      "time_ns": 56.77027777777778,
      "time_ms": 0.00005677027777777778,
      "iterations": 8406000
    },