{
  "engine": "rust",
  "timestamp": "2026-04-01T00:07:01.448956154+00:00",
  "results": {
    "optimize_multiple_quantifiers": {
      "time_ns": 23824.06,
      "time_ms": 0.02382406,
      "iterations": 21200
    },
    "alternation_quantifiers": {
      "time_ns": 95322.08,
      "time_ms": 0.09532207999999999,
      "iterations": 5325
    },
    "is_match_digits": {
      "time_ns": 44.24457692307692,
      "time_ms": 0.000044244576923076923,
      "iterations": 11362000
    },
    "literal_match_long": {
      "time_ns": 6097.5605,
      "time_ms": 0.0060975605,
      "iterations": 72000
    },
    "match_all_simple": {
      "time_ns": 11836.8875,
      "time_ms": 0.011836887499999999,
      "iterations": 42800
    },
    "alternation_words": {
      "time_ns": 51.27005263157895,
      "time_ms": 0.00005127005263157895,
      "iterations": 8987000
    },
    "dfa_dot_phone": {
      "time_ns": 51648.97,
      "time_ms": 0.051648969999999995,
      "iterations": 8700
    },
    "ultra_dense_quantifiers": {
      "time_ns": 69057.8,
      "time_ms": 0.0690578,
      "iterations": 7125
    },
    "alternation_simple": {
      "time_ns": 41.1051875,
      "time_ms": 0.0000411051875,
      "iterations": 12336000
    },
    "complex_group_5_children": {
      "time_ns": 141.54271428571428,
      "time_ms": 0.0001415427142857143,
      "iterations": 3220000
    },
    "literal_prefix_long": {
      "time_ns": 43223.71428571428,
      "time_ms": 0.04322371428571428,
      "iterations": 11781
    },
    "national_phone_validation": {
      "time_ns": 81090.6,
      "time_ms": 0.0810906,
      "iterations": 5970
    },
    "complex_email_extraction": {
      "time_ns": 698.4076530612244,
      "time_ms": 0.0006984076530612245,
      "iterations": 735000
    },
    "single_quantifier_alpha": {
      "time_ns": 47881.495,
      "time_ms": 0.047881495,
      "iterations": 9800
    },
    "range_quantifiers": {
      "time_ns": 56627.7,
      "time_ms": 0.0566277,
      "iterations": 8500
    },
    "is_match_alphanumeric": {
      "time_ns": 18.65242307692308,
      "time_ms": 0.000018652423076923078,
      "iterations": 26390000
    },
    "optimize_range_quantifier": {
      "time_ns": 49919.156,
      "time_ms": 0.049919156,
      "iterations": 11000
    },
    "dfa_paren_phone": {
      "time_ns": 16977.65,
      "time_ms": 0.01697765,
      "iterations": 29500
    },
    "flexible_datetime": {
      "time_ns": 38025.095,
      "time_ms": 0.038025095,
      "iterations": 12800
    },
    "no_literal_baseline": {
      "time_ns": 8537.881355932202,
      "time_ms": 0.008537881355932203,
      "iterations": 56935
    },
    "is_match_lowercase": {
      "time_ns": 19.86716666666667,
      "time_ms": 0.00001986716666666667,
      "iterations": 25740000
    },
    "mixed_range_quantifiers": {
      "time_ns": 8478.726666666667,
      "time_ms": 0.008478726666666667,
      "iterations": 58650
    },
    "deep_nested_groups_depth4": {
      "time_ns": 29.852758620689656,
      "time_ms": 0.000029852758620689655,
      "iterations": 15979000
    },
    "quantifier_zero_or_one": {
      "time_ns": 94.85377272727274,
      "time_ms": 0.00009485377272727273,
      "iterations": 5588000
    },
    "predefined_digits": {
      "time_ns": 78.96146428571429,
      "time_ms": 0.00007896146428571429,
      "iterations": 5432000
    },
    "datetime_quantifiers": {
      "time_ns": 83391.3,
      "time_ms": 0.0833913,
      "iterations": 5900
    },
    "is_match_predefined_digits": {
      "time_ns": 19.76137037037037,
      "time_ms": 0.00001976137037037037,
      "iterations": 22302000
    },
    "multi_format_phone": {
      "time_ns": 289445.22,
      "time_ms": 0.28944522,
      "iterations": 1650
    },
    "anchor_end": {
      "time_ns": 28.89776923076923,
      "time_ms": 0.00002889776923076923,
      "iterations": 17602000
    },
    "optimize_large_quantifiers": {
      "time_ns": 19164.255,
      "time_ms": 0.019164254999999998,
      "iterations": 26000
    },
    "range_digits": {
      "time_ns": 83.81955555555557,
      "time_ms": 0.00008381955555555556,
      "iterations": 5553000
    },
    "quantifier_zero_or_more": {
      "time_ns": 78.8705,
      "time_ms": 0.00007887049999999999,
      "iterations": 6280000
    },
    "dfa_digits_only": {
      "time_ns": 87355.37,
      "time_ms": 0.08735537,
      "iterations": 5300
    },
    "large_8_alternations": {
      "time_ns": 83.53209090909091,
      "time_ms": 0.00008353209090909092,
      "iterations": 5995000
    },
    "alternation_common_prefix": {
      "time_ns": 2967.4154518950436,
      "time_ms": 0.0029674154518950437,
      "iterations": 144746
    },
    "quantifier_one_or_more": {
      "time_ns": 91.0258125,
      "time_ms": 0.0000910258125,
      "iterations": 5664000
    },
    "predefined_word": {
      "time_ns": 66045.1525,
      "time_ms": 0.0660451525,
      "iterations": 8000
    },
    "simd_negated_alphanumeric": {
      "time_ns": 61.50098214285714,
      "time_ms": 0.00006150098214285714,
      "iterations": 7425600
    },
    "simd_multi_char_class": {
      "time_ns": 85.53453703703704,
      "time_ms": 0.00008553453703703703,
      "iterations": 5864400
    },
    "is_match_predefined_word": {
      "time_ns": 28.85734375,
      "time_ms": 0.00002885734375,
      "iterations": 15904000
    },
    "single_quantifier_digits": {
      "time_ns": 24356.395,
      "time_ms": 0.024356395000000003,
      "iterations": 20600
    },
    "simd_alphanumeric_large": {
      "time_ns": 84.80190677966101,
      "time_ms": 0.000084801906779661,
      "iterations": 5475200
    },
    "literal_prefix_short": {
      "time_ns": 446.0387573964497,
      "time_ms": 0.0004460387573964497,
      "iterations": 1047800
    },
    "literal_match_short": {
      "time_ns": 638.24075,
      "time_ms": 0.00063824075,
      "iterations": 788000
    },
    "literal_heavy_alternation": {
      "time_ns": 88.11215384615384,
      "time_ms": 0.00008811215384615383,
      "iterations": 5070000
    },
    "required_literal_short": {
      "time_ns": 320.53113553113553,
      "time_ms": 0.0003205311355311355,
      "iterations": 1440075
    },
    "group_quantified": {
      "time_ns": 76667.661,
      "time_ms": 0.076667661,
      "iterations": 7000
    },
    "dual_quantifiers": {
      "time_ns": 45818.9,
      "time_ms": 0.0458189,
      "iterations": 11100
    },
    "dense_quantifiers": {
      "time_ns": 31631.36,
      "time_ms": 0.031631360000000004,
      "iterations": 15750
    },
    "match_all_pattern": {
      "time_ns": 78780.5025,
      "time_ms": 0.0787805025,
      "iterations": 6400
    },
    "phone_validation": {
      "time_ns": 25.42520731707317,
      "time_ms": 0.00002542520731707317,
      "iterations": 19762000
    },
    "optimize_phone_quantifiers": {
      "time_ns": 54072.02333333333,
      "time_ms": 0.05407202333333333,
      "iterations": 8700
    },
    "flexible_phone": {
      "time_ns": 250526.3,
      "time_ms": 0.2505263,
      "iterations": 1900
    },
    "grouped_quantifiers": {
      "time_ns": 13604.31,
      "time_ms": 0.01360431,
      "iterations": 36000
    },
    "range_lowercase": {
      "time_ns": 92.2057,
      "time_ms": 0.0000922057,
      "iterations": 5410000
    },
    "range_alphanumeric": {
      "time_ns": 64091.1725,
      "time_ms": 0.0640911725,
      "iterations": 8000
    },
    "optimize_extreme_quantifiers": {
      "time_ns": 276.5502857142857,
      "time_ms": 0.0002765502857142857,
      "iterations": 1771000
    },
    "literal_prefix_medium": {
      "time_ns": 4970.106666666667,
      "time_ms": 0.0049701066666666665,
      "iterations": 93450
    },
    "wildcard_match_any": {
      "time_ns": 64406.5365,
      "time_ms": 0.0644065365,
      "iterations": 8000
    },
    "required_literal_long": {
      "time_ns": 1444.5671641791046,
      "time_ms": 0.0014445671641791047,
      "iterations": 339690
    },