{
  "engine": "rust",
  "timestamp": "2026-04-02T19:00:18.405367654+00:00",
  "results": {
    "alternation_common_prefix": {
      "time_ns": 4434.136150234742,
      "time_ms": 0.004434136150234742,
      "iterations": 121197
    },
    "wildcard_match_any": {
      "time_ns": 103518.198,
      "time_ms": 0.10351819799999999,
      "iterations": 5000
    },
    "range_lowercase": {
      "time_ns": 98.78718181818182,
      "time_ms": 0.00009878718181818184,
      "iterations": 5203000
    },
    "simd_alphanumeric_large": {
      "time_ns": 121.38508928571429,
      "time_ms": 0.0001213850892857143,
      "iterations": 4110400
    },
    "flexible_datetime": {
      "time_ns": 74988.53,
      "time_ms": 0.07498853,
      "iterations": 7200
    },
    "alternation_quantifiers": {
      "time_ns": 129707.06666666667,
      "time_ms": 0.12970706666666668,
      "iterations": 3825
    },
    "group_quantified": {
      "time_ns": 69776.096,
      "time_ms": 0.069776096,
      "iterations": 8000
    },
    "simd_multi_char_class": {
      "time_ns": 80.83630434782609,
      "time_ms": 0.00008083630434782609,
      "iterations": 6141000
    },
    "quantifier_one_or_more": {
      "time_ns": 75.6124642857143,
      "time_ms": 0.00007561246428571429,
      "iterations": 6440000
    },
    "phone_validation": {
      "time_ns": 48.796958333333336,
      "time_ms": 0.000048796958333333335,
      "iterations": 10632000
    },
    "simd_negated_alphanumeric": {
      "time_ns": 91.98181818181818,
      "time_ms": 0.00009198181818181817,
      "iterations": 5489000
    },
    "single_quantifier_alpha": {
      "time_ns": 80706.7425,
      "time_ms": 0.0807067425,
      "iterations": 6000
    },
    "quad_quantifiers": {
      "time_ns": 18382.795,
      "time_ms": 0.018382795,
      "iterations": 26000
    },
    "optimize_range_quantifier": {
      "time_ns": 68041.1145,
      "time_ms": 0.0680411145,
      "iterations": 8000
    },
    "alternation_simple": {
      "time_ns": 32.56558064516129,
      "time_ms": 0.00003256558064516129,
      "iterations": 15004000
    },
    "quantifier_zero_or_more": {
      "time_ns": 83.87735,
      "time_ms": 0.00008387735000000001,
      "iterations": 5420000
    },
    "single_quantifier_digits": {
      "time_ns": 27698.54,
      "time_ms": 0.02769854,
      "iterations": 17000
    },
    "is_match_alphanumeric": {
      "time_ns": 28.03652380952381,
      "time_ms": 0.00002803652380952381,
      "iterations": 17493000
    },
    "literal_prefix_medium": {
      "time_ns": 4549.480263157895,
      "time_ms": 0.004549480263157895,
      "iterations": 103056
    },
    "multi_format_phone": {
      "time_ns": 281806.38,
      "time_ms": 0.28180637999999997,
      "iterations": 1650
    },
    "match_all_simple": {
      "time_ns": 10317.715,
      "time_ms": 0.010317715,
      "iterations": 46200
    },
    "range_alphanumeric": {
      "time_ns": 101193.116,
      "time_ms": 0.101193116,
      "iterations": 5000
    },
    "dfa_simple_phone": {
      "time_ns": 129121.11,
      "time_ms": 0.12912110999999998,
      "iterations": 4000
    },
    "no_literal_baseline": {
      "time_ns": 13968.21875,
      "time_ms": 0.01396821875,
      "iterations": 35968
    },
    "quantifier_zero_or_one": {
      "time_ns": 102.09135,
      "time_ms": 0.00010209135,
      "iterations": 4660000
    },
    "ultra_dense_quantifiers": {
      "time_ns": 70122.6,
      "time_ms": 0.07012260000000001,
      "iterations": 6950
    },
    "literal_heavy_alternation": {
      "time_ns": 108.4877,
      "time_ms": 0.00010848769999999999,
      "iterations": 4510000
    },
    "literal_match_long": {
      "time_ns": 8011.878,
      "time_ms": 0.008011878,
      "iterations": 64000
    },
    "alternation_words": {
      "time_ns": 48.995975,
      "time_ms": 0.000048995974999999995,
      "iterations": 10040000
    },
    "dual_quantifiers": {
      "time_ns": 34523.5,
      "time_ms": 0.0345235,
      "iterations": 13650
    },
    "triple_quantifiers": {
      "time_ns": 14614.92,
      "time_ms": 0.01461492,
      "iterations": 33900
    },
    "simd_alphanumeric_xlarge": {
      "time_ns": 100.49679245283019,
      "time_ms": 0.0001004967924528302,
      "iterations": 4356600
    },
    "is_match_predefined_digits": {
      "time_ns": 22.96382222222222,
      "time_ms": 0.000022963822222222223,
      "iterations": 21555000
    },
    "optimize_multiple_quantifiers": {
      "time_ns": 25753.35,
      "time_ms": 0.025753349999999998,
      "iterations": 18200
    },
    "optimize_large_quantifiers": {
      "time_ns": 21000.685,
      "time_ms": 0.021000684999999998,
      "iterations": 21000
    },
    "range_digits": {
      "time_ns": 96.599,
      "time_ms": 0.000096599,
      "iterations": 5076000
    },
    "predefined_word": {
      "time_ns": 125807.193,
      "time_ms": 0.125807193,
      "iterations": 5000
    },
    "is_match_digits": {
      "time_ns": 43.59021153846154,
      "time_ms": 0.00004359021153846153,
      "iterations": 10348000
    },
    "dfa_digits_only": {
      "time_ns": 109037.11,
      "time_ms": 0.10903710999999999,
      "iterations": 5000
    },
    "literal_prefix_short": {
      "time_ns": 534.0339830084957,
      "time_ms": 0.0005340339830084957,
      "iterations": 1014507
    },
    "is_match_predefined_word": {
      "time_ns": 26.022692307692306,
      "time_ms": 0.000026022692307692306,
      "iterations": 20358000
    },
    "dfa_dot_phone": {
      "time_ns": 68493.235,
      "time_ms": 0.068493235,
      "iterations": 7600
    },
    "dense_quantifiers": {
      "time_ns": 33153.01,
      "time_ms": 0.03315301,
      "iterations": 14900
    },
    "anchor_start": {
      "time_ns": 56.05578125,
      "time_ms": 0.00005605578125,
      "iterations": 8576000
    },
    "mixed_range_quantifiers": {
      "time_ns": 7903.2733333333335,
      "time_ms": 0.007903273333333334,
      "iterations": 64200
    },
    "grouped_quantifiers": {
      "time_ns": 15249.83,
      "time_ms": 0.015249829999999999,
      "iterations": 33400
    },
    "predefined_digits": {
      "time_ns": 88.22429999999999,
      "time_ms": 0.0000882243,
      "iterations": 5720000
    },
    "group_alternation": {
      "time_ns": 94.61083333333333,
      "time_ms": 0.00009461083333333332,
      "iterations": 5220000
    },
    "optimize_extreme_quantifiers": {
      "time_ns": 310.6336,
      "time_ms": 0.0003106336,
      "iterations": 1472500
    },
    "simple_phone": {
      "time_ns": 274624.2,
      "time_ms": 0.27462420000000004,
      "iterations": 1900
    },
    "complex_group_5_children": {
      "time_ns": 167.8995,
      "time_ms": 0.0001678995,
      "iterations": 3144000
    },
    "required_literal_long": {
      "time_ns": 2254.316377171216,
      "time_ms": 0.0022543163771712163,
      "iterations": 218426
    },
    "datetime_quantifiers": {
      "time_ns": 93255.81,
      "time_ms": 0.09325581,
      "iterations": 5300
    },
    "large_8_alternations": {
      "time_ns": 93.57209090909092,
      "time_ms": 0.00009357209090909092,
      "iterations": 5225000
    },
    "national_phone_validation": {
      "time_ns": 82761.6,
      "time_ms": 0.0827616,
      "iterations": 5410
    },
    "optimize_phone_quantifiers": {
      "time_ns": 71790.75333333333,
      "time_ms": 0.07179075333333333,
      "iterations": 6900
    },
    "range_quantifiers": {
      "time_ns": 73155.29,
      "time_ms": 0.07315529,
      "iterations": 6700
    },
    "is_match_lowercase": {
      "time_ns": 26.05901219512195,
      "time_ms": 0.000026059012195121953,
      "iterations": 20008000
    },
    "match_all_pattern": {
      "time_ns": 104781.855,
      "time_ms": 0.10478185500000001,
      "iterations": 4600
    },
    "dfa_paren_phone": {
      "time_ns": 20631.69,
      "time_ms": 0.020631689999999998,
      "iterations": 25200
    },
    "complex_number_extraction": {
      "time_ns": 124872.267,