{
  "engine": "rust",
  "timestamp": "2026-04-13T08:14:45.648182337+00:00",
  "results": {
    "quantifier_zero_or_more": {
      "time_ns": 110.29055555555556,
      "time_ms": 0.00011029055555555556,
      "iterations": 4671000
    },
    "complex_number_extraction": {
      "time_ns": 98704.648,
      "time_ms": 0.098704648,
      "iterations": 5000
    },
    "simd_multi_char_class": {
      "time_ns": 91.61650735294118,
      "time_ms": 0.00009161650735294119,
      "iterations": 5304000
    },
    "match_all_simple": {
      "time_ns": 9633.875,
      "time_ms": 0.009633875,
      "iterations": 46600
    },
    "match_all_pattern": {
      "time_ns": 89189.445,
      "time_ms": 0.089189445,
      "iterations": 5600
    },
    "dfa_simple_phone": {
      "time_ns": 103409.34,
      "time_ms": 0.10340934,
      "iterations": 4700
    },
    "simple_phone": {
      "time_ns": 280826.795,
      "time_ms": 0.280826795,
      "iterations": 1800
    },
    "sub_whitespace": {
      "time_ns": 46966.6,
      "time_ms": 0.0469666,
      "iterations": 10450
    },
    "dfa_dot_phone": {
      "time_ns": 43690.99,
      "time_ms": 0.043690990000000006,
      "iterations": 10100
    },
    "range_lowercase": {
      "time_ns": 107.748,
      "time_ms": 0.000107748,
      "iterations": 4175000
    },
    "required_literal_long": {
      "time_ns": 2286.087234042553,
      "time_ms": 0.002286087234042553,
      "iterations": 212910
    },
    "sparse_phone_findall": {
      "time_ns": 4077.69,
      "time_ms": 0.00407769,
      "iterations": 119400
    },
    "quantifier_one_or_more": {
      "time_ns": 143.861,
      "time_ms": 0.00014386099999999998,
      "iterations": 3364000
    },
    "optimize_large_quantifiers": {
      "time_ns": 14534.11,
      "time_ms": 0.01453411,
      "iterations": 33100
    },
    "phone_validation": {
      "time_ns": 46.55238333333333,
      "time_ms": 0.00004655238333333333,
      "iterations": 11040000
    },
    "is_match_predefined_word": {
      "time_ns": 26.77858823529412,
      "time_ms": 0.00002677858823529412,
      "iterations": 18190000
    },
    "optimize_extreme_quantifiers": {
      "time_ns": 442.4103333333333,
      "time_ms": 0.0004424103333333333,
      "iterations": 1122000
    },
    "literal_prefix_long": {
      "time_ns": 67001.66666666667,
      "time_ms": 0.06700166666666667,
      "iterations": 7770
    },
    "quantifier_zero_or_one": {
      "time_ns": 87.70027272727272,
      "time_ms": 0.00008770027272727272,
      "iterations": 4741000
    },
    "group_alternation": {
      "time_ns": 122.39111111111112,
      "time_ms": 0.0001223911111111111,
      "iterations": 3861000
    },
    "anchor_start": {
      "time_ns": 88.21060714285714,
      "time_ms": 0.00008821060714285715,
      "iterations": 5572000
    },
    "dense_quantifiers": {
      "time_ns": 24651.18,
      "time_ms": 0.024651179999999998,
      "iterations": 16050
    },
    "literal_prefix_medium": {
      "time_ns": 5023.778538812785,
      "time_ms": 0.005023778538812785,
      "iterations": 92856
    },
    "no_literal_baseline": {
      "time_ns": 10671.946808510638,
      "time_ms": 0.010671946808510639,
      "iterations": 46530
    },
    "single_quantifier_digits": {
      "time_ns": 34972.335,
      "time_ms": 0.034972335,
      "iterations": 13800
    },
    "literal_match_short": {
      "time_ns": 828.5675,
      "time_ms": 0.0008285675000000001,
      "iterations": 582000
    },
    "required_literal_short": {
      "time_ns": 529.3424971363115,
      "time_ms": 0.0005293424971363115,
      "iterations": 937602
    },
    "simd_alphanumeric_large": {
      "time_ns": 106.49877777777778,
      "time_ms": 0.00010649877777777778,
      "iterations": 4599000
    },
    "range_alphanumeric": {
      "time_ns": 78458.104,
      "time_ms": 0.078458104,
      "iterations": 7000
    },
    "is_match_lowercase": {
      "time_ns": 20.672,
      "time_ms": 0.000020671999999999998,
      "iterations": 23320000
    },
    "large_8_alternations": {
      "time_ns": 350.273,
      "time_ms": 0.000350273,
      "iterations": 1420000
    },
    "sub_digits": {
      "time_ns": 196898.15,
      "time_ms": 0.19689815,
      "iterations": 2500
    },
    "sparse_phone_search": {
      "time_ns": 2866.8507042253523,
      "time_ms": 0.002866850704225352,
      "iterations": 164010
    },
    "sparse_flex_phone_findall": {
      "time_ns": 81576.41666666667,
      "time_ms": 0.08157641666666667,
      "iterations": 6060
    },
    "alternation_simple": {
      "time_ns": 50.61664285714286,
      "time_ms": 0.000050616642857142855,
      "iterations": 9240000
    },
    "group_quantified": {
      "time_ns": 113663.856,
      "time_ms": 0.113663856,
      "iterations": 5000
    },
    "multi_format_phone": {
      "time_ns": 294372.58,
      "time_ms": 0.29437258,
      "iterations": 1700
    },
    "sub_group_phone_fmt": {
      "time_ns": 64508.525,
      "time_ms": 0.06450852500000001,
      "iterations": 7320
    },
    "flexible_datetime": {
      "time_ns": 53651.015,
      "time_ms": 0.053651014999999996,
      "iterations": 8200
    },
    "literal_match_long": {
      "time_ns": 8249.3005,
      "time_ms": 0.0082493005,
      "iterations": 62000
    },
    "alternation_quantifiers": {
      "time_ns": 88147.52,
      "time_ms": 0.08814752,
      "iterations": 5475
    },
    "sparse_email_findall": {
      "time_ns": 2552.0223880597014,
      "time_ms": 0.0025520223880597017,
      "iterations": 186930
    },
    "literal_prefix_short": {
      "time_ns": 571.1638935108153,
      "time_ms": 0.0005711638935108153,
      "iterations": 870248
    },
    "dfa_paren_phone": {
      "time_ns": 29767.515,
      "time_ms": 0.029767515,
      "iterations": 16600
    },
    "literal_heavy_alternation": {
      "time_ns": 145.95433333333335,
      "time_ms": 0.00014595433333333335,
      "iterations": 3384000
    },
    "simd_alphanumeric_xlarge": {
      "time_ns": 90.16383333333333,
      "time_ms": 0.00009016383333333333,
      "iterations": 5244000
    },
    "national_phone_validation": {
      "time_ns": 92972.65,
      "time_ms": 0.09297265,
      "iterations": 3860
    },
    "sub_char_class": {
      "time_ns": 315234.35,
      "time_ms": 0.31523435,
      "iterations": 1440
    },
    "range_digits": {
      "time_ns": 110.82318181818182,
      "time_ms": 0.00011082318181818183,
      "iterations": 3817000
    },
    "complex_email_extraction": {
      "time_ns": 766.7291666666666,
      "time_ms": 0.0007667291666666666,
      "iterations": 621600
    },
    "simd_negated_alphanumeric": {
      "time_ns": 122.06833333333334,
      "time_ms": 0.00012206833333333333,
      "iterations": 4283400
    },
    "flexible_phone": {
      "time_ns": 379183.045,
      "time_ms": 0.379183045,
      "iterations": 1400
    },
    "sub_group_date_fmt": {
      "time_ns": 46132.85,
      "time_ms": 0.046132849999999996,
      "iterations": 10100
    },
    "mixed_range_quantifiers": {
      "time_ns": 8486.053333333333,
      "time_ms": 0.008486053333333334,
      "iterations": 58650
    },
    "grouped_quantifiers": {
      "time_ns": 13316.59,
      "time_ms": 0.01331659,
      "iterations": 28100
    },
    "sub_literal": {
      "time_ns": 2510.34,
      "time_ms": 0.00251034,
      "iterations": 191200
    },
    "complex_group_5_children": {
      "time_ns": 104.28822727272727,
      "time_ms": 0.00010428822727272726,
      "iterations": 4510000
    },
    "triple_quantifiers": {
      "time_ns": 12623.13,
      "time_ms": 0.01262313,
      "iterations": 37900
    },
    "is_match_predefined_digits": {
      "time_ns": 40.61351428571429,
      "time_ms": 0.00004061351428571429,
      "iterations": 10850000
    },
    "anchor_end": {
      "time_ns": 40.22088461538462,
      "time_ms": 0.00004022088461538462,
      "iterations": 12454000
    },
    "ultra_dense_quantifiers": {
      "time_ns": 67306.46,
      "time_ms": 0.06730646,