{
  "engine": "rust",
  "timestamp": "2026-03-31T21:13:55.387973642+00:00",
  "results": {
    "group_quantified": {
      "time_ns": 69076.828,
      "time_ms": 0.069076828,
      "iterations": 8000
    },
    "match_all_simple": {
      "time_ns": 9040.6825,
      "time_ms": 0.009040682500000001,
      "iterations": 49200
    },
    "simd_multi_char_class": {
      "time_ns": 96.7582258064516,
      "time_ms": 0.0000967582258064516,
      "iterations": 5208000
    },
    "national_phone_validation": {
      "time_ns": 65491.8,
      "time_ms": 0.0654918,
      "iterations": 6820
    },
    "group_alternation": {
      "time_ns": 89.44863636363637,
      "time_ms": 0.00008944863636363638,
      "iterations": 5522000
    },
    "literal_match_short": {
      "time_ns": 567.47975,
      "time_ms": 0.0005674797499999999,
      "iterations": 876000
    },
    "quantifier_zero_or_more": {
      "time_ns": 67.03291666666665,
      "time_ms": 0.00006703291666666665,
      "iterations": 6768000
    },
    "complex_email_extraction": {
      "time_ns": 577.1146551724138,
      "time_ms": 0.0005771146551724137,
      "iterations": 907120
    },
    "wildcard_match_any": {
      "time_ns": 61475.292,
      "time_ms": 0.061475292,
      "iterations": 8000
    },
    "is_match_lowercase": {
      "time_ns": 16.941645161290324,
      "time_ms": 0.000016941645161290327,
      "iterations": 29388000
    },
    "optimize_multiple_quantifiers": {
      "time_ns": 18997.86,
      "time_ms": 0.01899786,
      "iterations": 24000
    },
    "simd_negated_alphanumeric": {
      "time_ns": 75.69857758620691,
      "time_ms": 0.0000756985775862069,
      "iterations": 6588800
    },
    "is_match_predefined_digits": {
      "time_ns": 17.992240000000002,
      "time_ms": 0.000017992240000000003,
      "iterations": 26250000
    },
    "range_alphanumeric": {
      "time_ns": 55219.279,
      "time_ms": 0.055219279,
      "iterations": 9000
    },
    "literal_prefix_medium": {
      "time_ns": 3315.269113149847,
      "time_ms": 0.0033152691131498467,
      "iterations": 119682
    },
    "required_literal_long": {
      "time_ns": 1472.4315476190477,
      "time_ms": 0.0014724315476190477,
      "iterations": 339360
    },
    "quad_quantifiers": {
      "time_ns": 15518.195,
      "time_ms": 0.015518194999999999,
      "iterations": 29400
    },
    "large_8_alternations": {
      "time_ns": 70.27314285714286,
      "time_ms": 0.00007027314285714286,
      "iterations": 6776000
    },
    "literal_heavy_alternation": {
      "time_ns": 84.56663636363636,
      "time_ms": 0.00008456663636363638,
      "iterations": 5951000
    },
    "range_quantifiers": {
      "time_ns": 73765.94,
      "time_ms": 0.07376594,
      "iterations": 6600
    },
    "single_quantifier_digits": {
      "time_ns": 18792.25,
      "time_ms": 0.01879225,
      "iterations": 26800
    },
    "optimize_extreme_quantifiers": {
      "time_ns": 263.0913333333333,
      "time_ms": 0.0002630913333333333,
      "iterations": 1921500
    },
    "flexible_phone": {
      "time_ns": 272092.84,
      "time_ms": 0.27209284,
      "iterations": 1900
    },
    "anchor_end": {
      "time_ns": 26.01713333333333,
      "time_ms": 0.000026017133333333332,
      "iterations": 18480000
    },
    "is_match_alphanumeric": {
      "time_ns": 17.0188125,
      "time_ms": 0.0000170188125,
      "iterations": 29680000
    },
    "alternation_quantifiers": {
      "time_ns": 107568.33333333333,
      "time_ms": 0.10756833333333332,
      "iterations": 4575
    },
    "predefined_digits": {
      "time_ns": 64.2115294117647,
      "time_ms": 0.00006421152941176471,
      "iterations": 7361000
    },
    "dense_quantifiers": {
      "time_ns": 23351.52,
      "time_ms": 0.02335152,
      "iterations": 20650
    },
    "range_lowercase": {
      "time_ns": 56.8,
      "time_ms": 0.000056800000000000005,
      "iterations": 8568000
    },
    "alternation_simple": {
      "time_ns": 23.932829268292686,
      "time_ms": 0.000023932829268292683,
      "iterations": 19557000
    },
    "optimize_range_quantifier": {
      "time_ns": 41431.636,
      "time_ms": 0.041431636,
      "iterations": 11000
    },
    "is_match_digits": {
      "time_ns": 46.661125,
      "time_ms": 0.000046661124999999994,
      "iterations": 10248000
    },
    "complex_group_5_children": {
      "time_ns": 118.966625,
      "time_ms": 0.00011896662500000001,
      "iterations": 3768000
    },
    "literal_match_long": {
      "time_ns": 5095.3725,
      "time_ms": 0.0050953725,
      "iterations": 98000
    },
    "simd_alphanumeric_large": {
      "time_ns": 67.74625,
      "time_ms": 0.00006774625,
      "iterations": 6960000
    },
    "literal_prefix_short": {
      "time_ns": 328.5193661971831,
      "time_ms": 0.0003285193661971831,
      "iterations": 1429656
    },
    "anchor_start": {
      "time_ns": 46.4508,
      "time_ms": 0.0000464508,
      "iterations": 10100000
    },
    "match_all_pattern": {
      "time_ns": 78144.475,
      "time_ms": 0.078144475,
      "iterations": 6200
    },
    "single_quantifier_alpha": {
      "time_ns": 56883.565,
      "time_ms": 0.056883565000000004,
      "iterations": 9000
    },
    "datetime_quantifiers": {
      "time_ns": 73388.97,
      "time_ms": 0.07338897,
      "iterations": 6200
    },
    "range_digits": {
      "time_ns": 92.6125,
      "time_ms": 0.0000926125,
      "iterations": 4968000
    },
    "mixed_range_quantifiers": {
      "time_ns": 7184.34,
      "time_ms": 0.007184339999999999,
      "iterations": 66150
    },
    "no_literal_baseline": {
      "time_ns": 8706.84,
      "time_ms": 0.00870684,
      "iterations": 54875
    },
    "flexible_datetime": {
      "time_ns": 39480.38,
      "time_ms": 0.03948038,
      "iterations": 12200
    },
    "triple_quantifiers": {
      "time_ns": 13742.985,
      "time_ms": 0.013742985000000001,
      "iterations": 36200
    },
    "deep_nested_groups_depth4": {
      "time_ns": 36.72907142857144,
      "time_ms": 0.00003672907142857144,
      "iterations": 13944000
    },
    "phone_validation": {
      "time_ns": 23.490811475409835,
      "time_ms": 0.000023490811475409838,
      "iterations": 15006000
    },
    "simple_phone": {
      "time_ns": 156549.74,
      "time_ms": 0.15654974,
      "iterations": 3000
    },
    "ultra_dense_quantifiers": {
      "time_ns": 76247.24,
      "time_ms": 0.07624724,
      "iterations": 6375
    },
    "optimize_phone_quantifiers": {
      "time_ns": 51761.07666666667,
      "time_ms": 0.05176107666666667,
      "iterations": 9900
    },
    "is_match_predefined_word": {
      "time_ns": 17.894651162790698,
      "time_ms": 0.0000178946511627907,
      "iterations": 23263000
    },
    "dfa_simple_phone": {
      "time_ns": 107007.555,
      "time_ms": 0.10700755499999999,
      "iterations": 3800
    },
    "required_literal_short": {
      "time_ns": 309.4753161974704,
      "time_ms": 0.0003094753161974704,
      "iterations": 1473051
    },
    "predefined_word": {
      "time_ns": 113390.831,
      "time_ms": 0.11339083100000001,
      "iterations": 5000
    },
    "literal_prefix_long": {
      "time_ns": 30984.823529411762,
      "time_ms": 0.030984823529411763,
      "iterations": 13056
    },
    "quantifier_one_or_more": {
      "time_ns": 59.85444444444445,
      "time_ms": 0.00005985444444444444,
      "iterations": 8154000
    },
    "dfa_dot_phone": {
      "time_ns": 52587.76,
      "time_ms": 0.052587760000000004,
      "iterations": 8300
    },
    "dfa_paren_phone": {
      "time_ns": 31142.4,
      "time_ms": 0.0311424,
      "iterations": 13700
    },
    "dual_quantifiers": {
      "time_ns": 20738.656666666666,
      "time_ms": 0.020738656666666667,
      "iterations": 24000
    },
    "grouped_quantifiers": {
      "time_ns": 14834.49,
      "time_ms": 0.01483449,
      "iterations": 32400
    },
    "simd_alphanumeric_xlarge": {
      "time_ns": 87.03983050847457,