{
  "engine": "rust",
  "timestamp": "2026-03-30T22:45:26.501483255+00:00",
  "results": {
    "complex_number_extraction": {
      "time_ns": 82530.356,
      "time_ms": 0.082530356,
      "iterations": 6500
    },
    "optimize_range_quantifier": {
      "time_ns": 48082.3545,
      "time_ms": 0.0480823545,
      "iterations": 10000
    },
    "is_match_lowercase": {
      "time_ns": 13.268525,
      "time_ms": 0.000013268525,
      "iterations": 29200000
    },
    "dfa_digits_only": {
      "time_ns": 77370.1,
      "time_ms": 0.0773701,
      "iterations": 6300
    },
    "required_literal_long": {
      "time_ns": 1529.902097902098,
      "time_ms": 0.001529902097902098,
      "iterations": 321035
    },
    "simd_negated_alphanumeric": {
      "time_ns": 45.08292857142857,
      "time_ms": 0.000045082928571428563,
      "iterations": 10500000
    },
    "range_lowercase": {
      "time_ns": 62.04783333333334,
      "time_ms": 0.00006204783333333334,
      "iterations": 7812000
    },
    "simd_alphanumeric_large": {
      "time_ns": 85.71367346938776,
      "time_ms": 0.00008571367346938776,
      "iterations": 5899600
    },
    "quantifier_zero_or_one": {
      "time_ns": 61.51533333333334,
      "time_ms": 0.00006151533333333334,
      "iterations": 7974000
    },
    "quad_quantifiers": {
      "time_ns": 10476.41,
      "time_ms": 0.01047641,
      "iterations": 45900
    },
    "datetime_quantifiers": {
      "time_ns": 67463.04,
      "time_ms": 0.06746304,
      "iterations": 6300
    },
    "alternation_quantifiers": {
      "time_ns": 66535.52,
      "time_ms": 0.06653552,
      "iterations": 7650
    },
    "dfa_paren_phone": {
      "time_ns": 17723.59,
      "time_ms": 0.01772359,
      "iterations": 26900
    },
    "single_quantifier_digits": {
      "time_ns": 17255.6,
      "time_ms": 0.0172556,
      "iterations": 28200
    },
    "deep_nested_groups_depth4": {
      "time_ns": 32.21895121951219,
      "time_ms": 0.0000322189512195122,
      "iterations": 14760000
    },
    "dfa_dot_phone": {
      "time_ns": 51515.845,
      "time_ms": 0.051515845000000005,
      "iterations": 9400
    },
    "phone_validation": {
      "time_ns": 28.88827659574468,
      "time_ms": 0.000028888276595744683,
      "iterations": 15980000
    },
    "range_digits": {
      "time_ns": 72.09086666666667,
      "time_ms": 0.00007209086666666666,
      "iterations": 6645000
    },
    "literal_prefix_short": {
      "time_ns": 395.743281075028,
      "time_ms": 0.000395743281075028,
      "iterations": 1275204
    },
    "flexible_datetime": {
      "time_ns": 28818.955,
      "time_ms": 0.028818955,
      "iterations": 17000
    },
    "no_literal_baseline": {
      "time_ns": 8494.943925233645,
      "time_ms": 0.008494943925233644,
      "iterations": 56496
    },
    "national_phone_validation": {
      "time_ns": 72963.725,
      "time_ms": 0.07296372500000001,
      "iterations": 6360
    },
    "alternation_words": {
      "time_ns": 25.361370967741937,
      "time_ms": 0.000025361370967741938,
      "iterations": 18600000
    },
    "optimize_large_quantifiers": {
      "time_ns": 23918.645,
      "time_ms": 0.023918645000000002,
      "iterations": 21400
    },
    "literal_match_short": {
      "time_ns": 715.8615,
      "time_ms": 0.0007158615,
      "iterations": 814000
    },
    "is_match_digits": {
      "time_ns": 33.77447222222222,
      "time_ms": 0.00003377447222222222,
      "iterations": 14076000
    },
    "simd_alphanumeric_xlarge": {
      "time_ns": 108.0716037735849,
      "time_ms": 0.0001080716037735849,
      "iterations": 4738200
    },
    "alternation_common_prefix": {
      "time_ns": 4549.5716216216215,
      "time_ms": 0.004549571621621622,
      "iterations": 111740
    },
    "anchor_end": {
      "time_ns": 36.94459375,
      "time_ms": 0.000036944593749999996,
      "iterations": 13792000
    },
    "quantifier_zero_or_more": {
      "time_ns": 60.96277777777778,
      "time_ms": 0.00006096277777777778,
      "iterations": 7452000
    },
    "complex_email_extraction": {
      "time_ns": 742.3317567567567,
      "time_ms": 0.0007423317567567567,
      "iterations": 639360
    },
    "dfa_simple_phone": {
      "time_ns": 126743.455,
      "time_ms": 0.126743455,
      "iterations": 4000
    },
    "is_match_alphanumeric": {
      "time_ns": 21.26973333333333,
      "time_ms": 0.000021269733333333327,
      "iterations": 21690000
    },
    "is_match_predefined_digits": {
      "time_ns": 18.5425625,
      "time_ms": 0.0000185425625,
      "iterations": 26928000
    },
    "group_alternation": {
      "time_ns": 85.947,
      "time_ms": 0.000085947,
      "iterations": 5348000
    },
    "anchor_start": {
      "time_ns": 41.59590625,
      "time_ms": 0.00004159590625,
      "iterations": 12064000
    },
    "literal_match_long": {
      "time_ns": 7001.85675,
      "time_ms": 0.00700185675,
      "iterations": 84000
    },
    "literal_prefix_long": {
      "time_ns": 57792.24324324324,
      "time_ms": 0.05779224324324324,
      "iterations": 8732
    },
    "wildcard_match_any": {
      "time_ns": 60958.494,
      "time_ms": 0.060958494,
      "iterations": 7000
    },
    "predefined_word": {
      "time_ns": 59598.45,
      "time_ms": 0.05959845,
      "iterations": 9000
    },
    "range_quantifiers": {
      "time_ns": 41325.49,
      "time_ms": 0.04132549,
      "iterations": 11400
    },
    "grouped_quantifiers": {
      "time_ns": 11642.52,
      "time_ms": 0.01164252,
      "iterations": 40400
    },
    "predefined_digits": {
      "time_ns": 64.197375,
      "time_ms": 0.000064197375,
      "iterations": 7280000
    },
    "optimize_multiple_quantifiers": {
      "time_ns": 20639.0,
      "time_ms": 0.020638999999999998,
      "iterations": 22800
    },
    "simple_phone": {
      "time_ns": 148048.825,
      "time_ms": 0.148048825,
      "iterations": 3400
    },
    "required_literal_short": {
      "time_ns": 295.80940594059405,
      "time_ms": 0.00029580940594059403,
      "iterations": 1552976
    },
    "is_match_predefined_word": {
      "time_ns": 13.901645161290322,
      "time_ms": 0.000013901645161290322,
      "iterations": 32550000
    },
    "complex_group_5_children": {
      "time_ns": 102.4918,
      "time_ms": 0.00010249180000000001,
      "iterations": 4350000
    },
    "single_quantifier_alpha": {
      "time_ns": 45319.16,
      "time_ms": 0.04531916,
      "iterations": 11200
    },
    "dense_quantifiers": {
      "time_ns": 23725.8,
      "time_ms": 0.023725800000000002,
      "iterations": 19150
    },
    "alternation_simple": {
      "time_ns": 29.09226923076923,
      "time_ms": 0.000029092269230769232,
      "iterations": 16744000
    },
    "literal_heavy_alternation": {
      "time_ns": 110.24845454545455,
      "time_ms": 0.00011024845454545454,
      "iterations": 4323000
    },
    "dual_quantifiers": {
      "time_ns": 27476.733333333334,
      "time_ms": 0.027476733333333333,
      "iterations": 18450
    },
    "match_all_pattern": {
      "time_ns": 78498.695,
      "time_ms": 0.078498695,
      "iterations": 6600
    },
    "match_all_simple": {
      "time_ns": 13280.725,
      "time_ms": 0.013280725,
      "iterations": 36800
    },
    "optimize_phone_quantifiers": {
      "time_ns": 64351.34,
      "time_ms": 0.06435134,
      "iterations": 8100
    },
    "multi_format_phone": {
      "time_ns": 193844.8,
      "time_ms": 0.1938448,
      "iterations": 2300
    },
    "range_alphanumeric": {
      "time_ns": 94280.2945,
      "time_ms": 0.0942802945,
      "iterations": 6000
    },
    "simd_multi_char_class": {
      "time_ns": 62.43595744680851,
      "time_ms": 0.00006243595744680852,
      "iterations": 7313200
    },
    "literal_prefix_medium": {
      "time_ns": 4670.70403587444,
      "time_ms": 0.00467070403587444,
      "iterations": 110831
    },
    "quantifier_one_or_more": {
      "time_ns": 59.95619230769231,