{
  "engine": "rust",
  "timestamp": "2026-05-01T21:06:09.382202709+00:00",
  "results": {
    "anchor_end": {
      "time_ns": 21.37122727272727,
      "time_ms": 0.000021371227272727272,
      "iterations": 23320000
    },
    "single_quantifier_digits": {
      "time_ns": 15104.345,
      "time_ms": 0.015104344999999998,
      "iterations": 33600
    },
    "simd_alphanumeric_xlarge": {
      "time_ns": 51.84953125,
      "time_ms": 0.000051849531249999996,
      "iterations": 9100800
    },
    "single_quantifier_alpha": {
      "time_ns": 28365.0725,
      "time_ms": 0.028365072499999998,
      "iterations": 17600
    },
    "optimize_extreme_quantifiers": {
      "time_ns": 158.951,
      "time_ms": 0.000158951,
      "iterations": 3006000
    },
    "is_match_lowercase": {
      "time_ns": 11.56120512820513,
      "time_ms": 0.000011561205128205129,
      "iterations": 41418000
    },
    "alternation_simple": {
      "time_ns": 15.494859649122805,
      "time_ms": 0.000015494859649122806,
      "iterations": 31350000
    },
    "nanpa_search": {
      "time_ns": 46.52731818181818,
      "time_ms": 0.000046527318181818184,
      "iterations": 9482000
    },
    "literal_match_long": {
      "time_ns": 2810.589,
      "time_ms": 0.0028105889999999996,
      "iterations": 162000
    },
    "large_8_alternations": {
      "time_ns": 50.212,
      "time_ms": 0.000050212,
      "iterations": 9129000
    },
    "deep_nested_groups_depth4": {
      "time_ns": 31.8726,
      "time_ms": 0.000031872600000000004,
      "iterations": 15425000
    },
    "datetime_quantifiers": {
      "time_ns": 45130.1,
      "time_ms": 0.045130100000000006,
      "iterations": 10900
    },
    "complex_email_extraction": {
      "time_ns": 342.7029513888889,
      "time_ms": 0.00034270295138888885,
      "iterations": 1370880
    },
    "flexible_datetime": {
      "time_ns": 31949.195,
      "time_ms": 0.031949195,
      "iterations": 15000
    },
    "range_digits": {
      "time_ns": 65.279,
      "time_ms": 0.00006527900000000001,
      "iterations": 7735000
    },
    "quantifier_zero_or_one": {
      "time_ns": 43.298300000000005,
      "time_ms": 0.000043298300000000005,
      "iterations": 11540000
    },
    "ultra_dense_quantifiers": {
      "time_ns": 52396.76,
      "time_ms": 0.05239676,
      "iterations": 9775
    },
    "sparse_phone_findall": {
      "time_ns": 1741.1260869565217,
      "time_ms": 0.0017411260869565216,
      "iterations": 287500
    },
    "literal_prefix_long": {
      "time_ns": 22859.4,
      "time_ms": 0.022859400000000002,
      "iterations": 17725
    },
    "sparse_phone_search": {
      "time_ns": 1200.534756097561,
      "time_ms": 0.001200534756097561,
      "iterations": 370640
    },
    "multi_format_phone": {
      "time_ns": 148654.32,
      "time_ms": 0.14865432,
      "iterations": 3000
    },
    "literal_prefix_medium": {
      "time_ns": 2922.4553775743707,
      "time_ms": 0.0029224553775743707,
      "iterations": 173489
    },
    "match_all_pattern": {
      "time_ns": 41033.94,
      "time_ms": 0.04103394,
      "iterations": 11800
    },
    "complex_number_extraction": {
      "time_ns": 57744.398,
      "time_ms": 0.057744397999999995,
      "iterations": 8500
    },
    "group_quantified": {
      "time_ns": 36927.14,
      "time_ms": 0.036927140000000004,
      "iterations": 14000
    },
    "match_all_simple": {
      "time_ns": 4902.64,
      "time_ms": 0.00490264,
      "iterations": 97800
    },
    "dfa_dot_phone": {
      "time_ns": 41064.37,
      "time_ms": 0.041064369999999996,
      "iterations": 12100
    },
    "optimize_phone_quantifiers": {
      "time_ns": 38549.105,
      "time_ms": 0.038549105,
      "iterations": 12600
    },
    "national_phone_validation": {
      "time_ns": 43108.325,
      "time_ms": 0.043108324999999996,
      "iterations": 11360
    },
    "dfa_simple_phone": {
      "time_ns": 56232.98,
      "time_ms": 0.05623298,
      "iterations": 8400
    },
    "simd_alphanumeric_large": {
      "time_ns": 51.99003205128205,
      "time_ms": 0.00005199003205128205,
      "iterations": 9422400
    },
    "range_quantifiers": {
      "time_ns": 30637.3,
      "time_ms": 0.0306373,
      "iterations": 15900
    },
    "anchor_start": {
      "time_ns": 28.636319444444446,
      "time_ms": 0.000028636319444444446,
      "iterations": 17352000
    },
    "triple_quantifiers": {
      "time_ns": 7931.2575,
      "time_ms": 0.0079312575,
      "iterations": 62800
    },
    "alternation_quantifiers": {
      "time_ns": 55780.986666666664,
      "time_ms": 0.05578098666666667,
      "iterations": 8850
    },
    "simple_phone": {
      "time_ns": 106451.72,
      "time_ms": 0.10645172,
      "iterations": 4200
    },
    "dfa_paren_phone": {
      "time_ns": 10017.56,
      "time_ms": 0.010017560000000002,
      "iterations": 44700
    },
    "literal_prefix_short": {
      "time_ns": 214.47497725204732,
      "time_ms": 0.00021447497725204733,
      "iterations": 2198000
    },
    "optimize_large_quantifiers": {
      "time_ns": 8776.02,
      "time_ms": 0.00877602,
      "iterations": 55400
    },
    "no_literal_baseline": {
      "time_ns": 5068.5739910313905,
      "time_ms": 0.0050685739910313905,
      "iterations": 91207
    },
    "dual_quantifiers": {
      "time_ns": 16274.113333333333,
      "time_ms": 0.016274113333333336,
      "iterations": 31050
    },
    "nanpa_findall": {
      "time_ns": 9052.697916666668,
      "time_ms": 0.009052697916666668,
      "iterations": 52992
    },
    "range_alphanumeric": {
      "time_ns": 39385.088,
      "time_ms": 0.039385088000000006,
      "iterations": 13000
    },
    "sub_group_phone_fmt": {
      "time_ns": 34672.5,
      "time_ms": 0.0346725,
      "iterations": 12990
    },
    "optimize_multiple_quantifiers": {
      "time_ns": 13219.855,
      "time_ms": 0.013219855,
      "iterations": 36400
    },
    "wildcard_match_any": {
      "time_ns": 38318.862,
      "time_ms": 0.038318862,
      "iterations": 13000
    },
    "group_alternation": {
      "time_ns": 46.90719047619047,
      "time_ms": 0.00004690719047619047,
      "iterations": 10269000
    },
    "is_match_alphanumeric": {
      "time_ns": 11.731179487179489,
      "time_ms": 0.000011731179487179488,
      "iterations": 40560000
    },
    "optimize_range_quantifier": {
      "time_ns": 27687.329,
      "time_ms": 0.027687328999999997,
      "iterations": 17000
    },
    "simd_multi_char_class": {
      "time_ns": 43.08754464285715,
      "time_ms": 0.000043087544642857143,
      "iterations": 10684800
    },
    "is_match_predefined_digits": {
      "time_ns": 12.39548,
      "time_ms": 0.00001239548,
      "iterations": 37350000
    },
    "quantifier_zero_or_more": {
      "time_ns": 42.0085,
      "time_ms": 0.000042008499999999996,
      "iterations": 11718000
    },
    "flexible_phone": {
      "time_ns": 143550.28,
      "time_ms": 0.14355028,
      "iterations": 3500
    },
    "dense_quantifiers": {
      "time_ns": 17457.61,
      "time_ms": 0.01745761,
      "iterations": 27600
    },
    "complex_group_5_children": {
      "time_ns": 63.862066666666664,
      "time_ms": 0.00006386206666666666,
      "iterations": 7755000
    },
    "simd_negated_alphanumeric": {
      "time_ns": 39.20105113636364,
      "time_ms": 0.00003920105113636364,
      "iterations": 12390400
    },
    "sub_group_date_fmt": {
      "time_ns": 26756.85,
      "time_ms": 0.02675685,
      "iterations": 18360
    },
    "sub_digits": {
      "time_ns": 111132.0,
      "time_ms": 0.11113200000000001,
      "iterations": 4310
    },
    "sub_char_class": {
      "time_ns": 186327.2,
      "time_ms": 0.1863272,
      "iterations": 2690
    },
    "predefined_word": {
      "time_ns": 43442.0535,
      "time_ms": 0.0434420535,
      "iterations": 12000
    },
    "literal_match_short": {
      "time_ns": 280.9565,
      "time_ms": 0.0002809565,