{
  "engine": "rust",
  "timestamp": "2026-04-26T14:34:28.198295692+00:00",
  "results": {
    "alternation_words": {
      "time_ns": 28.548837837837837,
      "time_ms": 0.000028548837837837837,
      "iterations": 17501000
    },
    "flexible_datetime": {
      "time_ns": 40838.55,
      "time_ms": 0.04083855,
      "iterations": 11200
    },
    "literal_match_short": {
      "time_ns": 484.95875,
      "time_ms": 0.00048495875,
      "iterations": 1004000
    },
    "is_match_lowercase": {
      "time_ns": 16.364814285714285,
      "time_ms": 0.000016364814285714284,
      "iterations": 30380000
    },
    "sparse_phone_search": {
      "time_ns": 2225.7232558139535,
      "time_ms": 0.002225723255813953,
      "iterations": 230050
    },
    "single_quantifier_alpha": {
      "time_ns": 43544.855,
      "time_ms": 0.043544855,
      "iterations": 11400
    },
    "sparse_phone_findall": {
      "time_ns": 3048.636144578313,
      "time_ms": 0.0030486361445783133,
      "iterations": 167660
    },
    "sub_group_phone_fmt": {
      "time_ns": 79304.7,
      "time_ms": 0.07930469999999999,
      "iterations": 6060
    },
    "complex_group_5_children": {
      "time_ns": 76.55116666666666,
      "time_ms": 0.00007655116666666665,
      "iterations": 6480000
    },
    "simple_phone": {
      "time_ns": 139468.46,
      "time_ms": 0.13946846000000002,
      "iterations": 3400
    },
    "dfa_dot_phone": {
      "time_ns": 37916.825,
      "time_ms": 0.037916825,
      "iterations": 13000
    },
    "range_lowercase": {
      "time_ns": 66.92976666666667,
      "time_ms": 0.00006692976666666667,
      "iterations": 6960000
    },
    "quantifier_zero_or_one": {
      "time_ns": 63.92758823529412,
      "time_ms": 0.00006392758823529412,
      "iterations": 7616000
    },
    "quad_quantifiers": {
      "time_ns": 13875.53,
      "time_ms": 0.01387553,
      "iterations": 34200
    },
    "required_literal_long": {
      "time_ns": 1609.404761904762,
      "time_ms": 0.001609404761904762,
      "iterations": 335160
    },
    "sparse_flex_phone_findall": {
      "time_ns": 40500.916666666664,
      "time_ms": 0.040500916666666664,
      "iterations": 12192
    },
    "nanpa_findall": {
      "time_ns": 18085.722222222223,
      "time_ms": 0.018085722222222222,
      "iterations": 30168
    },
    "sub_group_word_swap": {
      "time_ns": 33118.525,
      "time_ms": 0.033118524999999996,
      "iterations": 14960
    },
    "alternation_quantifiers": {
      "time_ns": 81696.99333333333,
      "time_ms": 0.08169699333333334,
      "iterations": 6000
    },
    "sparse_email_findall": {
      "time_ns": 1291.090909090909,
      "time_ms": 0.001291090909090909,
      "iterations": 390390
    },
    "sub_group_date_fmt": {
      "time_ns": 36125.65,
      "time_ms": 0.036125649999999995,
      "iterations": 12260
    },
    "dual_quantifiers": {
      "time_ns": 27726.013333333332,
      "time_ms": 0.027726013333333334,
      "iterations": 18000
    },
    "grouped_quantifiers": {
      "time_ns": 10378.99,
      "time_ms": 0.01037899,
      "iterations": 48100
    },
    "simd_multi_char_class": {
      "time_ns": 57.42298245614035,
      "time_ms": 0.00005742298245614035,
      "iterations": 8014200
    },
    "complex_email_extraction": {
      "time_ns": 491.7950000000001,
      "time_ms": 0.0004917950000000001,
      "iterations": 902400
    },
    "predefined_digits": {
      "time_ns": 52.672315789473686,
      "time_ms": 0.000052672315789473685,
      "iterations": 8531000
    },
    "anchor_start": {
      "time_ns": 41.49744642857143,
      "time_ms": 0.00004149744642857143,
      "iterations": 11984000
    },
    "range_digits": {
      "time_ns": 102.45542857142857,
      "time_ms": 0.00010245542857142856,
      "iterations": 4970000
    },
    "large_8_alternations": {
      "time_ns": 70.1934705882353,
      "time_ms": 0.0000701934705882353,
      "iterations": 7055000
    },
    "quantifier_zero_or_more": {
      "time_ns": 86.78146875,
      "time_ms": 0.00008678146874999999,
      "iterations": 6080000
    },
    "quantifier_one_or_more": {
      "time_ns": 63.02057692307692,
      "time_ms": 0.00006302057692307691,
      "iterations": 7852000
    },
    "wildcard_match_any": {
      "time_ns": 55903.538,
      "time_ms": 0.055903537999999996,
      "iterations": 9000
    },
    "simd_alphanumeric_large": {
      "time_ns": 82.46819892473118,
      "time_ms": 0.00008246819892473119,
      "iterations": 5617200
    },
    "national_phone_validation": {
      "time_ns": 75092.4,
      "time_ms": 0.0750924,
      "iterations": 6460
    },
    "sub_limited_count": {
      "time_ns": 8350.775,
      "time_ms": 0.008350775,
      "iterations": 49800
    },
    "match_all_pattern": {
      "time_ns": 64230.6175,
      "time_ms": 0.06423061749999999,
      "iterations": 8000
    },
    "required_literal_short": {
      "time_ns": 270.1885762284754,
      "time_ms": 0.00027018857622847545,
      "iterations": 1838132
    },
    "optimize_large_quantifiers": {
      "time_ns": 19392.59,
      "time_ms": 0.01939259,
      "iterations": 27300
    },
    "is_match_predefined_digits": {
      "time_ns": 14.468921875,
      "time_ms": 0.000014468921875,
      "iterations": 33664000
    },
    "sub_digits": {
      "time_ns": 243052.65,
      "time_ms": 0.24305265,
      "iterations": 2200
    },
    "dfa_digits_only": {
      "time_ns": 72658.41,
      "time_ms": 0.07265841,
      "iterations": 6600
    },
    "nanpa_search": {
      "time_ns": 81.08984615384615,
      "time_ms": 0.00008108984615384616,
      "iterations": 5645250
    },
    "optimize_multiple_quantifiers": {
      "time_ns": 16894.68,
      "time_ms": 0.01689468,
      "iterations": 29000
    },
    "optimize_extreme_quantifiers": {
      "time_ns": 194.16511111111112,
      "time_ms": 0.0001941651111111111,
      "iterations": 2524500
    },
    "complex_number_extraction": {
      "time_ns": 80777.328,
      "time_ms": 0.080777328,
      "iterations": 6500
    },
    "simd_alphanumeric_xlarge": {
      "time_ns": 104.66422222222222,
      "time_ms": 0.0001046642222222222,
      "iterations": 4815000
    },
    "multi_format_phone": {
      "time_ns": 268633.28,
      "time_ms": 0.26863328,
      "iterations": 1850
    },
    "deep_nested_groups_depth4": {
      "time_ns": 26.062527777777778,
      "time_ms": 0.00002606252777777778,
      "iterations": 17316000
    },
    "dfa_simple_phone": {
      "time_ns": 106129.955,
      "time_ms": 0.106129955,
      "iterations": 5000
    },
    "phone_validation": {
      "time_ns": 29.576157894736845,
      "time_ms": 0.000029576157894736842,
      "iterations": 16511000
    },
    "dfa_paren_phone": {
      "time_ns": 15148.395,
      "time_ms": 0.015148394999999999,
      "iterations": 32400
    },
    "triple_quantifiers": {
      "time_ns": 12359.8,
      "time_ms": 0.0123598,
      "iterations": 41500
    },
    "range_alphanumeric": {
      "time_ns": 43190.263,
      "time_ms": 0.043190263,
      "iterations": 11000
    },
    "alternation_common_prefix": {
      "time_ns": 2451.6738035264484,
      "time_ms": 0.002451673803526448,
      "iterations": 202470
    },
    "is_match_digits": {
      "time_ns": 30.914242424242424,
      "time_ms": 0.000030914242424242426,
      "iterations": 14553000
    },
    "flexible_phone": {
      "time_ns": 220233.99,
      "time_ms": 0.22023399000000002,
      "iterations": 2100
    },
    "single_quantifier_digits": {
      "time_ns": 17950.02,
      "time_ms": 0.01795002,
      "iterations": 28000
    },
    "dense_quantifiers": {
      "time_ns": 20234.74,
      "time_ms": 0.02023474,
      "iterations": 22250
    },
    "no_literal_baseline": {
      "time_ns": 8312.719101123595,
      "time_ms": 0.008312719101123595,
      "iterations": 55002
    },
    "literal_match_long": {
      "time_ns": 5047.487,
      "time_ms": 0.005047487000000001,
      "iterations": 98000
    },