{
  "engine": "rust",
  "timestamp": "2026-03-31T18:45:00.456634696+00:00",
  "results": {
    "predefined_word": {
      "time_ns": 54498.8125,
      "time_ms": 0.0544988125,
      "iterations": 10000
    },
    "range_alphanumeric": {
      "time_ns": 54802.9055,
      "time_ms": 0.0548029055,
      "iterations": 10000
    },
    "datetime_quantifiers": {
      "time_ns": 73371.43,
      "time_ms": 0.07337143,
      "iterations": 7300
    },
    "is_match_lowercase": {
      "time_ns": 14.500861111111112,
      "time_ms": 0.000014500861111111113,
      "iterations": 33156000
    },
    "triple_quantifiers": {
      "time_ns": 10623.115,
      "time_ms": 0.010623115,
      "iterations": 45800
    },
    "no_literal_baseline": {
      "time_ns": 7730.599337748345,
      "time_ms": 0.007730599337748344,
      "iterations": 61608
    },
    "ultra_dense_quantifiers": {
      "time_ns": 46744.92,
      "time_ms": 0.046744919999999995,
      "iterations": 10600
    },
    "match_all_pattern": {
      "time_ns": 50757.2525,
      "time_ms": 0.050757252499999995,
      "iterations": 8800
    },
    "dfa_dot_phone": {
      "time_ns": 40078.12,
      "time_ms": 0.04007812,
      "iterations": 12300
    },
    "dense_quantifiers": {
      "time_ns": 25464.1,
      "time_ms": 0.0254641,
      "iterations": 19750
    },
    "literal_match_long": {
      "time_ns": 3998.2545,
      "time_ms": 0.0039982544999999994,
      "iterations": 122000
    },
    "literal_prefix_long": {
      "time_ns": 25808.923076923078,
      "time_ms": 0.025808923076923077,
      "iterations": 18382
    },
    "simd_negated_alphanumeric": {
      "time_ns": 44.781666666666666,
      "time_ms": 0.000044781666666666665,
      "iterations": 10039800
    },
    "simd_alphanumeric_xlarge": {
      "time_ns": 81.05405405405405,
      "time_ms": 0.00008105405405405405,
      "iterations": 5772000
    },
    "complex_email_extraction": {
      "time_ns": 492.93413461538455,
      "time_ms": 0.0004929341346153846,
      "iterations": 979680
    },
    "required_literal_short": {
      "time_ns": 295.7300232738557,
      "time_ms": 0.0002957300232738557,
      "iterations": 1691168
    },
    "mixed_range_quantifiers": {
      "time_ns": 6783.693333333334,
      "time_ms": 0.0067836933333333335,
      "iterations": 68625
    },
    "simple_phone": {
      "time_ns": 152126.605,
      "time_ms": 0.152126605,
      "iterations": 3000
    },
    "simd_alphanumeric_large": {
      "time_ns": 59.947562500000004,
      "time_ms": 0.0000599475625,
      "iterations": 8496000
    },
    "complex_number_extraction": {
      "time_ns": 104860.146,
      "time_ms": 0.104860146,
      "iterations": 4500
    },
    "literal_heavy_alternation": {
      "time_ns": 70.31126666666667,
      "time_ms": 0.00007031126666666667,
      "iterations": 7035000
    },
    "is_match_predefined_word": {
      "time_ns": 17.23264864864865,
      "time_ms": 0.00001723264864864865,
      "iterations": 29785000
    },
    "range_digits": {
      "time_ns": 57.88941176470588,
      "time_ms": 0.00005788941176470588,
      "iterations": 7531000
    },
    "dfa_simple_phone": {
      "time_ns": 76703.86,
      "time_ms": 0.07670386,
      "iterations": 6100
    },
    "grouped_quantifiers": {
      "time_ns": 11271.375,
      "time_ms": 0.011271374999999998,
      "iterations": 41800
    },
    "range_quantifiers": {
      "time_ns": 43622.845,
      "time_ms": 0.043622845,
      "iterations": 11000
    },
    "predefined_digits": {
      "time_ns": 53.8509375,
      "time_ms": 0.0000538509375,
      "iterations": 9232000
    },
    "flexible_phone": {
      "time_ns": 224099.635,
      "time_ms": 0.224099635,
      "iterations": 2200
    },
    "required_literal_long": {
      "time_ns": 1076.5363057324842,
      "time_ms": 0.0010765363057324842,
      "iterations": 464720
    },
    "wildcard_match_any": {
      "time_ns": 59154.556,
      "time_ms": 0.059154556,
      "iterations": 9000
    },
    "is_match_digits": {
      "time_ns": 36.79441379310345,
      "time_ms": 0.00003679441379310345,
      "iterations": 12557000
    },
    "range_lowercase": {
      "time_ns": 72.70376470588235,
      "time_ms": 0.00007270376470588234,
      "iterations": 6953000
    },
    "literal_prefix_short": {
      "time_ns": 251.36025917926565,
      "time_ms": 0.0002513602591792657,
      "iterations": 1893670
    },
    "group_quantified": {
      "time_ns": 46418.458,
      "time_ms": 0.046418458,
      "iterations": 11000
    },
    "single_quantifier_alpha": {
      "time_ns": 38367.99,
      "time_ms": 0.03836799,
      "iterations": 12400
    },
    "alternation_quantifiers": {
      "time_ns": 77644.69333333333,
      "time_ms": 0.07764469333333333,
      "iterations": 6225
    },
    "match_all_simple": {
      "time_ns": 7102.99,
      "time_ms": 0.00710299,
      "iterations": 60600
    },
    "quantifier_zero_or_one": {
      "time_ns": 57.78933333333333,
      "time_ms": 0.00005778933333333333,
      "iterations": 8172000
    },
    "quad_quantifiers": {
      "time_ns": 11933.54,
      "time_ms": 0.01193354,
      "iterations": 39600
    },
    "literal_match_short": {
      "time_ns": 427.542,
      "time_ms": 0.000427542,
      "iterations": 970000
    },
    "group_alternation": {
      "time_ns": 103.47064285714285,
      "time_ms": 0.00010347064285714285,
      "iterations": 4620000
    },
    "literal_prefix_medium": {
      "time_ns": 3042.8229813664593,
      "time_ms": 0.003042822981366459,
      "iterations": 161000
    },
    "deep_nested_groups_depth4": {
      "time_ns": 31.17889285714286,
      "time_ms": 0.00003117889285714286,
      "iterations": 15092000
    },
    "dfa_paren_phone": {
      "time_ns": 10141.25,
      "time_ms": 0.01014125,
      "iterations": 43800
    },
    "simd_multi_char_class": {
      "time_ns": 55.21152173913043,
      "time_ms": 0.00005521152173913043,
      "iterations": 7134600
    },
    "is_match_alphanumeric": {
      "time_ns": 13.714,
      "time_ms": 0.000013714000000000001,
      "iterations": 36565000
    },
    "anchor_start": {
      "time_ns": 36.60128846153846,
      "time_ms": 0.00003660128846153846,
      "iterations": 13052000
    },
    "anchor_end": {
      "time_ns": 23.742625,
      "time_ms": 0.000023742625,
      "iterations": 19624000
    },
    "complex_group_5_children": {
      "time_ns": 78.088125,
      "time_ms": 0.00007808812499999999,
      "iterations": 6024000
    },
    "large_8_alternations": {
      "time_ns": 75.88322222222222,
      "time_ms": 0.00007588322222222221,
      "iterations": 6246000
    },
    "alternation_common_prefix": {
      "time_ns": 2994.484265734266,
      "time_ms": 0.002994484265734266,
      "iterations": 164736
    },
    "dfa_digits_only": {
      "time_ns": 57509.64,
      "time_ms": 0.05750964,
      "iterations": 7300
    },
    "national_phone_validation": {
      "time_ns": 53373.25,
      "time_ms": 0.053373250000000004,
      "iterations": 9260
    },
    "optimize_multiple_quantifiers": {
      "time_ns": 20046.8775,
      "time_ms": 0.0200468775,
      "iterations": 25200
    },
    "dual_quantifiers": {
      "time_ns": 17978.006666666668,
      "time_ms": 0.017978006666666668,
      "iterations": 28050
    },
    "quantifier_zero_or_more": {
      "time_ns": 50.001739130434785,
      "time_ms": 0.000050001739130434786,
      "iterations": 8809000
    },
    "phone_validation": {
      "time_ns": 43.20271698113208,
      "time_ms": 0.00004320271698113208,
      "iterations": 11527500
    },
    "single_quantifier_digits": {
      "time_ns": 16574.175,
      "time_ms": 0.016574175,
      "iterations": 29000
    },
    "flexible_datetime": {
      "time_ns": 30507.2,
      "time_ms": 0.0305072,
      "iterations": 15500
    },
    "optimize_phone_quantifiers": {
      "time_ns": 42607.67,
      "time_ms": 0.04260767,
      "iterations": 11700
    },