{
  "engine": "rust",
  "timestamp": "2026-03-31T11:42:52.262268678+00:00",
  "results": {
    "group_alternation": {
      "time_ns": 60.592625,
      "time_ms": 0.000060592624999999995,
      "iterations": 7536000
    },
    "simd_negated_alphanumeric": {
      "time_ns": 55.16447183098591,
      "time_ms": 0.00005516447183098592,
      "iterations": 8548400
    },
    "dfa_paren_phone": {
      "time_ns": 15125.42,
      "time_ms": 0.01512542,
      "iterations": 34500
    },
    "anchor_start": {
      "time_ns": 36.56830357142857,
      "time_ms": 0.000036568303571428574,
      "iterations": 12992000
    },
    "is_match_lowercase": {
      "time_ns": 12.292887640449438,
      "time_ms": 0.00001229288764044944,
      "iterations": 35689000
    },
    "is_match_predefined_digits": {
      "time_ns": 25.407474999999998,
      "time_ms": 0.000025407475,
      "iterations": 22520000
    },
    "single_quantifier_alpha": {
      "time_ns": 41470.5525,
      "time_ms": 0.0414705525,
      "iterations": 12400
    },
    "large_8_alternations": {
      "time_ns": 87.79204166666668,
      "time_ms": 0.00008779204166666667,
      "iterations": 5280000
    },
    "optimize_range_quantifier": {
      "time_ns": 43695.866,
      "time_ms": 0.043695866,
      "iterations": 12000
    },
    "alternation_common_prefix": {
      "time_ns": 4312.861386138614,
      "time_ms": 0.004312861386138614,
      "iterations": 109484
    },
    "complex_email_extraction": {
      "time_ns": 406.37132352941177,
      "time_ms": 0.00040637132352941175,
      "iterations": 1175040
    },
    "dense_quantifiers": {
      "time_ns": 17991.32,
      "time_ms": 0.017991319999999998,
      "iterations": 26750
    },
    "is_match_digits": {
      "time_ns": 29.486395833333336,
      "time_ms": 0.000029486395833333334,
      "iterations": 16848000
    },
    "optimize_extreme_quantifiers": {
      "time_ns": 220.4682857142857,
      "time_ms": 0.0002204682857142857,
      "iterations": 2243500
    },
    "predefined_word": {
      "time_ns": 61708.35,
      "time_ms": 0.06170835,
      "iterations": 9000
    },
    "quantifier_zero_or_more": {
      "time_ns": 71.08707692307692,
      "time_ms": 0.00007108707692307692,
      "iterations": 7371000
    },
    "multi_format_phone": {
      "time_ns": 205739.52,
      "time_ms": 0.20573951999999998,
      "iterations": 2300
    },
    "literal_match_short": {
      "time_ns": 643.05675,
      "time_ms": 0.00064305675,
      "iterations": 772000
    },
    "literal_prefix_short": {
      "time_ns": 501.7773664727657,
      "time_ms": 0.0005017773664727657,
      "iterations": 985211
    },
    "quantifier_one_or_more": {
      "time_ns": 73.08842857142857,
      "time_ms": 0.00007308842857142856,
      "iterations": 6734000
    },
    "literal_prefix_long": {
      "time_ns": 39019.42307692308,
      "time_ms": 0.03901942307692308,
      "iterations": 12194
    },
    "phone_validation": {
      "time_ns": 37.703192307692305,
      "time_ms": 0.00003770319230769231,
      "iterations": 11310000
    },
    "predefined_digits": {
      "time_ns": 92.841,
      "time_ms": 0.000092841,
      "iterations": 4870000
    },
    "optimize_multiple_quantifiers": {
      "time_ns": 19304.84,
      "time_ms": 0.01930484,
      "iterations": 25800
    },
    "simd_alphanumeric_large": {
      "time_ns": 81.16986301369863,
      "time_ms": 0.00008116986301369863,
      "iterations": 5825400
    },
    "simd_alphanumeric_xlarge": {
      "time_ns": 73.70178571428572,
      "time_ms": 0.00007370178571428571,
      "iterations": 6249600
    },
    "simd_multi_char_class": {
      "time_ns": 72.515,
      "time_ms": 0.000072515,
      "iterations": 6604000
    },
    "no_literal_baseline": {
      "time_ns": 13719.073684210527,
      "time_ms": 0.013719073684210527,
      "iterations": 35055
    },
    "quad_quantifiers": {
      "time_ns": 19249.755,
      "time_ms": 0.019249755,
      "iterations": 26000
    },
    "optimize_phone_quantifiers": {
      "time_ns": 62450.39166666667,
      "time_ms": 0.06245039166666667,
      "iterations": 8400
    },
    "literal_heavy_alternation": {
      "time_ns": 73.76081818181818,
      "time_ms": 0.00007376081818181818,
      "iterations": 6347000
    },
    "range_digits": {
      "time_ns": 74.1602380952381,
      "time_ms": 0.00007416023809523811,
      "iterations": 6678000
    },
    "match_all_simple": {
      "time_ns": 7178.7025,
      "time_ms": 0.0071787025,
      "iterations": 69200
    },
    "quantifier_zero_or_one": {
      "time_ns": 62.133583333333334,
      "time_ms": 0.00006213358333333333,
      "iterations": 7428000
    },
    "is_match_predefined_word": {
      "time_ns": 12.826567567567567,
      "time_ms": 0.000012826567567567567,
      "iterations": 38480000
    },
    "literal_prefix_medium": {
      "time_ns": 3778.0945330296126,
      "time_ms": 0.0037780945330296127,
      "iterations": 134334
    },
    "required_literal_long": {
      "time_ns": 1076.5220959595958,
      "time_ms": 0.0010765220959595959,
      "iterations": 449856
    },
    "match_all_pattern": {
      "time_ns": 61276.385,
      "time_ms": 0.061276384999999996,
      "iterations": 8200
    },
    "optimize_large_quantifiers": {
      "time_ns": 13843.995,
      "time_ms": 0.013843995,
      "iterations": 38400
    },
    "literal_match_long": {
      "time_ns": 8066.227,
      "time_ms": 0.008066226999999999,
      "iterations": 62000
    },
    "deep_nested_groups_depth4": {
      "time_ns": 27.99186666666667,
      "time_ms": 0.000027991866666666665,
      "iterations": 17880000
    },
    "datetime_quantifiers": {
      "time_ns": 55201.42,
      "time_ms": 0.05520142,
      "iterations": 8500
    },
    "group_quantified": {
      "time_ns": 69730.597,
      "time_ms": 0.069730597,
      "iterations": 7000
    },
    "dfa_dot_phone": {
      "time_ns": 46717.93,
      "time_ms": 0.04671793,
      "iterations": 10300
    },
    "national_phone_validation": {
      "time_ns": 92215.05,
      "time_ms": 0.09221504999999999,
      "iterations": 4980
    },
    "dual_quantifiers": {
      "time_ns": 25612.7,
      "time_ms": 0.025612700000000002,
      "iterations": 19350
    },
    "mixed_range_quantifiers": {
      "time_ns": 6461.502222222222,
      "time_ms": 0.0064615022222222224,
      "iterations": 75825
    },
    "range_alphanumeric": {
      "time_ns": 76019.456,
      "time_ms": 0.076019456,
      "iterations": 6000
    },
    "alternation_quantifiers": {
      "time_ns": 74091.01333333334,
      "time_ms": 0.07409101333333333,
      "iterations": 5775
    },
    "flexible_datetime": {
      "time_ns": 37951.275,
      "time_ms": 0.037951275,
      "iterations": 13200
    },
    "complex_number_extraction": {
      "time_ns": 96460.726,
      "time_ms": 0.096460726,
      "iterations": 5500
    },
    "flexible_phone": {
      "time_ns": 225381.91,
      "time_ms": 0.22538191000000002,
      "iterations": 2300
    },
    "alternation_simple": {
      "time_ns": 22.43405405405405,
      "time_ms": 0.000022434054054054055,
      "iterations": 22052000
    },
    "dfa_digits_only": {
      "time_ns": 74022.89,
      "time_ms": 0.07402289,
      "iterations": 6400
    },
    "wildcard_match_any": {
      "time_ns": 47496.0615,
      "time_ms": 0.047496061500000006,
      "iterations": 10000
    },
    "complex_group_5_children": {
      "time_ns": 83.177,
      "time_ms": 0.00008317700000000001,
      "iterations": 5104000
    },
    "range_lowercase": {
      "time_ns": 78.255,
      "time_ms": 0.000078255,
      "iterations": 6336000
    },
    "dfa_simple_phone": {
      "time_ns": 103935.055,
      "time_ms": 0.103935055,
      "iterations": 5200
    },
    "grouped_quantifiers": {
      "time_ns": 15469.0,
      "time_ms": 0.015469,
      "iterations": 27700
    },
    "ultra_dense_quantifiers": {
      "time_ns": 64203.88,
      "time_ms": 0.06420388,
      "iterations": 7675
    },