{
  "engine": "rust",
  "timestamp": "2026-04-01T16:56:17.669405980+00:00",
  "results": {
    "quantifier_zero_or_one": {
      "time_ns": 48.837075,
      "time_ms": 0.00004883707499999999,
      "iterations": 8960000
    },
    "quantifier_one_or_more": {
      "time_ns": 52.55370588235294,
      "time_ms": 0.000052553705882352946,
      "iterations": 9435000
    },
    "simd_multi_char_class": {
      "time_ns": 75.82358024691358,
      "time_ms": 0.00007582358024691358,
      "iterations": 6496200
    },
    "simd_alphanumeric_large": {
      "time_ns": 76.7015322580645,
      "time_ms": 0.00007670153225806451,
      "iterations": 6324000
    },
    "literal_prefix_short": {
      "time_ns": 327.542345276873,
      "time_ms": 0.000327542345276873,
      "iterations": 1464390
    },
    "dense_quantifiers": {
      "time_ns": 19724.28,
      "time_ms": 0.01972428,
      "iterations": 23850
    },
    "mixed_range_quantifiers": {
      "time_ns": 5472.8,
      "time_ms": 0.0054728,
      "iterations": 84375
    },
    "wildcard_match_any": {
      "time_ns": 119298.526,
      "time_ms": 0.119298526,
      "iterations": 5000
    },
    "range_lowercase": {
      "time_ns": 68.31576923076923,
      "time_ms": 0.00006831576923076924,
      "iterations": 7267000
    },
    "predefined_word": {
      "time_ns": 51501.282,
      "time_ms": 0.051501282,
      "iterations": 10000
    },
    "alternation_simple": {
      "time_ns": 22.095132352941175,
      "time_ms": 0.000022095132352941176,
      "iterations": 20196000
    },
    "quad_quantifiers": {
      "time_ns": 12796.41,
      "time_ms": 0.012796410000000001,
      "iterations": 39000
    },
    "range_quantifiers": {
      "time_ns": 40761.18,
      "time_ms": 0.04076118,
      "iterations": 11500
    },
    "optimize_phone_quantifiers": {
      "time_ns": 40099.03666666667,
      "time_ms": 0.04009903666666667,
      "iterations": 12600
    },
    "required_literal_short": {
      "time_ns": 308.4695529743048,
      "time_ms": 0.0003084695529743048,
      "iterations": 1633575
    },
    "flexible_phone": {
      "time_ns": 194149.67,
      "time_ms": 0.19414967,
      "iterations": 2500
    },
    "large_8_alternations": {
      "time_ns": 63.04091666666666,
      "time_ms": 0.00006304091666666666,
      "iterations": 7308000
    },
    "literal_heavy_alternation": {
      "time_ns": 72.9575,
      "time_ms": 0.0000729575,
      "iterations": 6624000
    },
    "quantifier_zero_or_more": {
      "time_ns": 70.9457,
      "time_ms": 0.0000709457,
      "iterations": 6070000
    },
    "required_literal_long": {
      "time_ns": 1209.8118556701031,
      "time_ms": 0.0012098118556701032,
      "iterations": 416712
    },
    "is_match_alphanumeric": {
      "time_ns": 16.491009615384616,
      "time_ms": 0.000016491009615384615,
      "iterations": 26728000
    },
    "simd_negated_alphanumeric": {
      "time_ns": 47.915,
      "time_ms": 0.000047915,
      "iterations": 10540800
    },
    "is_match_predefined_word": {
      "time_ns": 14.21905633802817,
      "time_ms": 0.00001421905633802817,
      "iterations": 35003000
    },
    "literal_match_long": {
      "time_ns": 3833.213,
      "time_ms": 0.0038332130000000002,
      "iterations": 110000
    },
    "optimize_range_quantifier": {
      "time_ns": 45728.885,
      "time_ms": 0.045728885,
      "iterations": 11000
    },
    "deep_nested_groups_depth4": {
      "time_ns": 23.903727272727274,
      "time_ms": 0.000023903727272727272,
      "iterations": 18810000
    },
    "match_all_pattern": {
      "time_ns": 88086.51,
      "time_ms": 0.08808650999999999,
      "iterations": 6000
    },
    "national_phone_validation": {
      "time_ns": 58361.725,
      "time_ms": 0.058361724999999996,
      "iterations": 8120
    },
    "ultra_dense_quantifiers": {
      "time_ns": 48238.56,
      "time_ms": 0.04823856,
      "iterations": 10475
    },
    "grouped_quantifiers": {
      "time_ns": 10327.02,
      "time_ms": 0.01032702,
      "iterations": 45200
    },
    "single_quantifier_digits": {
      "time_ns": 17694.585,
      "time_ms": 0.017694585,
      "iterations": 27200
    },
    "dfa_simple_phone": {
      "time_ns": 108047.885,
      "time_ms": 0.10804788500000001,
      "iterations": 4800
    },
    "optimize_extreme_quantifiers": {
      "time_ns": 229.27666666666667,
      "time_ms": 0.00022927666666666666,
      "iterations": 2124000
    },
    "triple_quantifiers": {
      "time_ns": 9924.9,
      "time_ms": 0.0099249,
      "iterations": 42500
    },
    "is_match_predefined_digits": {
      "time_ns": 16.558338461538465,
      "time_ms": 0.000016558338461538462,
      "iterations": 29510000
    },
    "literal_match_short": {
      "time_ns": 364.827625,
      "time_ms": 0.00036482762499999996,
      "iterations": 1352000
    },
    "multi_format_phone": {
      "time_ns": 205890.94,
      "time_ms": 0.20589094,
      "iterations": 2050
    },
    "dfa_digits_only": {
      "time_ns": 63199.11,
      "time_ms": 0.06319911,
      "iterations": 7900
    },
    "group_quantified": {
      "time_ns": 48927.005,
      "time_ms": 0.048927005,
      "iterations": 11000
    },
    "optimize_large_quantifiers": {
      "time_ns": 10794.585,
      "time_ms": 0.010794585,
      "iterations": 44400
    },
    "optimize_multiple_quantifiers": {
      "time_ns": 22635.7975,
      "time_ms": 0.0226357975,
      "iterations": 22400
    },
    "match_all_simple": {
      "time_ns": 7688.375,
      "time_ms": 0.007688375,
      "iterations": 61400
    },
    "dual_quantifiers": {
      "time_ns": 24731.636666666665,
      "time_ms": 0.024731636666666668,
      "iterations": 18900
    },
    "simd_alphanumeric_xlarge": {
      "time_ns": 64.11659090909092,
      "time_ms": 0.00006411659090909091,
      "iterations": 7612000
    },
    "datetime_quantifiers": {
      "time_ns": 59198.23,
      "time_ms": 0.05919823,
      "iterations": 8000
    },
    "alternation_words": {
      "time_ns": 27.727625,
      "time_ms": 0.000027727625,
      "iterations": 17720000
    },
    "no_literal_baseline": {
      "time_ns": 7173.54,
      "time_ms": 0.00717354,
      "iterations": 65700
    },
    "flexible_datetime": {
      "time_ns": 32203.855,
      "time_ms": 0.032203854999999997,
      "iterations": 14800
    },
    "complex_email_extraction": {
      "time_ns": 462.8675531914893,
      "time_ms": 0.00046286755319148936,
      "iterations": 1084760
    },
    "range_digits": {
      "time_ns": 60.29193333333333,
      "time_ms": 0.00006029193333333333,
      "iterations": 7410000
    },
    "anchor_end": {
      "time_ns": 22.444157894736843,
      "time_ms": 0.000022444157894736843,
      "iterations": 21090000
    },
    "group_alternation": {
      "time_ns": 56.511466666666664,
      "time_ms": 0.00005651146666666667,
      "iterations": 8790000
    },
    "simple_phone": {
      "time_ns": 149496.91,
      "time_ms": 0.14949690999999998,
      "iterations": 3300
    },
    "anchor_start": {
      "time_ns": 46.2955,
      "time_ms": 0.000046295500000000004,
      "iterations": 11044000
    },
    "alternation_common_prefix": {
      "time_ns": 2475.416886543536,
      "time_ms": 0.002475416886543536,
      "iterations": 201628
    },
    "alternation_quantifiers": {
      "time_ns": 76914.37333333334,
      "time_ms": 0.07691437333333333,
      "iterations": 6150
    },
    "range_alphanumeric": {
      "time_ns": 58758.036,
      "time_ms": 0.058758036,
      "iterations": 9000
    },
    "literal_prefix_medium": {
      "time_ns": 3434.9469964664313,
      "time_ms": 0.0034349469964664314,
      "iterations": 136123
    },
    "dfa_dot_phone": {
      "time_ns": 43005.88,
      "time_ms": 0.04300588,
      "iterations": 10200
    },
    "single_quantifier_alpha": {
      "time_ns": 41008.0325,
      "time_ms": 0.0410080325,
      "iterations": 12000
    },
    "dfa_paren_phone": {
      "time_ns": 15634.26,
      "time_ms": 0.01563426,