{
  "engine": "rust",
  "timestamp": "2026-03-29T21:47:45.974950816+00:00",
  "results": {
    "dual_quantifiers": {
      "time_ns": 38408.94666666666,
      "time_ms": 0.038408946666666666,
      "iterations": 17400
    },
    "flexible_phone": {
      "time_ns": 224268.76,
      "time_ms": 0.22426876,
      "iterations": 1900
    },
    "literal_match_long": {
      "time_ns": 3580.9945,
      "time_ms": 0.0035809945000000003,
      "iterations": 114000
    },
    "literal_match_short": {
      "time_ns": 598.252,
      "time_ms": 0.000598252,
      "iterations": 924000
    },
    "single_quantifier_digits": {
      "time_ns": 25737.335,
      "time_ms": 0.025737335,
      "iterations": 21200
    },
    "datetime_quantifiers": {
      "time_ns": 79442.62,
      "time_ms": 0.07944262,
      "iterations": 6100
    },
    "alternation_simple": {
      "time_ns": 19.877909090909093,
      "time_ms": 0.00001987790909090909,
      "iterations": 23991000
    },
    "match_all_pattern": {
      "time_ns": 78463.4325,
      "time_ms": 0.0784634325,
      "iterations": 6400
    },
    "dense_quantifiers": {
      "time_ns": 30407.05,
      "time_ms": 0.03040705,
      "iterations": 17000
    },
    "range_digits": {
      "time_ns": 33.508923076923075,
      "time_ms": 0.00003350892307692308,
      "iterations": 15054000
    },
    "required_literal_short": {
      "time_ns": 495.2533265097236,
      "time_ms": 0.0004952533265097236,
      "iterations": 1031712
    },
    "literal_heavy_alternation": {
      "time_ns": 117.19930000000001,
      "time_ms": 0.00011719930000000001,
      "iterations": 4170000
    },
    "dfa_digits_only": {
      "time_ns": 102568.46,
      "time_ms": 0.10256846,
      "iterations": 5500
    },
    "literal_prefix_short": {
      "time_ns": 473.06683971447114,
      "time_ms": 0.00047306683971447115,
      "iterations": 1060208
    },
    "range_lowercase": {
      "time_ns": 16.86251515151515,
      "time_ms": 0.000016862515151515154,
      "iterations": 28380000
    },
    "deep_nested_groups_depth4": {
      "time_ns": 25.366296296296294,
      "time_ms": 0.000025366296296296296,
      "iterations": 19737000
    },
    "literal_prefix_long": {
      "time_ns": 35302.71428571428,
      "time_ms": 0.035302714285714284,
      "iterations": 13062
    },
    "range_quantifiers": {
      "time_ns": 67487.58,
      "time_ms": 0.06748757999999999,
      "iterations": 7400
    },
    "simd_multi_char_class": {
      "time_ns": 21.70186090225564,
      "time_ms": 0.000021701860902255637,
      "iterations": 21652400
    },
    "simple_phone": {
      "time_ns": 245373.52,
      "time_ms": 0.24537351999999998,
      "iterations": 2100
    },
    "large_8_alternations": {
      "time_ns": 75.766375,
      "time_ms": 0.000075766375,
      "iterations": 6128000
    },
    "no_literal_baseline": {
      "time_ns": 8584.476666666667,
      "time_ms": 0.008584476666666667,
      "iterations": 49500
    },
    "alternation_quantifiers": {
      "time_ns": 119869.77333333333,
      "time_ms": 0.11986977333333333,
      "iterations": 4125
    },
    "flexible_datetime": {
      "time_ns": 58079.99,
      "time_ms": 0.05807999,
      "iterations": 8600
    },
    "wildcard_match_any": {
      "time_ns": 18.567822222222226,
      "time_ms": 0.000018567822222222223,
      "iterations": 24300000
    },
    "optimize_multiple_quantifiers": {
      "time_ns": 33242.31,
      "time_ms": 0.033242310000000004,
      "iterations": 15200
    },
    "simd_alphanumeric_xlarge": {
      "time_ns": 19.237951388888888,
      "time_ms": 0.00001923795138888889,
      "iterations": 22723200
    },
    "alternation_common_prefix": {
      "time_ns": 2689.065909090909,
      "time_ms": 0.002689065909090909,
      "iterations": 157960
    },
    "simd_alphanumeric_large": {
      "time_ns": 24.670735294117648,
      "time_ms": 0.00002467073529411765,
      "iterations": 19624800
    },
    "literal_prefix_medium": {
      "time_ns": 2557.72,
      "time_ms": 0.00255772,
      "iterations": 165600
    },
    "simd_negated_alphanumeric": {
      "time_ns": 22.589719101123595,
      "time_ms": 0.000022589719101123598,
      "iterations": 19508800
    },
    "phone_validation": {
      "time_ns": 24.50523076923077,
      "time_ms": 0.000024505230769230768,
      "iterations": 20514000
    },
    "complex_number_extraction": {
      "time_ns": 87194.192,
      "time_ms": 0.087194192,
      "iterations": 5500
    },
    "national_phone_validation": {
      "time_ns": 74362.5,
      "time_ms": 0.0743625,
      "iterations": 6460
    },
    "optimize_phone_quantifiers": {
      "time_ns": 62985.753333333334,
      "time_ms": 0.06298575333333334,
      "iterations": 7800
    },
    "quantifier_zero_or_more": {
      "time_ns": 34.2869,
      "time_ms": 0.000034286900000000005,
      "iterations": 16600000
    },
    "triple_quantifiers": {
      "time_ns": 9465.28,
      "time_ms": 0.00946528,
      "iterations": 42800
    },
    "dfa_paren_phone": {
      "time_ns": 12519.88,
      "time_ms": 0.01251988,
      "iterations": 38200
    },
    "anchor_start": {
      "time_ns": 26.583868421052628,
      "time_ms": 0.00002658386842105263,
      "iterations": 18658000
    },
    "complex_group_5_children": {
      "time_ns": 129.87566666666666,
      "time_ms": 0.00012987566666666667,
      "iterations": 3648000
    },
    "range_alphanumeric": {
      "time_ns": 27.963175,
      "time_ms": 0.000027963175,
      "iterations": 17880000
    },
    "predefined_word": {
      "time_ns": 16.004973684210526,
      "time_ms": 0.000016004973684210527,
      "iterations": 29146000
    },
    "anchor_end": {
      "time_ns": 31.01022222222222,
      "time_ms": 0.00003101022222222222,
      "iterations": 14832000
    },
    "alternation_words": {
      "time_ns": 19.738733333333332,
      "time_ms": 0.000019738733333333335,
      "iterations": 23220000
    },
    "quantifier_zero_or_one": {
      "time_ns": 26.0308,
      "time_ms": 0.000026030799999999998,
      "iterations": 16480000
    },
    "quantifier_one_or_more": {
      "time_ns": 41.31036,
      "time_ms": 0.00004131036,
      "iterations": 11350000
    },
    "predefined_digits": {
      "time_ns": 72.22316666666666,
      "time_ms": 0.00007222316666666666,
      "iterations": 6984000
    },
    "ultra_dense_quantifiers": {
      "time_ns": 52041.52,
      "time_ms": 0.052041519999999994,
      "iterations": 8450
    },
    "quad_quantifiers": {
      "time_ns": 11153.43,
      "time_ms": 0.011153429999999999,
      "iterations": 41500
    },
    "mixed_range_quantifiers": {
      "time_ns": 4892.706666666667,
      "time_ms": 0.0048927066666666665,
      "iterations": 85200
    },
    "required_literal_long": {
      "time_ns": 2069.587234042553,
      "time_ms": 0.002069587234042553,
      "iterations": 274010
    },
    "optimize_large_quantifiers": {
      "time_ns": 10443.76,
      "time_ms": 0.01044376,
      "iterations": 39300
    },
    "single_quantifier_alpha": {
      "time_ns": 58274.06,
      "time_ms": 0.058274059999999996,
      "iterations": 9200
    },
    "grouped_quantifiers": {
      "time_ns": 9061.37,
      "time_ms": 0.00906137,
      "iterations": 46900
    },
    "group_quantified": {
      "time_ns": 91056.766,
      "time_ms": 0.091056766,
      "iterations": 6000
    },
    "optimize_extreme_quantifiers": {
      "time_ns": 188.67620000000002,
      "time_ms": 0.00018867620000000002,
      "iterations": 2120000
    },
    "complex_email_extraction": {
      "time_ns": 498.9245098039216,
      "time_ms": 0.0004989245098039216,
      "iterations": 952680
    },
    "multi_format_phone": {
      "time_ns": 231880.64,
      "time_ms": 0.23188064,
      "iterations": 1750
    },
    "dfa_dot_phone": {
      "time_ns": 52263.54,
      "time_ms": 0.05226354,
      "iterations": 9400
    },
    "optimize_range_quantifier": {
      "time_ns": 33681.896,
      "time_ms": 0.033681896,