{
  "engine": "rust",
  "timestamp": "2026-04-18T23:02:42.510621986+00:00",
  "results": {
    "nanpa_match_first": {
      "time_ns": 95.19318181818183,
      "time_ms": 0.00009519318181818183,
      "iterations": 5324000
    },
    "simple_phone": {
      "time_ns": 238229.81,
      "time_ms": 0.23822981,
      "iterations": 2200
    },
    "is_match_predefined_word": {
      "time_ns": 22.63468292682927,
      "time_ms": 0.00002263468292682927,
      "iterations": 21812000
    },
    "ultra_dense_quantifiers": {
      "time_ns": 69477.56,
      "time_ms": 0.06947756,
      "iterations": 7425
    },
    "grouped_quantifiers": {
      "time_ns": 17364.175,
      "time_ms": 0.017364175,
      "iterations": 28800
    },
    "dense_quantifiers": {
      "time_ns": 22910.91,
      "time_ms": 0.022910910000000003,
      "iterations": 21500
    },
    "sub_digits": {
      "time_ns": 186000.1,
      "time_ms": 0.1860001,
      "iterations": 2610
    },
    "no_literal_baseline": {
      "time_ns": 8327.449612403101,
      "time_ms": 0.008327449612403101,
      "iterations": 60630
    },
    "alternation_quantifiers": {
      "time_ns": 107862.89333333333,
      "time_ms": 0.10786289333333333,
      "iterations": 4725
    },
    "anchor_start": {
      "time_ns": 57.465,
      "time_ms": 0.000057465,
      "iterations": 8496000
    },
    "national_phone_validation": {
      "time_ns": 68773.775,
      "time_ms": 0.06877377500000001,
      "iterations": 6960
    },
    "deep_nested_groups_depth4": {
      "time_ns": 42.075153846153846,
      "time_ms": 0.00004207515384615385,
      "iterations": 11726000
    },
    "is_match_predefined_digits": {
      "time_ns": 24.39547619047619,
      "time_ms": 0.00002439547619047619,
      "iterations": 19824000
    },
    "group_alternation": {
      "time_ns": 84.65326666666667,
      "time_ms": 0.00008465326666666666,
      "iterations": 6030000
    },
    "is_match_digits": {
      "time_ns": 38.82962962962963,
      "time_ms": 0.00003882962962962963,
      "iterations": 12825000
    },
    "sparse_email_findall": {
      "time_ns": 2305.9103448275864,
      "time_ms": 0.002305910344827586,
      "iterations": 213585
    },
    "alternation_simple": {
      "time_ns": 25.883609375,
      "time_ms": 0.000025883609375,
      "iterations": 18496000
    },
    "phone_validation": {
      "time_ns": 31.90666037735849,
      "time_ms": 0.000031906660377358485,
      "iterations": 15105000
    },
    "literal_match_long": {
      "time_ns": 5674.0605,
      "time_ms": 0.0056740605000000005,
      "iterations": 90000
    },
    "quad_quantifiers": {
      "time_ns": 20969.44,
      "time_ms": 0.020969440000000002,
      "iterations": 24000
    },
    "simd_multi_char_class": {
      "time_ns": 101.53232456140351,
      "time_ms": 0.00010153232456140351,
      "iterations": 4993200
    },
    "range_lowercase": {
      "time_ns": 84.3129,
      "time_ms": 0.0000843129,
      "iterations": 5520000
    },
    "anchor_end": {
      "time_ns": 41.532,
      "time_ms": 0.000041532,
      "iterations": 11570000
    },
    "nanpa_search": {
      "time_ns": 84.60704119850186,
      "time_ms": 0.00008460704119850187,
      "iterations": 5673750
    },
    "optimize_range_quantifier": {
      "time_ns": 50975.601,
      "time_ms": 0.050975600999999995,
      "iterations": 10000
    },
    "simd_negated_alphanumeric": {
      "time_ns": 84.28390845070422,
      "time_ms": 0.00008428390845070422,
      "iterations": 5907200
    },
    "nanpa_findall": {
      "time_ns": 13984.046511627907,
      "time_ms": 0.013984046511627907,
      "iterations": 36378
    },
    "complex_email_extraction": {
      "time_ns": 605.6909090909091,
      "time_ms": 0.0006056909090909091,
      "iterations": 741840
    },
    "sub_group_word_swap": {
      "time_ns": 59016.35,
      "time_ms": 0.059016349999999995,
      "iterations": 8740
    },
    "large_8_alternations": {
      "time_ns": 103.6209090909091,
      "time_ms": 0.00010362090909090908,
      "iterations": 4939000
    },
    "alternation_common_prefix": {
      "time_ns": 3953.0429553264603,
      "time_ms": 0.003953042955326461,
      "iterations": 125712
    },
    "dfa_digits_only": {
      "time_ns": 71987.55,
      "time_ms": 0.07198755,
      "iterations": 6600
    },
    "simd_alphanumeric_xlarge": {
      "time_ns": 83.094921875,
      "time_ms": 0.000083094921875,
      "iterations": 6080000
    },
    "sparse_flex_phone_findall": {
      "time_ns": 58358.857142857145,
      "time_ms": 0.05835885714285714,
      "iterations": 8162
    },
    "match_all_simple": {
      "time_ns": 10193.28,
      "time_ms": 0.01019328,
      "iterations": 48200
    },
    "range_quantifiers": {
      "time_ns": 51448.875,
      "time_ms": 0.051448875000000005,
      "iterations": 9400
    },
    "dfa_paren_phone": {
      "time_ns": 23279.84,
      "time_ms": 0.02327984,
      "iterations": 23100
    },
    "predefined_word": {
      "time_ns": 83676.961,
      "time_ms": 0.08367696100000001,
      "iterations": 7000
    },
    "sub_literal": {
      "time_ns": 1904.545,
      "time_ms": 0.001904545,
      "iterations": 257000
    },
    "literal_prefix_long": {
      "time_ns": 48943.8,
      "time_ms": 0.0489438,
      "iterations": 10125
    },
    "dfa_dot_phone": {
      "time_ns": 67796.88,
      "time_ms": 0.06779688,
      "iterations": 7700
    },
    "mixed_range_quantifiers": {
      "time_ns": 5969.337777777778,
      "time_ms": 0.005969337777777778,
      "iterations": 78525
    },
    "quantifier_zero_or_more": {
      "time_ns": 69.61133333333335,
      "time_ms": 0.00006961133333333334,
      "iterations": 6864000
    },
    "dual_quantifiers": {
      "time_ns": 22735.566666666666,
      "time_ms": 0.022735566666666665,
      "iterations": 21600
    },
    "sparse_phone_findall": {
      "time_ns": 2865.793939393939,
      "time_ms": 0.002865793939393939,
      "iterations": 166320
    },
    "dfa_simple_phone": {
      "time_ns": 86957.085,
      "time_ms": 0.086957085,
      "iterations": 5800
    },
    "simd_alphanumeric_large": {
      "time_ns": 92.31083333333333,
      "time_ms": 0.00009231083333333334,
      "iterations": 5544000
    },
    "required_literal_long": {
      "time_ns": 1445.3023648648648,
      "time_ms": 0.0014453023648648648,
      "iterations": 336848
    },
    "group_quantified": {
      "time_ns": 74030.331,
      "time_ms": 0.074030331,
      "iterations": 7000
    },
    "optimize_phone_quantifiers": {
      "time_ns": 61390.96666666667,
      "time_ms": 0.06139096666666667,
      "iterations": 7800
    },
    "range_alphanumeric": {
      "time_ns": 85043.2815,
      "time_ms": 0.08504328150000001,
      "iterations": 6000
    },
    "literal_heavy_alternation": {
      "time_ns": 99.7417,
      "time_ms": 0.0000997417,
      "iterations": 4970000
    },
    "literal_prefix_short": {
      "time_ns": 356.28494301139773,
      "time_ms": 0.0003562849430113977,
      "iterations": 1318597
    },
    "multi_format_phone": {
      "time_ns": 369735.74,
      "time_ms": 0.36973574,
      "iterations": 1400
    },
    "single_quantifier_digits": {
      "time_ns": 27761.62,
      "time_ms": 0.027761619999999997,
      "iterations": 17800
    },
    "triple_quantifiers": {
      "time_ns": 16146.875,
      "time_ms": 0.016146875,
      "iterations": 30400
    },
    "flexible_phone": {
      "time_ns": 248750.065,
      "time_ms": 0.24875006500000002,
      "iterations": 2000
    },
    "datetime_quantifiers": {
      "time_ns": 91245.16,
      "time_ms": 0.09124515999999999,
      "iterations": 5100
    },
    "literal_match_short": {
      "time_ns": 639.5225,
      "time_ms": 0.0006395225,
      "iterations": 740000
    },
    "is_match_lowercase": {
      "time_ns": 25.678026315789474,
      "time_ms": 0.000025678026315789473,
      "iterations": 20292000
    },
    "predefined_digits": {
      "time_ns": 68.962,
      "time_ms": 0.000068962,