{
  "engine": "rust",
  "timestamp": "2026-04-14T22:44:03.593113375+00:00",
  "results": {
    "predefined_digits": {
      "time_ns": 70.78160000000001,
      "time_ms": 0.0000707816,
      "iterations": 7850000
    },
    "nanpa_search": {
      "time_ns": 49.22557195571955,
      "time_ms": 0.00004922557195571955,
      "iterations": 9783100
    },
    "range_digits": {
      "time_ns": 55.141949999999994,
      "time_ms": 0.00005514195,
      "iterations": 7660000
    },
    "literal_heavy_alternation": {
      "time_ns": 61.2265,
      "time_ms": 0.00006122650000000001,
      "iterations": 7308000
    },
    "is_match_alphanumeric": {
      "time_ns": 12.001384615384616,
      "time_ms": 0.000012001384615384615,
      "iterations": 36192000
    },
    "sub_limited_count": {
      "time_ns": 5507.408333333334,
      "time_ms": 0.005507408333333333,
      "iterations": 72600
    },
    "match_all_simple": {
      "time_ns": 4855.015,
      "time_ms": 0.004855015,
      "iterations": 98600
    },
    "nanpa_match_first": {
      "time_ns": 45.852978723404256,
      "time_ms": 0.000045852978723404256,
      "iterations": 8812500
    },
    "deep_nested_groups_depth4": {
      "time_ns": 44.98375757575758,
      "time_ms": 0.00004498375757575757,
      "iterations": 10923000
    },
    "range_alphanumeric": {
      "time_ns": 44315.307,
      "time_ms": 0.044315307,
      "iterations": 9000
    },
    "dfa_paren_phone": {
      "time_ns": 18508.7,
      "time_ms": 0.0185087,
      "iterations": 27600
    },
    "optimize_range_quantifier": {
      "time_ns": 29222.185,
      "time_ms": 0.029222185,
      "iterations": 17000
    },
    "dense_quantifiers": {
      "time_ns": 19780.57,
      "time_ms": 0.01978057,
      "iterations": 24300
    },
    "sub_literal": {
      "time_ns": 1174.865,
      "time_ms": 0.001174865,
      "iterations": 345600
    },
    "literal_prefix_medium": {
      "time_ns": 2251.613793103448,
      "time_ms": 0.0022516137931034483,
      "iterations": 177480
    },
    "complex_number_extraction": {
      "time_ns": 63588.96,
      "time_ms": 0.06358896,
      "iterations": 7000
    },
    "simd_alphanumeric_large": {
      "time_ns": 51.57371794871795,
      "time_ms": 0.00005157371794871795,
      "iterations": 8533200
    },
    "multi_format_phone": {
      "time_ns": 155616.64,
      "time_ms": 0.15561664,
      "iterations": 2950
    },
    "dfa_digits_only": {
      "time_ns": 89879.57,
      "time_ms": 0.08987956999999999,
      "iterations": 5700
    },
    "dfa_dot_phone": {
      "time_ns": 30817.78,
      "time_ms": 0.03081778,
      "iterations": 15200
    },
    "required_literal_short": {
      "time_ns": 202.4344080044469,
      "time_ms": 0.0002024344080044469,
      "iterations": 1896146
    },
    "literal_match_short": {
      "time_ns": 590.1395,
      "time_ms": 0.0005901395,
      "iterations": 948000
    },
    "wildcard_match_any": {
      "time_ns": 45601.2525,
      "time_ms": 0.0456012525,
      "iterations": 10000
    },
    "simd_alphanumeric_xlarge": {
      "time_ns": 51.702422680412376,
      "time_ms": 0.00005170242268041237,
      "iterations": 7255600
    },
    "large_8_alternations": {
      "time_ns": 56.832766666666664,
      "time_ms": 0.00005683276666666667,
      "iterations": 8610000
    },
    "literal_prefix_long": {
      "time_ns": 21668.571428571428,
      "time_ms": 0.021668571428571426,
      "iterations": 21392
    },
    "range_quantifiers": {
      "time_ns": 40812.94,
      "time_ms": 0.04081294,
      "iterations": 11700
    },
    "optimize_large_quantifiers": {
      "time_ns": 8859.84,
      "time_ms": 0.00885984,
      "iterations": 44200
    },
    "sparse_phone_findall": {
      "time_ns": 1942.6311926605508,
      "time_ms": 0.0019426311926605505,
      "iterations": 210370
    },
    "nanpa_findall": {
      "time_ns": 9524.366197183099,
      "time_ms": 0.009524366197183099,
      "iterations": 43026
    },
    "match_all_pattern": {
      "time_ns": 41391.62,
      "time_ms": 0.04139162,
      "iterations": 10600
    },
    "quantifier_zero_or_more": {
      "time_ns": 53.3625,
      "time_ms": 0.0000533625,
      "iterations": 8808000
    },
    "quantifier_zero_or_one": {
      "time_ns": 53.393952380952385,
      "time_ms": 0.00005339395238095238,
      "iterations": 8463000
    },
    "grouped_quantifiers": {
      "time_ns": 11971.55,
      "time_ms": 0.01197155,
      "iterations": 41800
    },
    "sparse_flex_phone_findall": {
      "time_ns": 28929.3,
      "time_ms": 0.028929299999999998,
      "iterations": 16180
    },
    "single_quantifier_alpha": {
      "time_ns": 33314.925,
      "time_ms": 0.033314925,
      "iterations": 12800
    },
    "alternation_simple": {
      "time_ns": 24.65051923076923,
      "time_ms": 0.00002465051923076923,
      "iterations": 20124000
    },
    "simple_phone": {
      "time_ns": 164892.47,
      "time_ms": 0.16489246999999999,
      "iterations": 3100
    },
    "sub_whitespace": {
      "time_ns": 24111.21,
      "time_ms": 0.02411121,
      "iterations": 18200
    },
    "dfa_simple_phone": {
      "time_ns": 58684.28,
      "time_ms": 0.05868428,
      "iterations": 7900
    },
    "no_literal_baseline": {
      "time_ns": 5190.648401826484,
      "time_ms": 0.0051906484018264835,
      "iterations": 75555
    },
    "flexible_datetime": {
      "time_ns": 31093.465,
      "time_ms": 0.031093465,
      "iterations": 15800
    },
    "sparse_email_findall": {
      "time_ns": 1094.657,
      "time_ms": 0.001094657,
      "iterations": 367000
    },
    "sub_group_date_fmt": {
      "time_ns": 28620.175,
      "time_ms": 0.028620174999999998,
      "iterations": 14440
    },
    "is_match_predefined_digits": {
      "time_ns": 11.601869047619047,
      "time_ms": 0.000011601869047619049,
      "iterations": 36540000
    },
    "literal_prefix_short": {
      "time_ns": 214.50427046263346,
      "time_ms": 0.00021450427046263345,
      "iterations": 2037250
    },
    "group_quantified": {
      "time_ns": 37514.701,
      "time_ms": 0.037514701000000004,
      "iterations": 13000
    },
    "sub_char_class": {
      "time_ns": 186029.9,
      "time_ms": 0.1860299,
      "iterations": 2170
    },
    "sparse_phone_search": {
      "time_ns": 1291.9288659793815,
      "time_ms": 0.0012919288659793814,
      "iterations": 367630
    },
    "alternation_words": {
      "time_ns": 22.294266666666665,
      "time_ms": 0.000022294266666666668,
      "iterations": 22095000
    },
    "mixed_range_quantifiers": {
      "time_ns": 3818.2622222222226,
      "time_ms": 0.0038182622222222226,
      "iterations": 127575
    },
    "alternation_quantifiers": {
      "time_ns": 54232.53333333333,
      "time_ms": 0.05423253333333334,
      "iterations": 9150
    },
    "optimize_phone_quantifiers": {
      "time_ns": 40415.09166666667,
      "time_ms": 0.040415091666666667,
      "iterations": 11400
    },
    "simd_multi_char_class": {
      "time_ns": 47.025193965517246,
      "time_ms": 0.00004702519396551724,
      "iterations": 8352000
    },
    "group_alternation": {
      "time_ns": 66.38021875,
      "time_ms": 0.00006638021874999999,
      "iterations": 7040000
    },
    "sub_digits": {
      "time_ns": 195321.65,
      "time_ms": 0.19532164999999999,
      "iterations": 2740
    },
    "is_match_digits": {
      "time_ns": 22.75131818181818,
      "time_ms": 0.000022751318181818183,
      "iterations": 18700000
    },
    "range_lowercase": {
      "time_ns": 48.71291666666667,
      "time_ms": 0.00004871291666666667,
      "iterations": 9144000
    },
    "predefined_word": {
      "time_ns": 42623.6495,
      "time_ms": 0.0426236495,
      "iterations": 12000
    },
    "national_phone_validation": {
      "time_ns": 118369.1,
      "time_ms": 0.1183691,
      "iterations": 3980
    },
    "optimize_multiple_quantifiers": {
      "time_ns": 18614.635,
      "time_ms": 0.018614635,