{
  "engine": "rust",
  "timestamp": "2026-04-02T23:54:26.976801195+00:00",
  "results": {
    "literal_heavy_alternation": {
      "time_ns": 88.12953333333334,
      "time_ms": 0.00008812953333333334,
      "iterations": 5745000
    },
    "anchor_end": {
      "time_ns": 22.914770833333332,
      "time_ms": 0.000022914770833333332,
      "iterations": 20592000
    },
    "is_match_alphanumeric": {
      "time_ns": 15.726881355932205,
      "time_ms": 0.000015726881355932204,
      "iterations": 30208000
    },
    "literal_match_long": {
      "time_ns": 3654.1235,
      "time_ms": 0.0036541234999999997,
      "iterations": 138000
    },
    "match_all_simple": {
      "time_ns": 7405.97,
      "time_ms": 0.00740597,
      "iterations": 66000
    },
    "grouped_quantifiers": {
      "time_ns": 11415.385,
      "time_ms": 0.011415385,
      "iterations": 43000
    },
    "alternation_words": {
      "time_ns": 26.21640425531915,
      "time_ms": 0.00002621640425531915,
      "iterations": 19129000
    },
    "large_8_alternations": {
      "time_ns": 72.07058823529412,
      "time_ms": 0.00007207058823529413,
      "iterations": 6902000
    },
    "no_literal_baseline": {
      "time_ns": 7630.311111111111,
      "time_ms": 0.0076303111111111115,
      "iterations": 64395
    },
    "single_quantifier_alpha": {
      "time_ns": 68507.74,
      "time_ms": 0.06850774,
      "iterations": 7000
    },
    "wildcard_match_any": {
      "time_ns": 46886.108,
      "time_ms": 0.046886108,
      "iterations": 11000
    },
    "simple_phone": {
      "time_ns": 162667.47,
      "time_ms": 0.16266746999999998,
      "iterations": 2900
    },
    "phone_validation": {
      "time_ns": 34.293490909090906,
      "time_ms": 0.0000342934909090909,
      "iterations": 14465000
    },
    "dfa_simple_phone": {
      "time_ns": 89793.4,
      "time_ms": 0.08979340000000001,
      "iterations": 4200
    },
    "dual_quantifiers": {
      "time_ns": 39060.86666666667,
      "time_ms": 0.039060866666666666,
      "iterations": 12900
    },
    "complex_email_extraction": {
      "time_ns": 351.98125,
      "time_ms": 0.00035198125,
      "iterations": 1299200
    },
    "required_literal_short": {
      "time_ns": 206.22161422708618,
      "time_ms": 0.0002062216142270862,
      "iterations": 1966390
    },
    "simd_alphanumeric_large": {
      "time_ns": 54.75396907216495,
      "time_ms": 0.000054753969072164944,
      "iterations": 8671800
    },
    "range_alphanumeric": {
      "time_ns": 41318.799,
      "time_ms": 0.041318798999999996,
      "iterations": 12000
    },
    "quantifier_zero_or_more": {
      "time_ns": 44.26327272727273,
      "time_ms": 0.000044263272727272724,
      "iterations": 11132000
    },
    "literal_prefix_medium": {
      "time_ns": 2908.477508650519,
      "time_ms": 0.0029084775086505193,
      "iterations": 165019
    },
    "complex_group_5_children": {
      "time_ns": 78.84227272727271,
      "time_ms": 0.00007884227272727272,
      "iterations": 6215000
    },
    "national_phone_validation": {
      "time_ns": 108399.6,
      "time_ms": 0.1083996,
      "iterations": 4550
    },
    "literal_match_short": {
      "time_ns": 306.78,
      "time_ms": 0.00030678,
      "iterations": 1562000
    },
    "is_match_digits": {
      "time_ns": 32.31521212121212,
      "time_ms": 0.00003231521212121212,
      "iterations": 15279000
    },
    "alternation_quantifiers": {
      "time_ns": 77579.2,
      "time_ms": 0.0775792,
      "iterations": 6375
    },
    "is_match_predefined_digits": {
      "time_ns": 15.83707627118644,
      "time_ms": 0.00001583707627118644,
      "iterations": 30680000
    },
    "predefined_digits": {
      "time_ns": 45.63628,
      "time_ms": 0.00004563628,
      "iterations": 10375000
    },
    "group_alternation": {
      "time_ns": 65.78005,
      "time_ms": 0.00006578005,
      "iterations": 7700000
    },
    "datetime_quantifiers": {
      "time_ns": 60140.24,
      "time_ms": 0.06014024,
      "iterations": 8100
    },
    "ultra_dense_quantifiers": {
      "time_ns": 57211.4,
      "time_ms": 0.0572114,
      "iterations": 8425
    },
    "group_quantified": {
      "time_ns": 66280.568,
      "time_ms": 0.066280568,
      "iterations": 9000
    },
    "deep_nested_groups_depth4": {
      "time_ns": 27.754379310344827,
      "time_ms": 0.000027754379310344824,
      "iterations": 16994000
    },
    "optimize_multiple_quantifiers": {
      "time_ns": 17050.54,
      "time_ms": 0.01705054,
      "iterations": 28600
    },
    "range_quantifiers": {
      "time_ns": 60314.915,
      "time_ms": 0.060314915,
      "iterations": 7400
    },
    "range_lowercase": {
      "time_ns": 54.96153846153846,
      "time_ms": 0.00005496153846153846,
      "iterations": 8099000
    },
    "alternation_common_prefix": {
      "time_ns": 2437.113846153846,
      "time_ms": 0.002437113846153846,
      "iterations": 199225
    },
    "dfa_digits_only": {
      "time_ns": 70127.33,
      "time_ms": 0.07012733,
      "iterations": 6000
    },
    "predefined_word": {
      "time_ns": 42344.1015,
      "time_ms": 0.0423441015,
      "iterations": 12000
    },
    "range_digits": {
      "time_ns": 56.894125,
      "time_ms": 0.000056894124999999996,
      "iterations": 8592000
    },
    "literal_prefix_long": {
      "time_ns": 23513.511363636364,
      "time_ms": 0.023513511363636365,
      "iterations": 17160
    },
    "is_match_lowercase": {
      "time_ns": 18.288183673469387,
      "time_ms": 0.000018288183673469387,
      "iterations": 26313000
    },
    "simd_alphanumeric_xlarge": {
      "time_ns": 60.470441176470594,
      "time_ms": 0.000060470441176470595,
      "iterations": 6936000
    },
    "dense_quantifiers": {
      "time_ns": 20509.37,
      "time_ms": 0.02050937,
      "iterations": 22700
    },
    "flexible_phone": {
      "time_ns": 212110.64,
      "time_ms": 0.21211064000000002,
      "iterations": 2300
    },
    "flexible_datetime": {
      "time_ns": 43372.04,
      "time_ms": 0.04337204,
      "iterations": 10900
    },
    "triple_quantifiers": {
      "time_ns": 13026.075,
      "time_ms": 0.013026075,
      "iterations": 34200
    },
    "complex_number_extraction": {
      "time_ns": 92682.005,
      "time_ms": 0.092682005,
      "iterations": 6000
    },
    "optimize_phone_quantifiers": {
      "time_ns": 52029.83666666667,
      "time_ms": 0.05202983666666666,
      "iterations": 9300
    },
    "optimize_large_quantifiers": {
      "time_ns": 12454.68,
      "time_ms": 0.012454680000000001,
      "iterations": 40200
    },
    "quantifier_one_or_more": {
      "time_ns": 61.59205,
      "time_ms": 0.00006159205,
      "iterations": 8100000
    },
    "optimize_extreme_quantifiers": {
      "time_ns": 291.5865,
      "time_ms": 0.00029158650000000004,
      "iterations": 1716000
    },
    "multi_format_phone": {
      "time_ns": 216736.8,
      "time_ms": 0.2167368,
      "iterations": 2000
    },
    "dfa_paren_phone": {
      "time_ns": 14360.44,
      "time_ms": 0.01436044,
      "iterations": 29900
    },
    "anchor_start": {
      "time_ns": 29.9425,
      "time_ms": 0.0000299425,
      "iterations": 16020000
    },
    "match_all_pattern": {
      "time_ns": 41454.535,
      "time_ms": 0.041454535,
      "iterations": 11400
    },
    "single_quantifier_digits": {
      "time_ns": 20047.92,
      "time_ms": 0.02004792,
      "iterations": 25000
    },
    "mixed_range_quantifiers": {
      "time_ns": 6257.506666666667,
      "time_ms": 0.006257506666666667,
      "iterations": 66075
    },
    "simd_multi_char_class": {
      "time_ns": 97.51449152542372,
      "time_ms": 0.00009751449152542373,
      "iterations": 4849800
    },
    "literal_prefix_short": {
      "time_ns": 254.71627408993575,
      "time_ms": 0.00025471627408993574,
      "iterations": 1611150
    },
    "simd_negated_alphanumeric": {
      "time_ns": 47.49254098360656,